default_code;name;nomen_manda_0.name;nomen_manda_1.name;nomen_manda_2.name;nomen_manda_3.name;type;subtype;asset_type_id.name;transport_ok;procure_method;supply_method;cost_method;standard_price;list_price;categ_id.name;international_status;state;active;volume;weight;weight_net;perishable;batch_management;uom_id.name;uom_po_id.name;life_time;short_shelf_life;use_time;alert_time;heat_sensitive_item;cold_chain;sterilized;single_use;dangerous_goods;justification_code_id.code;med_device_class;gmdn_code;gmdn_description;closed_article;criticism;abc_class;section_code_ids.code;section_code_ids.code;section_code_ids.code;section_code_ids.code;section_code_ids.code;section_code_ids.code;section_code_ids.code;section_code_ids.code;section_code_ids.code;supply_source_ids.source;supply_source_ids.source;supply_source_ids.source;supply_source_ids.source
XTRA0001---;Transpot by Air;SERVICE;Services;Transport;Other;Service with reception;;;1;Make to Order;Buy;Average Price;100;;Administrative;Local;Normal;Y;;;;;;;;;;;;;;no;no;; ;;;;;;;;;;;;;;;;Local;;;
XTRA0002---;Transpot by Sea;SERVICE;Services;Transport;Other;Service with reception;;;1;Make to Order;Buy;Average Price;100;;Administrative;Local;Normal;Y;;;;;;;;;;;;;;no;no;; ;;;;;;;;;;;;;;;;Local;;;
XTRA0003---;Transpot by Road;SERVICE;Services;Transport;Other;Service with reception;;;1;Make to Order;Buy;Average Price;100;;Administrative;Local;Normal;Y;;;;;;;;;;;;;;no;no;; ;;;;;;;;;;;;;;;;Local;;;
XTRA0004---;Transpot Express;SERVICE;Services;Transport;Other;Service with reception;;;1;Make to Order;Buy;Average Price;100;;Administrative;Local;Normal;Y;;;;;;;;;;;;;;no;no;; ;;;;;;;;;;;;;;;;Local;;;
ADAPCABL1S-;(computer) CABLE, SERIAL interface for two PC (fem/fem);LOG;Administration;Data processing;Cable, dataprocessing;Stockable Product;Single;;;Make to Order;Buy;Average Price;460;;Data processing;ITC;Normal;Y;;;;;;;;;;;;;;no;no;; ;;;;;;;;;;;;;;;;;;;
ADAPCABL2S-;(computer) CABLE, SERIAL interface PC/Mini-M, female/male;LOG;Administration;Data processing;Cable, dataprocessing;Stockable Product;Single;;;Make to Order;Buy;Average Price;430;;Data processing;ITC;Normal;Y;;;;;;;;;;;;;;no;no;; ;;;;;;;;;;;;;;;;;;;
ADAPCART02-;(printer Laserwriter ) CARTRIDGE INKING;LOG;Administration;Data processing;Cartridge;Stockable Product;Single;;;Make to Order;Buy;Average Price;180;;Data processing;ITC;Normal;Y;;;;;;;;;;;;;;no;no;; ;;;;;;;;;;;;;;;;;;;
ADAPCART150;(printer Diconix 150/180 Kodak) CARTRIDGE INKING HP516604A;LOG;Administration;Data processing;Cartridge;Stockable Product;Single;;;Make to Order;Buy;Average Price;220;;Data processing;ITC;Normal;Y;;;;;;;;;;;;;;no;no;; ;;;;;;;;;;;;;;;;;;;
ADAPCARTIBL;(printer, inkjet) INK CARTRIDGE, black (model to specify);LOG;Administration;Data processing;Cartridge;Stockable Product;Single;;;Make to Order;Buy;Average Price;27;;Data processing;ITC;Normal;Y;;;;;;;;;;;;;;no;no;; ;;;;;;;;;;;;;;;;;;;
ADAPCDWEIO-;CD WRITER, external, USB (Iomega);LOG;Administration;Data processing;Cartridge;Stockable Product;Single;;;Make to Order;Buy;Average Price;18;18;Data processing;ITC;Normal;Y;;;;;;;;;;;;;;no;no;; ;;;;;;;;;;;;;;;;;;;
ADAPCOLA---;COMPUTER, laptop, entry level;LOG;Administration;Data processing;Computer, Laptop;Stockable Product;Single;;;Make to Order;Buy;Average Price;410;;Data processing;ITC;Normal;Y;;;;;;;;;;;;;;no;no;; ;;;;;;;;;;;;;;;;;;;
ADAPCOLABAG;(laptop computer) CARRYING BAG;LOG;Administration;Data processing;Computer, Laptop;Stockable Product;Single;;;Make to Order;Buy;Average Price;21;;Data processing;ITC;Normal;Y;;;;;;;;;;;;;;no;no;; ;;;;;;;;;;;;;;;;;;;
ADAPCOLALOK;(laptop computer) LOCK, with key, Kensington slot;LOG;Administration;Data processing;Computer, Laptop;Stockable Product;Single;;;Make to Order;Buy;Average Price;47;;Data processing;ITC;Normal;Y;;;;;;;;;;;;;;no;no;; ;;;;;;;;;;;;;;;;;;;
ADAPCOLALON;(laptop computer) LOCK, with numbers, Kensington slot;LOG;Administration;Data processing;Computer, Laptop;Stockable Product;Single;;;Make to Order;Buy;Average Price;45;;Data processing;ITC;Normal;Y;;;;;;;;;;;;;;no;no;; ;;;;;;;;;;;;;;;;;;;
ADAPCOLAPOW;(laptop computer) AC POWER ADAPTOR (model to specify);LOG;Administration;Data processing;Computer, Laptop;Stockable Product;Single;;;Make to Order;Buy;Average Price;45;;Data processing;ITC;Normal;Y;;;;;;;;;;;;;;no;no;; ;;;;;;;;;;;;;;;;;;;
ADAPCOTO100;COMPUTER, port. Toshiba T1000LE  + hard disk, bag, charger;LOG;Administration;Data processing;Computer Toshiba;Stockable Product;Single;;;Make to Order;Buy;Average Price;480;;Data processing;ITC;Normal;Y;;;;;;;;;;;;;;no;no;; ;;;;;;;;;;;;;;;;;;;
ADAPCOTO180;COMPUTER, port. Toshiba T1800/50  386SX, 60Mb, bag, charger;LOG;Administration;Data processing;Computer Toshiba;Stockable Product;Single;;;Make to Order;Buy;Average Price;430;;Data processing;ITC;Normal;Y;;;;;;;;;;;;;;no;no;; ;;;;;;;;;;;;;;;;;;;
ADAPCOTO18T;(computer, T1800/1850) TRANSF./ADAPT.100-240/15 V. PA2409;LOG;Administration;Data processing;Computer Toshiba;Stockable Product;Single;;;Make to Order;Buy;Average Price;16;;Data processing;ITC;Normal;Y;;;;;;;;;;;;;;no;no;; ;;;;;;;;;;;;;;;;;;;
ADAPCOTO190;COMPUT. port. Toshiba T1910 486SX + hard disk, bag, charg.;LOG;Administration;Data processing;Computer Toshiba;Stockable Product;Single;;;Make to Order;Buy;Average Price;380;;Data processing;ITC;Normal;Y;;;;;;;;;;;;;;no;no;; ;;;;;;;;;;;;;;;;;;;
ADAPCOTO2CS;COMPUTER, port. Toshiba T220CS, P133/16 Mb, 1.36 Gb HDD,+bag;LOG;Administration;Data processing;Computer Toshiba;Stockable Product;Single;;;Make to Order;Buy;Average Price;415;;Data processing;ITC;Normal;Y;15;;;;;;;;;;;;;no;no;; ;;;;;;;;;;;;;;;;;;;
ADAPKBDA2PS;KEYBOARD, AZERTY, external, PS/2;LOG;Administration;Data processing;Keyboard AZERTY;Stockable Product;Single;;;Make to Order;Buy;Average Price;19;;Data processing;ITC;Normal;Y;;;;;;;;;;;;;;no;no;; ;;;;;;;;;;;;;;;;;;;
ADAPKBDAUSB;KEYBOARD, AZERTY, external, USB;LOG;Administration;Data processing;Keyboard AZERTY;Stockable Product;Single;;;Make to Order;Buy;Average Price;24;;Data processing;ITC;Normal;Y;;;;;;;;;;;;;;no;no;; ;;;;;;;;;;;;;;;;;;;
ADAPMODE56-;MODEM, external (U.S.Robotics 56K), CCITT standard;LOG;Administration;Data processing;Modem;Stockable Product;Single;;;Make to Order;Buy;Average Price;59;59;Data processing;ITC;Normal;Y;;;;;;;;;;;;;;no;no;; ;;;;;;;;;;;;;;;;;;;
ADAPMOUSOPS;MOUSE, optical, PS2 port;LOG;Administration;Data processing;Modem;Stockable Product;Single;;;Make to Order;Buy;Average Price;11;;Data processing;ITC;Normal;Y;;;;;;;;;;;;;;no;no;; ;;;;;;;;;;;;;;;;;;;
ADAPPRIN200;PRINTER, Canon BJ200 , inkjet, sheetfeeder;LOG;Administration;Data processing;Printer;Stockable Product;Single;;;Make to Order;Buy;Average Price;240;;Data processing;ITC;Normal;Y;;;;;;;;;;;;;;no;no;; ;;;;;;;;;;;;;;;;;;;
ADAPPRIN250;PRINTER, Canon BJC-250, inkjet, sheetfeeder;LOG;Administration;Data processing;Printer;Stockable Product;Single;;;Make to Order;Buy;Average Price;210;;Data processing;ITC;Normal;Y;;;;;;;;;;;;;;no;no;; ;;;;;;;;;;;;;;;;;;;
ADAPPRIN25T;(printer BJC250)TRANSF./ADAPTOR 230/13.5V., K30081;LOG;Administration;Data processing;Printer;Stockable Product;Single;;;Make to Order;Buy;Average Price;27;;Data processing;ITC;Normal;Y;;;;;;;;;;;;;;no;no;; ;;;;;;;;;;;;;;;;;;;
ADAPPRIN93T;(printer HP930C) TRANSF./ADAPTOR 230V;LOG;Administration;Data processing;Printer;Stockable Product;Single;;;Make to Order;Buy;Average Price;27;;Data processing;ITC;Normal;Y;;;;;;;;;;;;;;no;no;; ;;;;;;;;;;;;;;;;;;;
ADAPPRINL--;PRINTER, laser, A4, monochrome;LOG;Administration;Data processing;Printer;Stockable Product;Single;;;Make to Order;Buy;Average Price;280;;Data processing;ITC;Normal;Y;;;;;;;;;;;;;;no;no;; ;;;;;;;;;;;;;;;;;;;
ADAPPRINPOW;(printer) AC POWER ADAPTOR (model to specify);LOG;Administration;Data processing;Printer;Stockable Product;Single;;;Make to Order;Buy;Average Price;21;;Data processing;ITC;Normal;Y;;;;;;;;;;;;;;no;no;; ;;;;;;;;;;;;;;;;;;;
ADAPPRINSB2;(printer) SWITCH BOX passive, 2 outlets to 1 printer;LOG;Administration;Data processing;Printer;Stockable Product;Single;;;Make to Order;Buy;Average Price;7;;Data processing;ITC;Normal;Y;;;;;;;;;;;;;;no;no;; ;;;;;;;;;;;;;;;;;;;
ADAPPRINSB4;(printer) SWITCH BOX passive, 4 outlets to 1 printer;LOG;Administration;Data processing;Printer;Stockable Product;Single;;;Make to Order;Buy;Average Price;8;;Data processing;ITC;Normal;Y;;;;;;;;;;;;;;no;no;; ;;;;;;;;;;;;;;;;;;;
ADAPSCRE17C;SCREEN, external, 17', CRT;LOG;Administration;Data processing;Screen - Monitor;Stockable Product;Single;;;Make to Order;Buy;Average Price;110;;Data processing;ITC;Normal;Y;;;;;;;;;;;;;;no;no;; ;;;;;;;;;;;;;;;;;;;
ADAPSOFT1LE;SOFTWARE, LOGISTIX + English user manual;LOG;Administration;Data processing;Software;Stockable Product;Single;;;Make to Order;Buy;Average Price;;;Data processing;ITC;Normal;Y;;;;;;;;;;;;;;no;no;; ;;;;;;;;;;;;;;;;;;;
ADAPSOFT1LF;SOFTWARE, LOGISTIX + French user manual;LOG;Administration;Data processing;Software;Stockable Product;Single;;;Make to Order;Buy;Average Price;;;Data processing;ITC;Normal;Y;;;;;;;;;;;;;;no;no;; ;;;;;;;;;;;;;;;;;;;
ADAPSOFT1LS;SOFTWARE, LOGISTIX + Spanish user manual;LOG;Administration;Data processing;Software;Stockable Product;Single;;;Make to Order;Buy;Average Price;;;Data processing;ITC;Normal;Y;;;;;;;;;;;;;;no;no;; ;;;;;;;;;;;;;;;;;;;
ADAPSWIT02-;(printer) SWITCH BOX passive + cables 2 PC to 1 printer;LOG;Administration;Data processing;Switch;Stockable Product;Single;;;Make to Order;Buy;Average Price;;;Data processing;ITC;Normal;Y;;;;;;;;;;;;;;no;no;; ;;;;;;;;;;;;;;;;;;;
AFOOBEEF4TB;BEEF, bourguignon, 400 g, tin;LOG;Administration;FOOD FOR MSF STAFF;Beef;Non-Stockable;;;;Make to Order;Buy;Average Price;7;;FOOD FOR MSF STAFF;ITC;Normal;Y;;;;;;;;;;;;;;no;no;; ;;;;;;;;;;;;;;;;;;;
AFOOBEEF4TC;BEEF, with carots, 400 g, tin;LOG;Administration;FOOD FOR MSF STAFF;Beef;Non-Stockable;;;;Make to Order;Buy;Average Price;8;;FOOD FOR MSF STAFF;ITC;Normal;Y;;;;;;;;;;;;;;no;no;; ;;;;;;;;;;;;;;;;;;;
AFOOCASS1TD;CASSOULET, duck, 1 kg, tin;LOG;Administration;FOOD FOR MSF STAFF;Cassoulet;Non-Stockable;;;;Make to Order;Buy;Average Price;8;;FOOD FOR MSF STAFF;ITC;Normal;Y;;;;;;;;;;;;;;no;no;; ;;;;;;;;;;;;;;;;;;;
AFOOCASS4TD;CASSOULET, duck, 420 g, tin;LOG;Administration;FOOD FOR MSF STAFF;Cassoulet;Non-Stockable;;;;Make to Order;Buy;Average Price;6;;FOOD FOR MSF STAFF;ITC;Normal;Y;;;;;;;;;;;;;;no;no;; ;;;;;;;;;;;;;;;;;;;
AFOOCOFF2--;COFFEE, monodose, waterproof sachet;LOG;Administration;FOOD FOR MSF STAFF;Coffe;Non-Stockable;;;;Make to Order;Buy;Average Price;9;;FOOD FOR MSF STAFF;ITC;Normal;Y;;;;;;;;;;;;;;no;no;; ;;;;;;;;;;;;;;;;;;;
AFOOCOFF2S-;COFFEE + SUGAR, monodose, waterproof sachet;LOG;Administration;FOOD FOR MSF STAFF;Coffe;Non-Stockable;;;;Make to Order;Buy;Average Price;8;;FOOD FOR MSF STAFF;ITC;Normal;Y;;;;;;;;;;;;;;no;no;; ;;;;;;;;;;;;;;;;;;;
AFOODRYML1;INDIVIDUAL MEAL, freeze-dried, without pork, sachet;LOG;Administration;FOOD FOR MSF STAFF;dehydrated meal;Non-Stockable;;;;Make to Order;Buy;Average Price;6;;FOOD FOR MSF STAFF;ITC;Normal;Y;;;;;;;;;;;;;;no;no;; ;;;;;;;;;;;;;;;;;;;
AFOODRYML1-;INDIVIDUAL MEAL, freeze-dried, without pork, sachet;LOG;Administration;FOOD FOR MSF STAFF;dehydrated meal;Non-Stockable;;;;Make to Order;Buy;Average Price;6;;FOOD FOR MSF STAFF;ITC;Normal;Y;;;;;;;;;;;;;;no;no;; ;;;;;;;;;;;;;;;;;;;
AFOODUCK1TC;DUCK, confit, 1kg, tin;LOG;Administration;FOOD FOR MSF STAFF;Duck;Non-Stockable;;;;Make to Order;Buy;Average Price;;;FOOD FOR MSF STAFF;ITC;Normal;Y;;;;;;;;;;;;;;no;no;; ;;;;;;;;;;;;;;;;;;;
AFOODUCK4TS;DUCK, saute, 400 g, tin;LOG;Administration;FOOD FOR MSF STAFF;Duck;Non-Stockable;;;;Make to Order;Buy;Average Price;;;FOOD FOR MSF STAFF;ITC;Normal;Y;;;;;;;;;;;;;;no;no;; ;;;;;;;;;;;;;;;;;;;
AFOOFRUI5SF;FRUITS DRY, FIGS, 500 g, sachet;LOG;Administration;FOOD FOR MSF STAFF;Fruit;Non-Stockable;;;;Make to Order;Buy;Average Price;;;FOOD FOR MSF STAFF;ITC;Normal;Y;;;;;;;;;;;;;;no;no;; ;;;;;;;;;;;;;;;;;;;
AFOOSPIN4T-;SPINATCH, 400 g, tin;LOG;Administration;FOOD FOR MSF STAFF;Spinatch;Non-Stockable;;;;Make to Order;Buy;Average Price;;;FOOD FOR MSF STAFF;ITC;Normal;Y;;;;;;;;;;;;;;no;no;; ;;;;;;;;;;;;;;;;;;;
AFOOSUGA2S-;SUGAR, powder, monodose, waterproof sachet;LOG;Administration;FOOD FOR MSF STAFF;Sugar;Non-Stockable;;;;Make to Order;Buy;Average Price;;;FOOD FOR MSF STAFF;ITC;Normal;Y;;;;;;;;;;;;;;no;no;; ;;;;;;;;;;;;;;;;;;;
AFOOTABO7T-;TABOULE, 750 g , tin;LOG;Administration;FOOD FOR MSF STAFF;Taboule;Non-Stockable;;;;Make to Order;Buy;Average Price;;;FOOD FOR MSF STAFF;ITC;Normal;Y;;;;;;;;;;;;;;no;no;; ;;;;;;;;;;;;;;;;;;;
AFOOTEAS2--;TEA, monodose, waterproof sachet;LOG;Administration;FOOD FOR MSF STAFF;Tea;Non-Stockable;;;;Make to Order;Buy;Average Price;;;FOOD FOR MSF STAFF;ITC;Normal;Y;;;;;;;;;;;;;;no;no;; ;;;;;;;;;;;;;;;;;;;
AFOOTEAS2S-;TEA + SUGAR, monodose, waterproof sachet;LOG;Administration;FOOD FOR MSF STAFF;Tea;Non-Stockable;;;;Make to Order;Buy;Average Price;;;FOOD FOR MSF STAFF;ITC;Normal;Y;;;;;;;;;;;;;;no;no;; ;;;;;;;;;;;;;;;;;;;
AFURBEDR1D-;BED, RIGID FRAME, for dispensary;LOG;Administration;Furnitures;Bed, Rigid;Stockable Product;Single;;;Make to Order;Buy;Average Price;;;Furnitures;ITC;Normal;Y;;;;;;;;;;;;;;no;no;; ;;;;;;;;;;;;;;;;;;;
AFURCHAIF--;CHAIR, folding, basic;LOG;Administration;Furnitures;Chair;Stockable Product;Single;;;Make to Order;Buy;Average Price;;;Furnitures;ITC;Normal;Y;;6;;;;;;;;;;;;no;no;; ;;;;;;;;;;;;;;;;;;;
AFURCHAIRO-;CHAIR, office, adjustable height, wheeled;LOG;Administration;Furnitures;Chair;Stockable Product;Single;;;Make to Order;Buy;Average Price;;;Furnitures;ITC;Normal;Y;;;;;;;;;;;;;;no;no;; ;;;;;;;;;;;;;;;;;;;
AFURCUPB1W4;CUPBOARD, WOODEN, 2 doors, w: 150 , d: 40, h: 100 cm;LOG;Administration;Furnitures;Cupboard;Stockable Product;Single;;;Make to Order;Buy;Average Price;;;Furnitures;ITC;Normal;Y;;;;;;;;;;;;;;no;no;; ;;;;;;;;;;;;;;;;;;;
AFURCUPB1W6;CUPBOARD, WOODEN, 2 doors, w: 150 , d: 60, h: 190 cm;LOG;Administration;Furnitures;Cupboard;Stockable Product;Single;;;Make to Order;Buy;Average Price;;;Furnitures;ITC;Normal;Y;;;;;;;;;;;;;;no;no;; ;;;;;;;;;;;;;;;;;;;
AFURCUPBW10;CUPBOARD, wooden, 100 x 150 x 40 cm (HxWxD);LOG;Administration;Furnitures;Cupboard;Stockable Product;Single;;;Make to Order;Buy;Average Price;;;Furnitures;ITC;Normal;Y;;;;;;;;;;;;;;no;no;; ;;;;;;;;;;;;;;;;;;;
AFURCUPBW19;CUPBOARD, wooden, 190 x 150 x 60 cm (HxWxD);LOG;Administration;Furnitures;Cupboard;Stockable Product;Single;;;Make to Order;Buy;Average Price;;;Furnitures;ITC;Normal;Y;;;;;;;;;;;;;;no;no;; ;;;;;;;;;;;;;;;;;;;
AFURSHEL2W5;SHELVES, WOODEN, 5 plates, h : 200, d : 50, w : 150 cm;LOG;Administration;Furnitures;Shelve;Stockable Product;Single;;;Make to Order;Buy;Average Price;;;Furnitures;ITC;Normal;Y;;;;;;;;;;;;;;no;no;; ;;;;;;;;;;;;;;;;;;;
AFURSHELG5-;SHELVES, galvanized, 5 plates, 200 x 100 x 50 cm (HxWxD);LOG;Administration;Furnitures;Shelve;Stockable Product;Single;;;Make to Order;Buy;Average Price;;;Furnitures;ITC;Normal;Y;;;;;;;;;;;;;;no;no;; ;;;;;;;;;;;;;;;;;;;
AFURSHELW4-;SHELVES, wooden, 4 plates, 150 x 100 x 40 cm (HxWxD);LOG;Administration;Furnitures;Shelve;Stockable Product;Single;;;Make to Order;Buy;Average Price;;;Furnitures;ITC;Normal;Y;;;;;;;;;;;;;;no;no;; ;;;;;;;;;;;;;;;;;;;
AFURSHELW5-;SHELVES, wooden, 5 plates, 200 x 150 x 50 cm (HxWxD);LOG;Administration;Furnitures;Shelve;Stockable Product;Single;;;Make to Order;Buy;Average Price;;;Furnitures;ITC;Normal;Y;;;;;;;;;;;;;;no;no;; ;;;;;;;;;;;;;;;;;;;
ALIFBACKCF-;BACKPACK CARRYING FRAME, aluminium, with straps;LOG;Administration;Team life;back-pack;Stockable Product;Single;;;Make to Order;Buy;Average Price;;;Team life;ITC;Normal;Y;;;;;;;;;;;;;;no;no;; ;;;;;;;;;;;;;;;;;;;
ALIFBACKW--;BACKPACK, waterproof, heavy duty;LOG;Administration;Team life;back-pack;Stockable Product;Single;;;Make to Order;Buy;Average Price;;;Team life;ITC;Normal;Y;;;;;;;;;;;;;;no;no;; ;;;;;;;;;;;;;;;;;;;
ALIFBINR12S;BIN RUBBISH, stainless steel, 12 litres;LOG;Administration;Team life;Bin, Rubbish;Stockable Product;Single;;;Make to Order;Buy;Average Price;;;Team life;ITC;Normal;Y;;;;;;;;;;;;;;no;no;; ;;;;;;;;;;;;;;;;;;;
ALIFBINR1S-;GARBAGE STAND, 100 l + cover (Artex);LOG;Administration;Team life;Bin, Rubbish;Stockable Product;Single;;;Make to Order;Buy;Average Price;;;Team life;ITC;Normal;Y;;;;;;;;;;;;;;no;no;; ;;;;;;;;;;;;;;;;;;;
ALIFBOOL45-;BOOTS, leather, lined, pair, size 45;LOG;Administration;Team life;Leather boots;Stockable Product;Single;;;Make to Order;Buy;Average Price;;;Team life;ITC;Normal;Y;;;;;;;;;;;;;;no;no;; ;;;;;;;;;;;;;;;;;;;
ALIFBOOR1--;BOOT REMOVER;LOG;Administration;Team life;RUBBER BOOTS;Stockable Product;Single;;;Make to Order;Buy;Average Price;;;Team life;ITC;Normal;Y;;;;;;;;;;;;;;no;no;; ;;;;;;;;;;;;;;;;;;;
ALIFBOOR37-;BOOTS, rubber, pair, size 37;LOG;Administration;Team life;RUBBER BOOTS;Stockable Product;Single;;;Make to Order;Buy;Average Price;;;Team life;ITC;Normal;Y;1;;;;;;;;;;;;;no;no;; ;;;;;;;;;;;;;;;;;;;
ALIFBOOTR1-;BOOT REMOVER;LOG;Administration;Team life;Boots;Stockable Product;Single;;;Make to Order;Buy;Average Price;;;Team life;ITC;Normal;Y;;;;;;;;;;;;;;no;no;; ;;;;;;;;;;;;;;;;;;;
ALIFBOOW45R;BOOTS, white colour, rubber, size (F) : 45 (pair);LOG;Administration;Team life;Boots, white colour;Stockable Product;Single;;;Make to Order;Buy;Average Price;;;Team life;ITC;Normal;Y;;;;;;;;;;;;;;no;no;; ;;;;;;;;;;;;;;;;;;;
ALIFBOTI2P-;BOTTLE, ISOTHERMAL, 2 litres, fountain type with pump;LOG;Administration;Team life;GOURD, aluminium;Stockable Product;Single;;;Make to Order;Buy;Average Price;;;Team life;ITC;Normal;Y;;;;;;;;;;;;;;no;no;; ;;;;;;;;;;;;;;;;;;;
ALIFBOTLA1-;BOTTLE, 1 litre, aluminium;LOG;Administration;Team life;GOURD, aluminium;Stockable Product;Single;;;Make to Order;Buy;Average Price;;;Team life;ITC;Normal;Y;;;;;;;;;;;;;;no;no;; ;;;;;;;;;;;;;;;;;;;
ALIFBUCK1F-;BUCKET, 10 l, foldable;LOG;Administration;Team life;Bucket;Stockable Product;Single;;;Make to Order;Buy;Average Price;;;Team life;ITC;Normal;Y;;;;;;;;;;;;;;no;no;; ;;;;;;;;;;;;;;;;;;;
ALIFBUCK7RP;BUCKET, 7 l, plastic, rectangular;LOG;Administration;Team life;Bucket;Stockable Product;Single;;;Make to Order;Buy;Average Price;;;Team life;ITC;Normal;Y;;;;;;;;;;;;;;no;no;; ;;;;;;;;;;;;;;;;;;;
ALIFCOLAFLE;COLLAR, protection against fleas, one size;LOG;Administration;Team life;colar;Stockable Product;Single;;;Make to Order;Buy;Average Price;;;Team life;ITC;Normal;Y;;;;;;;;;;;;;;no;no;; ;;;;;;;;;;;;;;;;;;;
ALIFCOOKE40;COOKER, electrical, 4 plates + oven, 5000 W;LOG;Administration;Team life;COOKER;Stockable Product;Single;;;Make to Order;Buy;Average Price;;;Team life;ITC;Normal;Y;;;;;;;;;;;;;;no;no;; ;;;;;;;;;;;;;;;;;;;
ALIFCREA2S-;CREAM, SOLAR, protection 25, tube;LOG;Administration;Team life;Cream;Stockable Product;Single;;;Make to Order;Buy;Average Price;;;Team life;ITC;Normal;Y;;;;;;;;;;;;;;no;no;; ;;;;;;;;;;;;;;;;;;;
ALIFHATL1--;HAT, lined, for cold countries;LOG;Administration;Team life;Hat, Lined;Stockable Product;Single;;;Make to Order;Buy;Average Price;;;Team life;ITC;Normal;Y;;;;;;;;;;;;;;no;no;; ;;;;;;;;;;;;;;;;;;;
ALIFHATL1L-;HAT, LINED, for cold countries, size L;LOG;Administration;Team life;Hat, Lined;Stockable Product;Single;;;Make to Order;Buy;Average Price;;;Team life;ITC;Normal;Y;;;;;;;;;;;;;;no;no;; ;;;;;;;;;;;;;;;;;;;
ALIFHATL1M-;HAT, LINED, for cold countries, size M;LOG;Administration;Team life;Hat, Lined;Stockable Product;Single;;;Make to Order;Buy;Average Price;;;Team life;ITC;Normal;Y;;;;;;;;;;;;;;no;no;; ;;;;;;;;;;;;;;;;;;;
ALIFHATS1--;HAT, SUN, light;LOG;Administration;Team life;Hat, Lined;Stockable Product;Single;;;Make to Order;Buy;Average Price;;;Team life;ITC;Normal;Y;;;;;;;;;;;;;;no;no;; ;;;;;;;;;;;;;;;;;;;
ALIFLIGH1G-;LIGHTER, gas, disposable;LOG;Administration;Team life;Lighter;Stockable Product;Single;;;Make to Order;Buy;Average Price;;;Team life;ITC;Normal;Y;;;;;;;;;;;;;;no;no;; ;;;;;;;;;;;;;;;;;;;
ALIFLIGH2S-;FIRELIGHTER, solid fuel, box;LOG;Administration;Team life;Lighter;Stockable Product;Single;;;Make to Order;Buy;Average Price;;;Team life;ITC;Normal;Y;;;;;;;;;;;;;;no;no;; ;;;;;;;;;;;;;;;;;;;
ALIFLIGT2--;LIGHTER, solid fuel, box;LOG;Administration;Team life;Lighter;Stockable Product;Single;;;Make to Order;Buy;Average Price;;;Team life;ITC;Normal;Y;;;;;;;;;;;;;;no;no;; ;;;;;;;;;;;;;;;;;;;
ALIFLOGFLIB;LOGUETTE IN BLACK, female, for desperate measures;LOG;Administration;Team life;LOGISTICIAN, FEMALE;Stockable Product;Single;;;Make to Order;Buy;Average Price;;;Team life;ITC;Normal;Y;;;;;;;;;;;;;;no;no;; ;;;;;;;;;;;;;;;;;;;
ALIFLOGMLIB;LOG IN BLACK, male, for desperate measures;LOG;Administration;Team life;Logistician, Male;Stockable Product;Single;;;Make to Order;Buy;Average Price;;;Team life;ITC;Normal;Y;;;;;;;;;;;;;;no;no;; ;;;;;;;;;;;;;;;;;;;
ALIFMATT1LM;MATTRESS, insulating, 150 x 48 x 1 cm;LOG;Administration;Team life;Mattress;Stockable Product;Single;;;Make to Order;Buy;Average Price;;;Team life;ITC;Normal;Y;;;;;;;;;;;;;;no;no;; ;;;;;;;;;;;;;;;;;;;
ALIFMETH1T-;METHYLATED, tablets;LOG;Administration;Team life;Methanol;Stockable Product;Single;;;Make to Order;Buy;Average Price;;;Team life;ITC;Normal;Y;;;;;;;;;;;;;;no;no;; ;;;;;;;;;;;;;;;;;;;
ALIFSHEE2B-;SHEET, for twin bed, cotton, pair;LOG;Administration;Team life;Sheet;Stockable Product;Single;;;Make to Order;Buy;Average Price;;;Team life;ITC;Normal;Y;;;;;;;;;;;;;;no;no;; ;;;;;;;;;;;;;;;;;;;
ALIFSOAP1M-;SOAP, Marseille, 100 g;LOG;Administration;Team life;Soap;Stockable Product;Single;;;Make to Order;Buy;Average Price;;;Team life;ITC;Normal;Y;;;;;;;;;;;;;;no;no;; ;;;;;;;;;;;;;;;;;;;
ALIFSTOV1E2;STOVE, electrical, 1500 W;LOG;Administration;Team life;STOVE;Stockable Product;Single;;;Make to Order;Buy;Average Price;;;Team life;ITC;Normal;Y;;;;;;;;;;;;;;no;no;; ;;;;;;;;;;;;;;;;;;;
ALIFSTOV1KW;STOVE, kerosene, with wick;LOG;Administration;Team life;STOVE;Stockable Product;Single;;;Make to Order;Buy;Average Price;;;Team life;ITC;Normal;Y;;;;;;;;;;;;;;no;no;; ;;;;;;;;;;;;;;;;;;;
ALIFSTOVSA-;STOVE, solid alcohol fuel + 20 refills;LOG;Administration;Team life;STOVE;Stockable Product;Single;;;Make to Order;Buy;Average Price;;;Team life;ITC;Normal;Y;;;;;;;;;;;;;;no;no;; ;;;;;;;;;;;;;;;;;;;
ALIFSTOVSAT;ALCOHOL, SOLID-FUEL, tablets;LOG;Administration;Team life;STOVE;Stockable Product;Single;;;Make to Order;Buy;Average Price;;;Team life;ITC;Normal;Y;;;;;;;;;;;;;;no;no;; ;;;;;;;;;;;;;;;;;;;
ALIFSUNG1--;SUNGLASSES;LOG;Administration;Team life;SUN GLASS;Stockable Product;Single;;;Make to Order;Buy;Average Price;;;Team life;ITC;Normal;Y;;;;;;;;;;;;;;no;no;; ;;;;;;;;;;;;;;;;;;;
ALIFTEES2L-;TEE-SHIRT (Damart), long sleeves, size L;LOG;Administration;Team life;Tee Shirt;Stockable Product;Single;;;Make to Order;Buy;Average Price;6;;Team life;ITC;Normal;Y;;;;;;;;;;;;;;no;no;; ;;;;;;;;;;;;;;;;;;;
ALIFTEES2M-;TEE-SHIRT (Damart), long sleeves, size M;LOG;Administration;Team life;Tee Shirt;Stockable Product;Single;;;Make to Order;Buy;Average Price;5;;Team life;ITC;Normal;Y;;;;;;;;;;;;;;no;no;; ;;;;;;;;;;;;;;;;;;;
ALIFTEES2XL;TEE-SHIRT (Damart), long sleeves, size XL;LOG;Administration;Team life;Tee Shirt;Stockable Product;Single;;;Make to Order;Buy;Average Price;7;;Team life;ITC;Normal;Y;;;;;;;;;;;;;;no;no;; ;;;;;;;;;;;;;;;;;;;
ALIFTOWEC--;TOWEL, compact, 100% viscose, 150 x 110 cm;LOG;Administration;Team life;Towel;Stockable Product;Single;;;Make to Order;Buy;Average Price;4;;Team life;ITC;Normal;Y;;;;;;;;;;;;;;no;no;; ;;;;;;;;;;;;;;;;;;;
ALIFVEST3LL;VEST, polyester/cotton, polyester lined, size L;LOG;Administration;Team life;Vest;Stockable Product;Single;;;Make to Order;Buy;Average Price;28;;Team life;ITC;Normal;Y;;;;;;;;;;;;;;no;no;; ;;;;;;;;;;;;;;;;;;;
ALIFVEST3LM;VEST, polyester/cotton, polyester lined, size M;LOG;Administration;Team life;Vest;Stockable Product;Single;;;Make to Order;Buy;Average Price;28;;Team life;ITC;Normal;Y;;;;;;;;;;;;;;no;no;; ;;;;;;;;;;;;;;;;;;;
ALIFVEST3LX;VEST, polyester/cotton, polyester lined, size XL;LOG;Administration;Team life;Vest;Stockable Product;Single;;;Make to Order;Buy;Average Price;28;;Team life;ITC;Normal;Y;;;;;;;;;;;;;;no;no;; ;;;;;;;;;;;;;;;;;;;
AOFFCALC38T;(calculator, printing, 38 & 57 mm) TRANSF./ADAPTOR;LOG;Administration;Office equipment;Calculator;Stockable Product;Single;;;Make to Stock;Buy;Average Price;;;Office equipment;ITC;Normal;Y;;;;;;;;;;;;;;no;no;; ;;;;;;;;;;;;;;;;;;;
AOFFCALC57-;CALCULATOR, printing, roll 57 mm, AC or battery-powered;LOG;Administration;Office equipment;Calculator;Stockable Product;Single;;;Make to Stock;Buy;Average Price;;;Office equipment;ITC;Normal;Y;;;;;;;;;;;;;;no;no;; ;;;;;;;;;;;;;;;;;;;
AOFFCALC57T;(calculator, printing, 57 mm) AC/DC ADAPTER;LOG;Administration;Office equipment;Calculator;Stockable Product;Single;;;Make to Stock;Buy;Average Price;;;Office equipment;ITC;Normal;Y;;;;;;;;;;;;;;no;no;; ;;;;;;;;;;;;;;;;;;;
AOFFCAMEDW-;CAMERA, digital, waterproof + case and accessories;LOG;Administration;Office equipment;Camera;Stockable Product;Single;;;Make to Order;Buy;Average Price;;;Office equipment;ITC;Normal;Y;;;;;;;;;;;;;;no;no;; ;;;;;;;;;;;;;;;;;;;
AOFFDUPL1--;DUPLICATOR, digital;LOG;Administration;Office equipment;duplicator;Stockable Product;Single;;;Make to Order;Buy;Average Price;;;Office equipment;ITC;Normal;Y;;;;;;;;;;;;;;no;no;; ;;;;;;;;;;;;;;;;;;;
AOFFDUPL2--;DUPLICATOR, A4/A3, digital;LOG;Administration;Office equipment;duplicator;Stockable Product;Single;;;Make to Order;Buy;Average Price;;;Office equipment;ITC;Normal;Y;;14;;;;;;;;;;;;no;no;; ;;;;;;;;;;;;;;;;;;;
AOFFDUPL2IB;(duplicator RISO RZ370) INK, black, 2 bottles S-4253E;LOG;Administration;Office equipment;duplicator;Stockable Product;Single;;;Make to Order;Buy;Average Price;;;Office equipment;ITC;Normal;Y;;;;;;;;;;;;;;no;no;; ;;;;;;;;;;;;;;;;;;;
AOFFDUPL2M-;(duplicator RISO RZ370) 2 MASTERS S-4363;LOG;Administration;Office equipment;duplicator;Stockable Product;Single;;;Make to Order;Buy;Average Price;;;Office equipment;ITC;Normal;Y;;;;;;;;;;;;;;no;no;; ;;;;;;;;;;;;;;;;;;;
AOFFDUPL2PU;(duplicator RISO RZ370) P.U. ROLLER + SEPARATOR TAB;LOG;Administration;Office equipment;duplicator;Stockable Product;Single;;;Make to Order;Buy;Average Price;;;Office equipment;ITC;Normal;Y;;;;;;;;;;;;;;no;no;; ;;;;;;;;;;;;;;;;;;;
AOFFPHOT02-;PHOTOCOPYING MACHINE, 'Canon FC2 ';LOG;Administration;Office equipment;Photocopy Machine;Stockable Product;Asset;IT;;Make to Order;Buy;Average Price;;;Office equipment;ITC;Normal;Y;9;15;;;;;;;;;;;;no;no;; ;;;;;;;;;;;;;;;;;;;
AOFFPHOT06-;PHOTOCOPYING MACHINE, 'Canon PC6 ';LOG;Administration;Office equipment;Photocopy Machine;Stockable Product;Asset;IT;;Make to Order;Buy;Average Price;;;Office equipment;ITC;Normal;Y;;26;;;;;;;;;;;;no;no;; ;;;;;;;;;;;;;;;;;;;
AOFFPHOT07-;PHOTOCOPYING MACHINE, 'Canon PC7 ';LOG;Administration;Office equipment;Photocopy Machine;Stockable Product;Asset;IT;;Make to Order;Buy;Average Price;;;Office equipment;ITC;Normal;Y;;26;;;;;;;;;;;;no;no;; ;;;;;;;;;;;;;;;;;;;
AOFFPHOT11-;PHOTOCOPYING MACHINE, 'Canon PC11 ';LOG;Administration;Office equipment;Photocopy Machine;Stockable Product;Asset;IT;;Make to Order;Buy;Average Price;;;Office equipment;ITC;Normal;Y;;;;;;;;;;;;;;no;no;; ;;;;;;;;;;;;;;;;;;;
AOFFPHOT16-;PHOTOCOPYING MACHINE, 'Canon NP6016', 200 copies/day;LOG;Administration;Office equipment;Photocopy Machine;Stockable Product;Asset;IT;;Make to Order;Buy;Average Price;;;Office equipment;ITC;Normal;Y;13;47;;;;;;;;;;;;no;no;; ;;;;;;;;;;;;;;;;;;;
AOFFPHOT20C;(copier Canon 1610F) TONER CARTRIDGE, C-EXV5;LOG;Administration;Office equipment;Photocopy Machine;Stockable Product;Single;;;Make to Order;Buy;Average Price;;;Office equipment;ITC;Normal;Y;;;;;;;;;;;;;;no;no;;18 J(A);;;;;;;;;;;;;;;;;;;
AOFFPHOTLCD;(large copier Canon IR2020) PHOTOCONDUCTOR DRUM, CEXV14D;LOG;Administration;Office equipment;Photocopy Machine;Stockable Product;Single;;;Make to Order;Buy;Average Price;;;Office equipment;ITC;Normal;Y;5;;;;;;;;;;;;;no;no;; ;;;;;;;;;;;;;;;;;;;
AOFFPHOTLCT;(large copier Canon IR2020) 2 TONER CARTRIDGES, CEXV14T;LOG;Administration;Office equipment;Photocopy Machine;Stockable Product;Single;;;Make to Order;Buy;Average Price;;;Office equipment;ITC;Normal;Y;;;;;;;;;;;;;;no;no;; ;;;;;;;;;;;;;;;;;;;
AOFFPHOTLD1;(large copier Canon IR2022) PHOTOCONDUCTOR DRUM, CEXV23D;LOG;Administration;Office equipment;Photocopy Machine;Stockable Product;Single;;;Make to Order;Buy;Average Price;;;Office equipment;ITC;Normal;Y;;;;;;;;;;;;;;no;no;; ;;;;;;;;;;;;;;;;;;;
AOFFPHOTLT1;(large copier Canon IR2022) TONER CARTRIDGE, CEXV23T;LOG;Administration;Office equipment;Photocopy Machine;Stockable Product;Single;;;Make to Order;Buy;Average Price;;;Office equipment;ITC;Normal;Y;;;;;;;;;;;;;;no;no;; ;;;;;;;;;;;;;;;;;;;
AOFFPHOTMCD;(medium copier Canon IR1510) PHOTOCONDUCTOR DRUM, CEXV7D;LOG;Administration;Office equipment;Photocopy Machine;Stockable Product;Single;;;Make to Order;Buy;Average Price;;;Office equipment;ITC;Normal;Y;;1;;;;;;;;;;;;no;no;; ;;;;;;;;;;;;;;;;;;;
AOFFPHOTMD1;(medium copier Canon IR1024A) PHOTOCONDUCTOR DRUM, CEXV18D;LOG;Administration;Office equipment;Photocopy Machine;Stockable Product;Single;;;Make to Order;Buy;Average Price;;;Office equipment;ITC;Normal;Y;;;;;;;;;;;;;;no;no;; ;;;;;;;;;;;;;;;;;;;
AOFFPHOTMT1;(medium copier Canon IR1024A) TONER CARTRIDGE, CEXV18T;LOG;Administration;Office equipment;Photocopy Machine;Stockable Product;Single;;;Make to Order;Buy;Average Price;;;Office equipment;ITC;Normal;Y;;;;;;;;;;;;;;no;no;; ;;;;;;;;;;;;;;;;;;;
AOFFPHOTS--;PHOTOCOPIER, small model, 200 copies/month;LOG;Administration;Office equipment;Photocopy Machine;Stockable Product;Asset;IT;;Make to Order;Buy;Average Price;;;Office equipment;ITC;Normal;Y;;;;;;;;;;;;;;no;no;; ;;;;;;;;;;;;;;;;;;;
AOFFPHOTSBD;(small copier Brother DCP7010) PHOTOCONDUCTOR DRUM, DR2000;LOG;Administration;Office equipment;Photocopy Machine;Stockable Product;Single;;;Make to Order;Buy;Average Price;;;Office equipment;ITC;Normal;Y;;;;;;;;;;;;;;no;no;; ;;;;;;;;;;;;;;;;;;;
AOFFPHOTSD1;(small copier Brother DCP7030) PHOTOCONDUCTOR DRUM, DR2100;LOG;Administration;Office equipment;Photocopy Machine;Stockable Product;Single;;;Make to Order;Buy;Average Price;;;Office equipment;ITC;Normal;Y;;;;;;;;;;;;;;no;no;; ;;;;;;;;;;;;;;;;;;;
AOFFPHOTST1;(small copier Brother DCP7030) TONER CARTRIDGE, TN2120;LOG;Administration;Office equipment;Photocopy Machine;Stockable Product;Single;;;Make to Order;Buy;Average Price;;;Office equipment;ITC;Normal;Y;;;;;;;;;;;;;;no;no;; ;;;;;;;;;;;;;;;;;;;
AOFFPROJ1S-;PROJECTOR, SLIDE, 12 V.;LOG;Administration;Office equipment;Projector;Stockable Product;Asset;IT;;Make to Order;Buy;Average Price;;;Office equipment;ITC;Normal;Y;;;;;;;;;;;;;;no;no;; ;;;;;;;;;;;;;;;;;;;
AOFFPROJ1SB;(projector, slide, 12 V) SPARE BULB;LOG;Administration;Office equipment;Projector;Stockable Product;Single;;;Make to Order;Buy;Average Price;;;Office equipment;ITC;Normal;Y;;;;;;;;;;;;;;no;no;; ;;;;;;;;;;;;;;;;;;;
AOFFPROJ2SC;(projector, slide) CHARGER, straight, 50 slides;LOG;Administration;Office equipment;Projector;Stockable Product;Single;;;Make to Order;Buy;Average Price;;;Office equipment;ITC;Normal;Y;;;;;;;;;;;;;;no;no;;18 J(A);;;;;;;;;;;;;;;;;;;
AOFFRIBB3B-;RIBBON, INKING, Bi-bobine N3 (mechanical typewriter);LOG;Administration;Office equipment;Ribbon;Stockable Product;Single;;;Make to Order;Buy;Average Price;;;Office equipment;ITC;Normal;Y;;;;;;;;;;;;;;no;no;; ;;;;;;;;;;;;;;;;;;;
AOFFRIBB57-;RIBBON, INKING, Canon CP16/IR40 (printing calculator 57 mm);LOG;Administration;Office equipment;Ribbon;Stockable Product;Single;;;Make to Order;Buy;Average Price;;;Office equipment;ITC;Normal;Y;;;;;;;;;;;;;;no;no;; ;;;;;;;;;;;;;;;;;;;
AOFFRIBB5C-;RIBBON, INKING, Canon IR50II (typewriter S70/90);LOG;Administration;Office equipment;Ribbon;Stockable Product;Single;;;Make to Order;Buy;Average Price;;;Office equipment;ITC;Normal;Y;;;;;;;;;;;;;;no;no;; ;;;;;;;;;;;;;;;;;;;
AOFFSTEN1M-;STENCIL MACHINE, manual, ink type;LOG;Administration;Office equipment;Stencil;Stockable Product;Single;;;Make to Order;Buy;Average Price;;;Office equipment;ITC;Normal;Y;152;33;;;;;;;;;;;;no;no;; ;;;;;;;;;;;;;;;;;;;
AOFFSTEN4E-;STENCIL MACHINE, electrical, 230 V. 150 W, ink type;LOG;Administration;Office equipment;Stencil;Stockable Product;Single;;;Make to Order;Buy;Average Price;;;Office equipment;ITC;Normal;Y;;;;;;;;;;;;;;no;no;; ;;;;;;;;;;;;;;;;;;;
AOFFTELF04C;(fax machine Canon L-220) TONER CARTRIDGE, FX3;LOG;Administration;Office equipment;TELEFAX;Stockable Product;Single;;;Make to Order;Buy;Average Price;;;Office equipment;ITC;Normal;Y;;;;;;;;;;;;;;no;no;;18 J(A);;;;;;;;;;;;;;;;;;;
AOFFTELF04D;(fax machine Panasonic UF-4100) PHOTOCONDUCTOR DRUM, UG-3220;LOG;Administration;Office equipment;TELEFAX;Stockable Product;Single;;;Make to Order;Buy;Average Price;;;Office equipment;ITC;Normal;Y;;1;;;;;;;;;;;;no;no;; ;;;;;;;;;;;;;;;;;;;
AOFFTELF04T;(fax machine Panasonic UF-4100) TONER CARTRIDGE, UG-3221;LOG;Administration;Office equipment;TELEFAX;Stockable Product;Single;;;Make to Order;Buy;Average Price;;;Office equipment;ITC;Normal;Y;;;;;;;;;;;;;;no;no;; ;;;;;;;;;;;;;;;;;;;
ASTABOOA1--;ACCOUNT BOOK (Balzac), ref. 58-04;LOG;Administration;STATIONERY;Book, Accounting;Stockable Product;Single;;;Make to Stock;Buy;Average Price;;;STATIONERY;ITC;Normal;Y;;;;;;;;;;;;;;no;no;; ;;;;;;;;;;;;;;;;;;;
ASTABOOEWD1;NOTEBOOK, A5, blanco, for drawing, 48 pages;LOG;Administration;STATIONERY;Book, Exercice;Stockable Product;Single;;;Make to Stock;Buy;Average Price;;;STATIONERY;ITC;Normal;Y;;;;;;;;;;;;;;no;no;; ;;;;;;;;;;;;;;;;;;;
ASTACARD4I-;DIVIDER, for A4 index box, A-Z, set;LOG;Administration;STATIONERY;Card, visit;Stockable Product;Single;;;Make to Stock;Buy;Average Price;;;STATIONERY;ITC;Normal;Y;;;;;;;;;;;;;;no;no;; ;;;;;;;;;;;;;;;;;;;
ASTACARD5I-;DIVIDER, for A5 index box, A-Z, set;LOG;Administration;STATIONERY;Card, visit;Stockable Product;Single;;;Make to Stock;Buy;Average Price;;;STATIONERY;ITC;Normal;Y;;;;;;;;;;;;;;no;no;; ;;;;;;;;;;;;;;;;;;;
ASTAFOLD3BC;FILE, BUSINESS CARD, 10 x 3 cards;LOG;Administration;STATIONERY;Folder;Stockable Product;Single;;;Make to Stock;Buy;Average Price;;;STATIONERY;ITC;Normal;Y;;;;;;;;;;;;;;no;no;; ;;;;;;;;;;;;;;;;;;;
ASTALABA421;LABEL, ADHESIVE, A4, 21 units, 63,5 x 38,1 mm, for laserjet;LOG;Administration;STATIONERY;Label;Stockable Product;Single;;;Make to Stock;Buy;Average Price;;;STATIONERY;ITC;Normal;Y;;;;;;;;;;;;;;no;no;; ;;;;;;;;;;;;;;;;;;;
ASTALABA428;LABEL, ADHESIVE, A4, 28 units, 105 x 21 mm;LOG;Administration;STATIONERY;Label;Stockable Product;Single;;;Make to Stock;Buy;Average Price;;;STATIONERY;ITC;Normal;Y;;;;;;;;;;;;;;no;no;; ;;;;;;;;;;;;;;;;;;;
ASTALABA4PL;LABEL, ADHESIVE, A4, 210 x 297 mm, for laserjet;LOG;Administration;STATIONERY;Label;Stockable Product;Single;;;Make to Stock;Buy;Average Price;;;STATIONERY;ITC;Normal;Y;;;;;;;;;;;;;;no;no;; ;;;;;;;;;;;;;;;;;;;
ASTAMAGG75-;MAGNIFYING GLASS, diameter 7.5 cm;LOG;Administration;STATIONERY;MAGNIFYING GLASS;Stockable Product;Single;;;Make to Order;Buy;Average Price;;;STATIONERY;ITC;Normal;Y;;;;;;;;;;;;;;no;no;; ;;;;;;;;;;;;;;;;;;;
ASTAPAPE1WL;PAPER, listing, 11' x 240 mm, white, 2000 sheets/ream;LOG;Administration;STATIONERY;Paper;Stockable Product;Single;;;Make to Stock;Buy;Average Price;;;STATIONERY;ITC;Normal;Y;;;;;;;;;;;;;;no;no;; ;;;;;;;;;;;;;;;;;;;
ASTAPAPE2WA;PAPER, listing, 12' x 240 mm, self-copying, 2000 sheets/ream;LOG;Administration;STATIONERY;Paper;Stockable Product;Single;;;Make to Stock;Buy;Average Price;;;STATIONERY;ITC;Normal;Y;;;;;;;;;;;;;;no;no;; ;;;;;;;;;;;;;;;;;;;
ASTAPAPE2WL;PAPER, listing, 12' x 240 mm, white, 2000 sheets/ream;LOG;Administration;STATIONERY;Paper;Stockable Product;Single;;;Make to Stock;Buy;Average Price;;;STATIONERY;ITC;Normal;Y;;12;;;;;;;;;;;;no;no;; ;;;;;;;;;;;;;;;;;;;
ASTAPAPE3P1;PAPER, A3, white, 160 g;LOG;Administration;STATIONERY;Paper;Stockable Product;Single;;;Make to Stock;Buy;Average Price;;;STATIONERY;ITC;Normal;Y;;;;;;;;;;;;;;no;no;; ;;;;;;;;;;;;;;;;;;;
ASTAPAPE4MF;PAPER, A4, white, MSF France heading, 80 g;LOG;Administration;STATIONERY;Paper;Stockable Product;Single;;;Make to Order;Buy;Average Price;;;STATIONERY;ITC;Normal;Y;;;;;;;;;;;;;;no;no;; ;;;;;;;;;;;;;;;;;;;
ASTAPAPE4MH;PAPER, A4, white, MSF Holland heading, 80 g;LOG;Administration;STATIONERY;Paper;Stockable Product;Single;;;Make to Order;Buy;Average Price;;;STATIONERY;ITC;Normal;Y;;;;;;;;;;;;;;no;no;; ;;;;;;;;;;;;;;;;;;;
ASTAPAPE4MI;PAPER, A4, white, MSF International heading, 80 g;LOG;Administration;STATIONERY;Paper;Stockable Product;Single;;;Make to Order;Buy;Average Price;;;STATIONERY;ITC;Normal;Y;;;;;;;;;;;;;;no;no;; ;;;;;;;;;;;;;;;;;;;
ASTAPAPE4MS;PAPER, A4, white, MSF Spain heading, 80 g;LOG;Administration;STATIONERY;Paper;Stockable Product;Single;;;Make to Order;Buy;Average Price;;;STATIONERY;ITC;Normal;Y;;;;;;;;;;;;;;no;no;; ;;;;;;;;;;;;;;;;;;;
ASTAPAPE4W1;PAPER, A4, white, 160 g;LOG;Administration;STATIONERY;Paper;Stockable Product;Single;;;Make to Order;Buy;Average Price;;;STATIONERY;ITC;Normal;Y;;;;;;;;;;;;;;no;no;; ;;;;;;;;;;;;;;;;;;;
ASTAPENF2BS;PEN, FELT-TIP, fine point, black, MSF;LOG;Administration;STATIONERY;Pen Felt;Stockable Product;Single;;;Make to Stock;Buy;Average Price;;;STATIONERY;ITC;Normal;Y;;;;;;;;;;;;;;no;no;; ;;;;;;;;;;;;;;;;;;;
ASTAPENM3BG;MARKER, permanent, large, chisel point, green;LOG;Administration;STATIONERY;Pen Marker;Stockable Product;Single;;;Make to Stock;Buy;Average Price;;;STATIONERY;ITC;Normal;Y;;;;;;;;;;;;;;no;no;; ;;;;;;;;;;;;;;;;;;;
ASTAPENM3BL;MARKER, permanent, large, chisel point, blue;LOG;Administration;STATIONERY;Pen Marker;Stockable Product;Single;;;Make to Stock;Buy;Average Price;;;STATIONERY;ITC;Normal;Y;;;;;;;;;;;;;;no;no;; ;;;;;;;;;;;;;;;;;;;
ASTAPENM3BR;MARKER, permanent, large, chisel point, red;LOG;Administration;STATIONERY;Pen Marker;Stockable Product;Single;;;Make to Stock;Buy;Average Price;;;STATIONERY;ITC;Normal;Y;;;;;;;;;;;;;;no;no;; ;;;;;;;;;;;;;;;;;;;
ASTASTAM2M-;STAMP, RUBBER, MSF, round;LOG;Administration;STATIONERY;Stamp;Stockable Product;Single;;;Make to Stock;Buy;Average Price;;;STATIONERY;ITC;Normal;Y;;;;;;;;;;;;;;no;no;; ;;;;;;;;;;;;;;;;;;;
ASTASTAM2MA;STAMP, RUBBER, MSF, self-inking, red;LOG;Administration;STATIONERY;Stamp;Stockable Product;Single;;;Make to Stock;Buy;Average Price;;;STATIONERY;ITC;Normal;Y;;;;;;;;;;;;;;no;no;; ;;;;;;;;;;;;;;;;;;;
CBUIBLOC410;BLOCK, CEMENT, hollow, 40 x 20 x 10 cm;LOG;Camp;Building;Block;Stockable Product;Single;;;Make to Order;Buy;Average Price;;;Building;ITC;Normal;Y;;;;;;;;;;;;;;no;no;; ;;;;;;;;;;;;;;;;;;;
CBUIBLOC415;BLOCK, CEMENT, hollow, 40 x 20 x 15 cm;LOG;Camp;Building;Block;Stockable Product;Single;;;Make to Order;Buy;Average Price;;;Building;ITC;Normal;Y;;;;;;;;;;;;;;no;no;; ;;;;;;;;;;;;;;;;;;;
CBUIBLOC420;BLOCK, CEMENT, hollow, 40 x 20 x 20 cm;LOG;Camp;Building;Block;Stockable Product;Single;;;Make to Order;Buy;Average Price;;;Building;ITC;Normal;Y;;;;;;;;;;;;;;no;no;; ;;;;;;;;;;;;;;;;;;;
CBUIGRAV01-;GRAVEL, per dm3;LOG;Camp;Building;Gravel;Stockable Product;Single;;;Make to Order;Buy;Average Price;;;Building;ITC;Normal;Y;1;;;;;;;;;;;;;no;no;; ;;;;;;;;;;;;;;;;;;;
CBUIIROPI--;IRON, PROFILE, I-shaped;LOG;Camp;Building;Iron, Pipe, Profile...;Stockable Product;Single;;;Make to Order;Buy;Average Price;;;Building;ITC;Normal;Y;;;;;;;;;;;;;;no;no;; ;;;;;;;;;;;;;;;;;;;
CBUIIROPR--;IRON, ROUND PIPE,  thick:...outer diam:... length:...;LOG;Camp;Building;Iron, Pipe, Profile...;Stockable Product;Single;;;Make to Order;Buy;Average Price;;;Building;ITC;Normal;Y;;;;;;;;;;;;;;no;no;; ;;;;;;;;;;;;;;;;;;;
CBUIIROPS--;IRON, SQUARE PIPE,  thick:...w. x h.:... length:...;LOG;Camp;Building;Iron, Pipe, Profile...;Stockable Product;Single;;;Make to Order;Buy;Average Price;;;Building;ITC;Normal;Y;;;;;;;;;;;;;;no;no;; ;;;;;;;;;;;;;;;;;;;
CBUIIROPU50;IRON, PROFILE, U-shaped, 600 x 500 mm, 100 mm wide;LOG;Camp;Building;Iron, Pipe, Profile...;Stockable Product;Single;;;Make to Order;Buy;Average Price;;;Building;ITC;Normal;Y;;;;;;;;;;;;;;no;no;; ;;;;;;;;;;;;;;;;;;;
CBUIIROPU60;IRON, PROFILE, U-shaped, 500 x 400 mm, 100 mm wide;LOG;Camp;Building;Iron, Pipe, Profile...;Stockable Product;Single;;;Make to Order;Buy;Average Price;;;Building;ITC;Normal;Y;;;;;;;;;;;;;;no;no;; ;;;;;;;;;;;;;;;;;;;
CBUIIRORBT1;IRON, ROD, REINF. BAR, twisted, 6 mm, 12 m;LOG;Camp;Building;Iron, Rod;Stockable Product;Single;;;Make to Order;Buy;Average Price;;;Building;ITC;Normal;Y;;;;;;;;;;;;;;no;no;; ;;;;;;;;;;;;;;;;;;;
CBUIIRORR--;IRON, ROD, ROUND PLAIN, outer diam:... length:...;LOG;Camp;Building;Iron, Rod;Stockable Product;Single;;;Make to Order;Buy;Average Price;;;Building;ITC;Normal;Y;;;;;;;;;;;;;;no;no;; ;;;;;;;;;;;;;;;;;;;
CBUIIRORS--;IRON, ROD, SQUARE PLAIN, w. x h.:... length:...;LOG;Camp;Building;Iron, Rod;Stockable Product;Single;;;Make to Order;Buy;Average Price;;;Building;ITC;Normal;Y;;;;;;;;;;;;;;no;no;; ;;;;;;;;;;;;;;;;;;;
CBUISHEA133;SHEET, ALUMINIUM, CORRUGATED, 30G 0.3 mm 100 x 300 cm unit;LOG;Camp;Building;Sheet, Aluminium;Stockable Product;Single;;;Make to Order;Buy;Average Price;;;Building;ITC;Normal;Y;;;;;;;;;;;;;;no;no;; ;;;;;;;;;;;;;;;;;;;
CBUISHEA134;SHEET, ALUMINIUM, CORRUGATED, 26G 0.45 mm 100 x 300 cm unit;LOG;Camp;Building;Sheet, Aluminium;Stockable Product;Single;;;Make to Order;Buy;Average Price;;;Building;ITC;Normal;Y;;;;;;;;;;;;;;no;no;; ;;;;;;;;;;;;;;;;;;;
CBUISHEAP23;SHEET, ALUMINIUM, PLAIN, 30G 0.3 mm 100 x 200 cm unit;LOG;Camp;Building;Sheet, Aluminium;Stockable Product;Single;;;Make to Order;Buy;Average Price;;;Building;ITC;Normal;Y;;;;;;;;;;;;;;no;no;; ;;;;;;;;;;;;;;;;;;;
CBUISHEAP24;SHEET, ALUMINIUM, PLAIN, 26G 0.45 mm 100 x 200 cm unit;LOG;Camp;Building;Sheet, Aluminium;Stockable Product;Single;;;Make to Order;Buy;Average Price;;;Building;ITC;Normal;Y;;;;;;;;;;;;;;no;no;; ;;;;;;;;;;;;;;;;;;;
CBUISHEAR24;SHEET, ALUMINIUM, ROOF RIDGE, 26G 0.45 mm 25 x 180 cm unit;LOG;Camp;Building;Sheet, Aluminium;Stockable Product;Single;;;Make to Order;Buy;Average Price;;;Building;ITC;Normal;Y;;;;;;;;;;;;;;no;no;; ;;;;;;;;;;;;;;;;;;;
CBUISHEAR33;SHEET, ALUMINIUM, ROOF RIDGE, 30G 0.3 mm 33 x 180 cm unit;LOG;Camp;Building;Sheet, Aluminium;Stockable Product;Single;;;Make to Order;Buy;Average Price;;;Building;ITC;Normal;Y;;;;;;;;;;;;;;no;no;; ;;;;;;;;;;;;;;;;;;;
CBUIVERM01-;VERMICULITE, granulometry nº1, bag of 10 kg;LOG;Camp;Building;VERMICULITH;Stockable Product;Single;;;Make to Order;Buy;Average Price;;;Building;ITC;Normal;Y;;;;;;;;;;;;;;no;no;; ;;;;;;;;;;;;;;;;;;;
CBUIVERM03-;VERMICULITE, granulometry nº3,  bag of 100 kg;LOG;Camp;Building;VERMICULITH;Stockable Product;Single;;;Make to Order;Buy;Average Price;;;Building;ITC;Normal;Y;;;;;;;;;;;;;;no;no;; ;;;;;;;;;;;;;;;;;;;
CBUIWOOP---;WOOD, PLANK, w:.. x t:.. x l:... cm, carpenter quality, unit;LOG;Camp;Building;Wood, Plank;Stockable Product;Single;;;Make to Order;Buy;Average Price;;;Building;ITC;Normal;Y;;;;;;;;;;;;;;no;no;; ;;;;;;;;;;;;;;;;;;;
CBUIWOOS---;WOOD, STUD, w:. x d:. x l:... cm, charpenter quality, unit;LOG;Camp;Building;Wood, Stud;Stockable Product;Single;;;Make to Order;Buy;Average Price;;;Building;ITC;Normal;Y;;;;;;;;;;;;;;no;no;; ;;;;;;;;;;;;;;;;;;;
CBUIWOOT---;WOOD, TIMBER, w:. x d:. x l:... cm, carpenter quality, unit;LOG;Camp;Building;Wood, Timber;Stockable Product;Single;;;Make to Order;Buy;Average Price;;;Building;ITC;Normal;Y;;;;;;;;;;;;;;no;no;; ;;;;;;;;;;;;;;;;;;;
CBUIWOOT408;WOOD, TIMBER, cypress, 10 x 20 cm (4'x 8'), per metre;LOG;Camp;Building;Wood, Timber;Stockable Product;Single;;;Make to Order;Buy;Average Price;;;Building;ITC;Normal;Y;;;;;;;;;;;;;;no;no;; ;;;;;;;;;;;;;;;;;;;
CSEMCONT1--;CONTAINER, bungalow;LOG;Camp;SEMIPERMANENT Shelter;Container;Stockable Product;Single;;;Make to Order;Buy;Average Price;;;SEMIPERMANENT Shelter;ITC;Normal;Y;38268;;;;;;;;;;;;;no;no;;18 J(A);;;;;;;;;;;;;;;;;;;
CSEMCONT1P-;CONTAINER, bungalow, foldable;LOG;Camp;SEMIPERMANENT Shelter;Container;Stockable Product;Single;;;Make to Order;Buy;Average Price;;;SEMIPERMANENT Shelter;ITC;Normal;Y;957;1999;;;;;;;;;;;;no;no;;18 J(A);;;;;;;;;;;;;;;;;;;
CSHEBLANFG-;BLANKET, FLEECE, 1.5 x 2 m, green (for suspected cases);LOG;Camp;Shelters;Blanket;Stockable Product;Single;;;Make to Order;Buy;Average Price;;;Shelters;ITC;Normal;Y;;;;;;;;;;;;;;no;no;; ;;;;;;;;;;;;;;;;;;;
CSHEBLANFR-;BLANKET, FLEECE, 1.5 x 2 m, red (for confirmed cases);LOG;Camp;Shelters;Blanket;Stockable Product;Single;;;Make to Order;Buy;Average Price;;;Shelters;ITC;Normal;Y;;;;;;;;;;;;;;no;no;; ;;;;;;;;;;;;;;;;;;;
CSHEBLANP1-;BLANKET, 80% Dacron polyester - 20% ppropylene, 1.6 x  2.3 m;LOG;Camp;Shelters;Blanket;Stockable Product;Single;;;Make to Order;Buy;Average Price;;;Shelters;ITC;Normal;Y;;;;;;;;;;;;;;no;no;; ;;;;;;;;;;;;;;;;;;;
CSHEHEAF1M-;SPACE HEATER, 65000 Kcal, 220 V, 370 W + diesel, mobile;LOG;Camp;Shelters;Heater, Fuel;Stockable Product;Single;;;Make to Order;Buy;Average Price;;;Shelters;ITC;Normal;Y;;92;;;;;;;;;;;;no;no;;18 J(A);;;;;;;;;;;;;;;;;;;
CSHEHEAF1MC;(space heater, 65000 Kcal) COUPLING for duct;LOG;Camp;Shelters;Heater, Fuel;Stockable Product;Single;;;Make to Order;Buy;Average Price;;;Shelters;ITC;Normal;Y;;;;;;;;;;;;;;no;no;; ;;;;;;;;;;;;;;;;;;;
CSHEHEAF1MD;(space heater, 65000 Kcal) HOT AIR DUCT, 3 m;LOG;Camp;Shelters;Heater, Fuel;Stockable Product;Single;;;Make to Order;Buy;Average Price;;;Shelters;ITC;Normal;Y;93;35;;;;;;;;;;;;no;no;; ;;;;;;;;;;;;;;;;;;;
CSHEHEAF1MF;(space heater, 65000 Kcal) FILTER CARTRIDGE, for fuel;LOG;Camp;Shelters;Heater, Fuel;Stockable Product;Single;;;Make to Order;Buy;Average Price;;;Shelters;ITC;Normal;Y;;;;;;;;;;;;;;no;no;; ;;;;;;;;;;;;;;;;;;;
CSHEHEAF1MO;(space heater, 65000 Kcal) COVER for flue;LOG;Camp;Shelters;Heater, Fuel;Stockable Product;Single;;;Make to Order;Buy;Average Price;;;Shelters;ITC;Normal;Y;;;;;;;;;;;;;;no;no;; ;;;;;;;;;;;;;;;;;;;
CSHEHEAF1MP;(space heater, 65000 Kcal) PIPE for flue, per meter;LOG;Camp;Shelters;Heater, Fuel;Stockable Product;Single;;;Make to Order;Buy;Average Price;;;Shelters;ITC;Normal;Y;;;;;;;;;;;;;;no;no;; ;;;;;;;;;;;;;;;;;;;
CSHEHEAF1MY;(space heater, 65000 Kcal) Y CONNECTION, hot air;LOG;Camp;Shelters;Heater, Fuel;Stockable Product;Single;;;Make to Order;Buy;Average Price;;;Shelters;ITC;Normal;Y;;13;;;;;;;;;;;;no;no;; ;;;;;;;;;;;;;;;;;;;
CSHEHEAF2M-;HEATER, FUEL, for warehouse;LOG;Camp;Shelters;Heater, Fuel;Stockable Product;Single;;;Make to Order;Buy;Average Price;;;Shelters;ITC;Normal;Y;468;1;;;;;;;;;;;;no;no;;18 J(A);;;;;;;;;;;;;;;;;;;
CSHEHEAF3D-;HEATER, FUEL, for domestic use, 300 m3, 10 Kw;LOG;Camp;Shelters;Heater, Fuel;Stockable Product;Single;;;Make to Order;Buy;Average Price;;;Shelters;ITC;Normal;Y;;64;;;;;;;;;;;;no;no;; ;;;;;;;;;;;;;;;;;;;
CSHEHEAS3--;SPACE HEATER, 220 V, diesel, mobile, 37 kW;LOG;Camp;Shelters;Heater, space;Stockable Product;Single;;;Make to Order;Buy;Average Price;;;Shelters;ITC;Normal;Y;;;;;;;;;;;;;;no;no;; ;;;;;;;;;;;;;;;;;;;
CSHEHEAS5--;SPACE HEATER, 220 V, diesel, mobile, 53 kW;LOG;Camp;Shelters;Heater, space;Stockable Product;Single;;;Make to Order;Buy;Average Price;;;Shelters;ITC;Normal;Y;;;;;;;;;;;;;;no;no;; ;;;;;;;;;;;;;;;;;;;
CSHEHEAS8--;SPACE HEATER, 220 V, diesel, mobile, 84 kW;LOG;Camp;Shelters;Heater, space;Stockable Product;Single;;;Make to Order;Buy;Average Price;;;Shelters;ITC;Normal;Y;;;;;;;;;;;;;;no;no;; ;;;;;;;;;;;;;;;;;;;
CSHEHEASC--;(space heater 37/53/84 kW) COVER FOR FLUE;LOG;Camp;Shelters;Heater, space;Stockable Product;Single;;;Make to Order;Buy;Average Price;;;Shelters;ITC;Normal;Y;;;;;;;;;;;;;;no;no;; ;;;;;;;;;;;;;;;;;;;
CSHEHEASD35;(space heater 37/53 kW) HOT AIR DUCT, 5m x 300mm;LOG;Camp;Shelters;Heater, space;Stockable Product;Single;;;Make to Order;Buy;Average Price;;;Shelters;ITC;Normal;Y;;;;;;;;;;;;;;no;no;; ;;;;;;;;;;;;;;;;;;;
CSHEHEASD8-;(space heater 84 kW) HOT AIR DUCT, 5m x 400mm;LOG;Camp;Shelters;Heater, space;Stockable Product;Single;;;Make to Order;Buy;Average Price;;;Shelters;ITC;Normal;Y;;;;;;;;;;;;;;no;no;; ;;;;;;;;;;;;;;;;;;;
CSHEHEASF--;(space heater 37/53/84 kW) FILTER CARTRIDGE, for fuel;LOG;Camp;Shelters;Heater, space;Stockable Product;Single;;;Make to Order;Buy;Average Price;;;Shelters;ITC;Normal;Y;;;;;;;;;;;;;;no;no;; ;;;;;;;;;;;;;;;;;;;
CSHEHEASO35;(space heater 37/53 kW) OUTLET CONE, 300mm, for 1 duct;LOG;Camp;Shelters;Heater, space;Stockable Product;Single;;;Make to Order;Buy;Average Price;;;Shelters;ITC;Normal;Y;;;;;;;;;;;;;;no;no;; ;;;;;;;;;;;;;;;;;;;
CSHEHEASO8-;(space heater 84 kW) OUTLET CONE, 400mm, for 1 duct;LOG;Camp;Shelters;Heater, space;Stockable Product;Single;;;Make to Order;Buy;Average Price;;;Shelters;ITC;Normal;Y;;;;;;;;;;;;;;no;no;; ;;;;;;;;;;;;;;;;;;;
CSHEHEASP--;(space heater 37/53/84 kW) PIPE FOR FLUE, per meter;LOG;Camp;Shelters;Heater, space;Stockable Product;Single;;;Make to Order;Buy;Average Price;;;Shelters;ITC;Normal;Y;;;;;;;;;;;;;;no;no;; ;;;;;;;;;;;;;;;;;;;
CSHEHEASR--;(space heater 37/53/84 kW) THERMOSTATIC REGULATOR;LOG;Camp;Shelters;Heater, space;Stockable Product;Single;;;Make to Order;Buy;Average Price;;;Shelters;ITC;Normal;Y;;;;;;;;;;;;;;no;no;; ;;;;;;;;;;;;;;;;;;;
CSHEHEASS--;(space heater 37/53/84 kW) ATTACHING STRAP, for duct;LOG;Camp;Shelters;Heater, space;Stockable Product;Single;;;Make to Order;Buy;Average Price;;;Shelters;ITC;Normal;Y;;;;;;;;;;;;;;no;no;; ;;;;;;;;;;;;;;;;;;;
CSHEHEASY35;(space heater 37/53 kW) Y CONNECTION, for 2 x 300mm ducts;LOG;Camp;Shelters;Heater, space;Stockable Product;Single;;;Make to Order;Buy;Average Price;;;Shelters;ITC;Normal;Y;;;;;;;;;;;;;;no;no;; ;;;;;;;;;;;;;;;;;;;
CSHEHEASY8-;(space heater 84 kW) Y CONNECTION, for 2 x 400mm ducts;LOG;Camp;Shelters;Heater, space;Stockable Product;Single;;;Make to Order;Buy;Average Price;;;Shelters;ITC;Normal;Y;;;;;;;;;;;;;;no;no;; ;;;;;;;;;;;;;;;;;;;
CSHEPEGMR03;PEG, mud type, 300 x 8 mm, galvan. steel, rod + ring;LOG;Camp;Shelters;Peg, Mud type;Stockable Product;Single;;;Make to Order;Buy;Average Price;;;Shelters;ITC;Normal;Y;;;;;;;;;;;;;;no;no;; ;;;;;;;;;;;;;;;;;;;
CSHEPEGMR05;PEG, mud type, 500 x 12 mm, galv. steel, re-bar + ring;LOG;Camp;Shelters;Peg, Mud type;Stockable Product;Single;;;Make to Order;Buy;Average Price;;;Shelters;ITC;Normal;Y;;;;;;;;;;;;;;no;no;; ;;;;;;;;;;;;;;;;;;;
CSHEPEGSV03;PEG, sand type, 'V' shape 290  x 18.5 mm galvan. steel 1 mm;LOG;Camp;Shelters;Peg Sand;Stockable Product;Single;;;Make to Order;Buy;Average Price;;;Shelters;ITC;Normal;Y;;;;;;;;;;;;;;no;no;; ;;;;;;;;;;;;;;;;;;;
CSHEPEGSV05;PEG, sand type 'V' shape, 480 x 33.5 mm, galvan. steel 1.25;LOG;Camp;Shelters;Peg Sand;Stockable Product;Single;;;Make to Order;Buy;Average Price;;;Shelters;ITC;Normal;Y;;;;;;;;;;;;;;no;no;; ;;;;;;;;;;;;;;;;;;;
CSHEPEGWT08;PEG, wind type 'T' shape, 800 x 40 x 40 mm, steel 3 mm;LOG;Camp;Shelters;Pegs, Wind;Stockable Product;Single;;;Make to Order;Buy;Average Price;;;Shelters;ITC;Normal;Y;;;;;;;;;;;;;;no;no;; ;;;;;;;;;;;;;;;;;;;
CSHEPLASPT9;PLASTIC SHEETING, PVC transparent, 90 cm x 180 cm;LOG;Camp;Shelters;Plastic Sheeting;Stockable Product;Single;;;Make to Order;Buy;Average Price;;;Shelters;ITC;Normal;Y;18;;;;;;;;;;;;;no;no;; ;;;;;;;;;;;;;;;;;;;
CSHEPOLE30A;POLE RIDGE, diam. 30 mm thickness 1.5 mm l. 4 m aluminium;LOG;Camp;Shelters;Pole;Stockable Product;Single;;;Make to Order;Buy;Average Price;;;Shelters;ITC;Normal;Y;;;;;;;;;;;;;;no;no;; ;;;;;;;;;;;;;;;;;;;
CSHEPOLE30F;POLE, Ø 30 mm, h : 2 m, fiber glass + top & foot plate;LOG;Camp;Shelters;Pole;Stockable Product;Single;;;Make to Order;Buy;Average Price;;;Shelters;ITC;Normal;Y;;;;;;;;;;;;;;no;no;; ;;;;;;;;;;;;;;;;;;;
CSHEROPE08N;ROPE, Ø 8 mm, NYLON, braided (per meter);LOG;Camp;Shelters;Rope;Stockable Product;Single;;;Make to Order;Buy;Average Price;;;Shelters;ITC;Normal;Y;;;;;;;;;;;;;;no;no;; ;;;;;;;;;;;;;;;;;;;
CSHEROPE08S;ROPE, Ø 8 mm, SISAL/HEMP (per metre);LOG;Camp;Shelters;Rope;Stockable Product;Single;;;Make to Order;Buy;Average Price;;;Shelters;ITC;Normal;Y;;;;;;;;;;;;;;no;no;; ;;;;;;;;;;;;;;;;;;;
CSHETAPE2BF;TAPE, BOUNDARY marking, white/orange, fluorescent, roll 500m;LOG;Camp;Shelters;Tape;Stockable Product;Single;;;Make to Order;Buy;Average Price;;;Shelters;ITC;Normal;Y;;;;;;;;;;;;;;no;no;; ;;;;;;;;;;;;;;;;;;;
CSHETARP4W6;TARPAULIN, 4 x 6 m, white, w/ reinforced straps;LOG;Camp;Shelters;Tape;Stockable Product;Single;;;Make to Order;Buy;Average Price;;;Shelters;ITC;Normal;Y;;;;;;;;;;;;;;no;no;; ;;;;;;;;;;;;;;;;;;;
CSHETEND27I;(tent, disp. 27.5 m²) INSULATION, flue, Ø 14 cm;LOG;Camp;Shelters;Tent Dispensary;Stockable Product;Single;;;Make to Order;Buy;Average Price;;;Shelters;ITC;Normal;Y;;;;;;;;;;;;;;no;no;; ;;;;;;;;;;;;;;;;;;;
CSHETEND27P;(tent, disp. 27.5 m²) PARTITION, mobile, cotton, 200 g/m²;LOG;Camp;Shelters;Tent Dispensary;Stockable Product;Single;;;Make to Order;Buy;Average Price;;;Shelters;ITC;Normal;Y;;;;;;;;;;;;;;no;no;; ;;;;;;;;;;;;;;;;;;;
CSHETEND27T;(tent, disp. 27.5 m²) ELASTIC STRAP, spare;LOG;Camp;Shelters;Tent Dispensary;Stockable Product;Single;;;Make to Order;Buy;Average Price;;;Shelters;ITC;Normal;Y;;;;;;;;;;;;;;no;no;; ;;;;;;;;;;;;;;;;;;;
CSHETEND27V;(tent, disp. 27.5 m²) INNER LINING, cotton, 200 g/m²;LOG;Camp;Shelters;Tent Dispensary;Stockable Product;Single;;;Make to Order;Buy;Average Price;;;Shelters;ITC;Normal;Y;53;;;;;;;;;;;;;no;no;; ;;;;;;;;;;;;;;;;;;;
CSHETEND41A;TENT, DISPENSARY, 41 m², aluminium frame, 6 x 6.8 m + BAG;LOG;Camp;Shelters;Tent Dispensary;Stockable Product;Single;;;Make to Order;Buy;Average Price;;;Shelters;ITC;Normal;Y;;;;;;;;;;;;;;no;no;; ;;;;;;;;;;;;;;;;;;;
CSHETENF12W;TENT, FAMILY, 12 m², WINTER;LOG;Camp;Shelters;Tent Family;Stockable Product;Single;;;Make to Order;Buy;Average Price;791;791;Shelters;ITC;Normal;Y;462;118;;;;;;;;;;;;no;no;; ;;;;;;;;;;;;;;;;;;;
CSHETENF16+;TENT, FAMILY, 16 m², groundsheet;LOG;Camp;Shelters;Tent Family;Stockable Product;Single;;;Make to Order;Buy;Average Price;;;Shelters;ITC;Normal;Y;;;;;;;;;;;;;;no;no;; ;;;;;;;;;;;;;;;;;;;
CSHETENF16G;TENT, FAMILY, 16 m², groundsheet, single fly;LOG;Camp;Shelters;Tent Family;Stockable Product;Single;;;Make to Order;Buy;Average Price;;;Shelters;ITC;Normal;Y;85;18;;;;;;;;;;;;no;no;; ;;;;;;;;;;;;;;;;;;;
CSHETENF16H;TENT FAMILY type, 16 m2, WINTER Gamma + HEATER wood/charc.;LOG;Camp;Shelters;Tent Family;Stockable Product;Single;;;Make to Order;Buy;Average Price;;;Shelters;ITC;Normal;Y;;;;;;;;;;;;;;no;no;; ;;;;;;;;;;;;;;;;;;;
CSHETENF16S;TENT, SHELTER FAMILY type, 16 m2, Monartent  gr/sheet + ends;LOG;Camp;Shelters;Tent Family;Stockable Product;Single;;;Make to Order;Buy;Average Price;;;Shelters;ITC;Normal;Y;;;;;;;;;;;;;;no;no;; ;;;;;;;;;;;;;;;;;;;
CSHETENF16W;TENT, FAMILY, 16 m², groundsheet, winterised;LOG;Camp;Shelters;Tent Family;Stockable Product;Single;;;Make to Order;Buy;Average Price;;;Shelters;ITC;Normal;Y;;98;;;;;;;;;;;;no;no;; ;;;;;;;;;;;;;;;;;;;
CSHETENF24W;TENTE FAMILY type 24 m2 WINTER, cotton velum PVC groundsheet;LOG;Camp;Shelters;Tent Family;Stockable Product;Single;;;Make to Order;Buy;Average Price;;;Shelters;ITC;Normal;Y;;;;;;;;;;;;;;no;no;; ;;;;;;;;;;;;;;;;;;;
CSHETENH110;TENT HOSPITAL M.I.A. 110 m2;LOG;Camp;Shelters;Hospital Tent;Stockable Product;Single;;;Make to Order;Buy;Average Price;;;Shelters;ITC;Normal;Y;846;46;;;;;;;;;;;;no;no;; ;;;;;;;;;;;;;;;;;;;
CSHETENH70V;(tent hospital 70.8 m2), inner VELUM;LOG;Camp;Shelters;Hospital Tent;Stockable Product;Single;;;Make to Order;Buy;Average Price;;;Shelters;ITC;Normal;Y;;;;;;;;;;;;;;no;no;; ;;;;;;;;;;;;;;;;;;;
CSHETENH82-;TENT, MULTI-PURPOSE, 82 m², w/o groundsheet (13.7 x 6 m);LOG;Camp;Shelters;Hospital Tent;Stockable Product;Single;;;Make to Order;Buy;Average Price;;;Shelters;ITC;Normal;Y;248;467;;;;;;;;;;;;no;no;; ;;;;;;;;;;;;;;;;;;;
CSHETENH82V;(multi-purpose tent, 82 m²) INNER VELUM;LOG;Camp;Shelters;Hospital Tent;Stockable Product;Single;;;Make to Order;Buy;Average Price;;;Shelters;ITC;Normal;Y;;;;;;;;;;;;;;no;no;; ;;;;;;;;;;;;;;;;;;;
CSHETENM42C;(multipurpose tent 42m²) ISOTHERMAL INNER TENT + groundsheet;LOG;Camp;Shelters;Tent, Multipurpose;Stockable Product;Single;;;Make to Order;Buy;Average Price;;;Shelters;ITC;Normal;Y;;;;;;;;;;;;;;no;no;; ;;;;;;;;;;;;;;;;;;;
CSHETENM42G;(multipurpose tent 42m²) GROUNDSHEET, tyrpol PVC;LOG;Camp;Shelters;Tent, Multipurpose;Stockable Product;Single;;;Make to Order;Buy;Average Price;;;Shelters;ITC;Normal;Y;;;;;;;;;;;;;;no;no;; ;;;;;;;;;;;;;;;;;;;
CSHETENM42L;(multipurpose tent 42m²) INNER LINING, coton;LOG;Camp;Shelters;Tent, Multipurpose;Stockable Product;Single;;;Make to Order;Buy;Average Price;;;Shelters;ITC;Normal;Y;;;;;;;;;;;;;;no;no;; ;;;;;;;;;;;;;;;;;;;
CSHETENM42N;(multipurpose tent 42m²) SHADE NET + frame;LOG;Camp;Shelters;Tent, Multipurpose;Stockable Product;Single;;;Make to Order;Buy;Average Price;;;Shelters;ITC;Normal;Y;;;;;;;;;;;;;;no;no;; ;;;;;;;;;;;;;;;;;;;
CSHETENM42P;(multipurpose tent 42m²) 6 PARTITIONS, mobile, coton;LOG;Camp;Shelters;Tent, Multipurpose;Stockable Product;Single;;;Make to Order;Buy;Average Price;;;Shelters;ITC;Normal;Y;;;;;;;;;;;;;;no;no;; ;;;;;;;;;;;;;;;;;;;
CSHETENM42R;(multipurpose tent 42m²) INNER TENT, coton + groundsheet;LOG;Camp;Shelters;Tent, Multipurpose;Stockable Product;Single;;;Make to Order;Buy;Average Price;;;Shelters;ITC;Normal;Y;;;;;;;;;;;;;;no;no;; ;;;;;;;;;;;;;;;;;;;
CSHETENM45-;TENT, MULTIPURPOSE, 45 m², 6 x 7,5 m + bag;LOG;Camp;Shelters;Tent, Multipurpose;Stockable Product;Single;;;Make to Order;Buy;Average Price;;;Shelters;ITC;Normal;Y;;;;;;;;;;;;;;no;no;; ;;;;;;;;;;;;;;;;;;;
CSHETENM45G;(multipurpose tent 45m²) GROUNDSHEET, PVC;LOG;Camp;Shelters;Tent, Multipurpose;Stockable Product;Single;;;Make to Order;Buy;Average Price;;;Shelters;ITC;Normal;Y;;;;;;;;;;;;;;no;no;; ;;;;;;;;;;;;;;;;;;;
CSHETENM45N;(multipurpose tent 45m²) SHADE NET + frame;LOG;Camp;Shelters;Tent, Multipurpose;Stockable Product;Single;;;Make to Order;Buy;Average Price;;;Shelters;ITC;Normal;Y;;;;;;;;;;;;;;no;no;; ;;;;;;;;;;;;;;;;;;;
CSHETENM45P;(multipurpose tent 45m²) 4 PARTITIONS, mobile, PVC;LOG;Camp;Shelters;Tent, Multipurpose;Stockable Product;Single;;;Make to Order;Buy;Average Price;;;Shelters;ITC;Normal;Y;;;;;;;;;;;;;;no;no;; ;;;;;;;;;;;;;;;;;;;
CSHETENM45R;(multipurpose tent 45m²) INNER TENT, coton + groundsheet;LOG;Camp;Shelters;Tent, Multipurpose;Stockable Product;Single;;;Make to Order;Buy;Average Price;;;Shelters;ITC;Normal;Y;;;;;;;;;;;;;;no;no;; ;;;;;;;;;;;;;;;;;;;
CSHETENT11-;TENT, FOR TEAM, 11 m2, canadian type;LOG;Camp;Shelters;Tent, Team;Stockable Product;Single;;;Make to Order;Buy;Average Price;;;Shelters;ITC;Normal;Y;136;38;;;;;;;;;;;;no;no;;38 J(PME);;;;;;;;;;;;;;;;;;;
CSHETENT28-;TENT, FOR TEAM, 28 m2, UK5;LOG;Camp;Shelters;Tent, Team;Stockable Product;Single;;;Make to Order;Buy;Average Price;;;Shelters;ITC;Normal;Y;;;;;;;;;;;;;;no;no;;38 J(PME);;;;;;;;;;;;;;;;;;;
CSHETENT31-;TENT, FOR TEAM, 21 m2, UK3;LOG;Camp;Shelters;Tent, Team;Stockable Product;Single;;;Make to Order;Buy;Average Price;;;Shelters;ITC;Normal;Y;9;;;;;;;;;;;;;no;no;;38 J(PME);;;;;;;;;;;;;;;;;;;
CSHEWARE2RA;WAREHOUSE, TENT,(Rubhall ) 10 x 24 x 3.35 m aluminium frame;LOG;Camp;Shelters;Warehouse;Stockable Product;Single;;;Make to Order;Buy;Average Price;11784;11784;Shelters;ITC;Normal;Y;6;2;;;;;;;;;;;;no;no;; ;;;;;;;;;;;;;;;;;;;
CSHEWARE2RS;TENT, WAREHOUSE, 10 x 24 x 3.35 m;LOG;Camp;Shelters;Warehouse;Stockable Product;Single;;;Make to Order;Buy;Average Price;112;;Shelters;ITC;Normal;Y;756;2973;;;;;;;;;;;;no;no;; ;;;;;;;;;;;;;;;;;;;
CSHEWARE3RA;WAREHOUSE, TENT, (Rubhall ) 10 x 30 m, aluminium frame;LOG;Camp;Shelters;Warehouse;Stockable Product;Single;;;Make to Order;Buy;Average Price;80;;Shelters;ITC;Normal;Y;;;;;;;;;;;;;;no;no;; ;;;;;;;;;;;;;;;;;;;
CSHEWARE3RS;WAREHOUSE, TENT, (Rubhall ) 10 x 30 m, nylon, steel frame;LOG;Camp;Shelters;Warehouse;Stockable Product;Single;;;Make to Order;Buy;Average Price;90;;Shelters;ITC;Normal;Y;;;;;;;;;;;;;;no;no;; ;;;;;;;;;;;;;;;;;;;
CSHEWARE8RA;WAREHOUSE, TENT, (Rubhall) 10 x 18 m, aluminium frame;LOG;Camp;Shelters;Warehouse;Stockable Product;Single;;;Make to Order;Buy;Average Price;70;;Shelters;ITC;Normal;Y;;;;;;;;;;;;;;no;no;; ;;;;;;;;;;;;;;;;;;;
CSHEWARE8RS;WAREHOUSE, TENT, (Rubhall ) 10 x 18 m, nylon, steel frame;LOG;Camp;Shelters;Warehouse;Stockable Product;Single;;;Make to Order;Buy;Average Price;60;;Shelters;ITC;Normal;Y;;;;;;;;;;;;;;no;no;; ;;;;;;;;;;;;;;;;;;;
CSHEWARES1-;WAREHOUSE, steel structure, 9.3 x 23.8 x 4.8 m;LOG;Camp;Shelters;Warehouse;Stockable Product;Single;;;Make to Order;Buy;Average Price;45;;Shelters;ITC;Normal;Y;;;;;;;;;;;;;;no;no;; ;;;;;;;;;;;;;;;;;;;
CWATALTI01-;ALTIMETER;LOG;Camp;Water and sanitation;Altimeter;Stockable Product;Single;;;Make to Order;Buy;Average Price;;;Water and sanitation;ITC;Normal;Y;;;;;;;;;;;;;;no;no;; ;;;;;;;;;;;;;;;;;;;
CWATBEAK1P-;BEAKER, plastic, 1 litre, graduated;LOG;Camp;Water and sanitation;beaker, 1 l, graduated, plastic;Stockable Product;Single;;;Make to Order;Buy;Average Price;;;Water and sanitation;ITC;Normal;Y;;;;;;;;;;;;;;no;no;; ;;;;;;;;;;;;;;;;;;;
CWATCOUC012;BAND CLIPS, 12 - 22 mm, stainless;LOG;Camp;Water and sanitation;Coupling, Collar, Clip;Stockable Product;Single;;;Make to Order;Buy;Average Price;;;Water and sanitation;ITC;Normal;Y;;;;;;;;;;;;;;no;no;; ;;;;;;;;;;;;;;;;;;;
CWATCOUC3S1;FERRULE STRAP 1', self-boring, threa. fem, for ext Ø  90;LOG;Camp;Water and sanitation;Coupling, Collar, Clip;Stockable Product;Single;;;Make to Order;Buy;Average Price;;;Water and sanitation;ITC;Normal;Y;;;;;;;;;;;;;;no;no;; ;;;;;;;;;;;;;;;;;;;
CWATCOUCN3-;(Notched half coupling 3' Ø 75) 3 PARTS CLAMP;LOG;Camp;Water and sanitation;Coupling, Collar, Clip;Stockable Product;Single;;;Make to Order;Buy;Average Price;;;Water and sanitation;ITC;Normal;Y;;;;;;;;;;;;;;no;no;; ;;;;;;;;;;;;;;;;;;;
CWATCOUCN4-;(Notched half coupling 4' Ø 100) 3 PARTS CLAMP;LOG;Camp;Water and sanitation;Coupling, Collar, Clip;Stockable Product;Single;;;Make to Order;Buy;Average Price;;;Water and sanitation;ITC;Normal;Y;;;;;;;;;;;;;;no;no;; ;;;;;;;;;;;;;;;;;;;
CWATCOUH2F-;SYMM. HALF COUPLING 2' ND50, threaded fem, w/o lock;LOG;Camp;Water and sanitation;Coupling, Half;Stockable Product;Single;;;Make to Order;Buy;Average Price;;;Water and sanitation;ITC;Normal;Y;;;;;;;;;;;;;;no;no;; ;;;;;;;;;;;;;;;;;;;
CWATCOUH2FL;SYMM. HALF COUPLING 2' ND50, threaded fem., + lock;LOG;Camp;Water and sanitation;Coupling, Half;Stockable Product;Single;;;Make to Order;Buy;Average Price;;;Water and sanitation;ITC;Normal;Y;;;;;;;;;;;;;;no;no;; ;;;;;;;;;;;;;;;;;;;
CWATCOUH2M-;SYMM. HALF COUPLING 2' ND50, threaded male, without lock;LOG;Camp;Water and sanitation;Coupling, Half;Stockable Product;Single;;;Make to Order;Buy;Average Price;;;Water and sanitation;ITC;Normal;Y;;;;;;;;;;;;;;no;no;; ;;;;;;;;;;;;;;;;;;;
CWATCOUH2ML;SYMM. HALF COUPLING 2' ND50, threaded male, + lock;LOG;Camp;Water and sanitation;Coupling, Half;Stockable Product;Single;;;Make to Order;Buy;Average Price;;;Water and sanitation;ITC;Normal;Y;;;;;;;;;;;;;;no;no;; ;;;;;;;;;;;;;;;;;;;
CWATCOUH2NL;SYMM. HALF COUPLING 2' ND50, grooved, + lock;LOG;Camp;Water and sanitation;Coupling, Half;Stockable Product;Single;;;Make to Order;Buy;Average Price;;;Water and sanitation;ITC;Normal;Y;;;;;;;;;;;;;;no;no;; ;;;;;;;;;;;;;;;;;;;
CWATCOUH3F-;SYMM. HALF COUPLING 3' ND80, threaded fem., without lock;LOG;Camp;Water and sanitation;Coupling, Half;Stockable Product;Single;;;Make to Order;Buy;Average Price;;;Water and sanitation;ITC;Normal;Y;;;;;;;;;;;;;;no;no;; ;;;;;;;;;;;;;;;;;;;
CWATCOUH3FL;SYMM. HALF COUPLING 3' ND80, threaded fem., + lock;LOG;Camp;Water and sanitation;Coupling, Half;Stockable Product;Single;;;Make to Order;Buy;Average Price;;;Water and sanitation;ITC;Normal;Y;3;;;;;;;;;;;;;no;no;; ;;;;;;;;;;;;;;;;;;;
CWATCOUH3GL;SYMM. HALF COUPLING 3' ND80, notched reduced diam 75, + lock;LOG;Camp;Water and sanitation;Coupling, Half;Stockable Product;Single;;;Make to Order;Buy;Average Price;;;Water and sanitation;ITC;Normal;Y;;;;;;;;;;;;;;no;no;; ;;;;;;;;;;;;;;;;;;;
CWATCOUH3M-;SYMM. HALF COUPLING 3' ND80, threaded male, without lock;LOG;Camp;Water and sanitation;Coupling, Half;Stockable Product;Single;;;Make to Order;Buy;Average Price;;;Water and sanitation;ITC;Normal;Y;;;;;;;;;;;;;;no;no;; ;;;;;;;;;;;;;;;;;;;
CWATCOUH3ML;SYMM. HALF COUPLING 3' ND80, threaded male, + lock;LOG;Camp;Water and sanitation;Coupling, Half;Stockable Product;Single;;;Make to Order;Buy;Average Price;;;Water and sanitation;ITC;Normal;Y;3;;;;;;;;;;;;;no;no;; ;;;;;;;;;;;;;;;;;;;
CWATCOUH3NL;SYMM. HALF COUPLING 3' ND80, grooved Ø 90, + lock;LOG;Camp;Water and sanitation;Coupling, Half;Stockable Product;Single;;;Make to Order;Buy;Average Price;;;Water and sanitation;ITC;Normal;Y;;;;;;;;;;;;;;no;no;; ;;;;;;;;;;;;;;;;;;;
CWATCOUH3NR;SYMM. HALF COUPLING 3' ND80, grooved reduced Ø 75 + lock;LOG;Camp;Water and sanitation;Coupling, Half;Stockable Product;Single;;;Make to Order;Buy;Average Price;;;Water and sanitation;ITC;Normal;Y;;;;;;;;;;;;;;no;no;; ;;;;;;;;;;;;;;;;;;;
CWATCOUH4F-;SYMM. HALF COUPLING 4' ND100, threaded fem., without lock;LOG;Camp;Water and sanitation;Coupling, Half;Stockable Product;Single;;;Make to Order;Buy;Average Price;;;Water and sanitation;ITC;Normal;Y;;;;;;;;;;;;;;no;no;; ;;;;;;;;;;;;;;;;;;;
CWATCOUH4FL;SYMM. HALF COUPLING 4' ND100, threaded fem., + lock;LOG;Camp;Water and sanitation;Coupling, Half;Stockable Product;Single;;;Make to Order;Buy;Average Price;;;Water and sanitation;ITC;Normal;Y;;;;;;;;;;;;;;no;no;; ;;;;;;;;;;;;;;;;;;;
CWATCOUH4GL;SYMM. HALF COUPLING 4' ND100, notched Ø 100, + lock;LOG;Camp;Water and sanitation;Coupling, Half;Stockable Product;Single;;;Make to Order;Buy;Average Price;;;Water and sanitation;ITC;Normal;Y;;1;;;;;;;;;;;;no;no;; ;;;;;;;;;;;;;;;;;;;
CWATCOUH4M-;SYMM. HALF COUPLING 4' ND100, threaded male, without lock;LOG;Camp;Water and sanitation;Coupling, Half;Stockable Product;Single;;;Make to Order;Buy;Average Price;;;Water and sanitation;ITC;Normal;Y;;;;;;;;;;;;;;no;no;; ;;;;;;;;;;;;;;;;;;;
CWATCOUH4ML;SYMM. HALF COUPLING 4' ND100, threaded male, + lock;LOG;Camp;Water and sanitation;Coupling, Half;Stockable Product;Single;;;Make to Order;Buy;Average Price;;;Water and sanitation;ITC;Normal;Y;;;;;;;;;;;;;;no;no;; ;;;;;;;;;;;;;;;;;;;
CWATCOUH4NL;SYMM. HALF COUPLING 4' ND100, grooved Ø 100, + lock;LOG;Camp;Water and sanitation;Coupling, Half;Stockable Product;Single;;;Make to Order;Buy;Average Price;;;Water and sanitation;ITC;Normal;Y;;;;;;;;;;;;;;no;no;; ;;;;;;;;;;;;;;;;;;;
CWATCOUNT22;LONG TUBE COUPLING , 2' ND50 threa. male/fem, galva, 2500 mm;LOG;Camp;Water and sanitation;Coupling, Nipple;Stockable Product;Single;;;Make to Order;Buy;Average Price;;;Water and sanitation;ITC;Normal;Y;;;;;;;;;;;;;;no;no;; ;;;;;;;;;;;;;;;;;;;
CWATCOUNT34;LONG TUBE COUPLING 3/4', w/o threa./fem., galva, l.1000mm;LOG;Camp;Water and sanitation;Coupling, Nipple;Stockable Product;Single;;;Make to Order;Buy;Average Price;;;Water and sanitation;ITC;Normal;Y;;;;;;;;;;;;;;no;no;; ;;;;;;;;;;;;;;;;;;;
CWATCOUP34P;(container 120 l) PLUG, 3/4', threat male,  polypropylen;LOG;Camp;Water and sanitation;Coupling;Stockable Product;Single;;;Make to Order;Buy;Average Price;;;Water and sanitation;ITC;Normal;Y;;;;;;;;;;;;;;no;no;; ;;;;;;;;;;;;;;;;;;;
CWATCOUP3H-;(symm. half coupling 3? ND80) PLUG with chain;LOG;Camp;Water and sanitation;Coupling;Stockable Product;Single;;;Make to Order;Buy;Average Price;;;Water and sanitation;ITC;Normal;Y;;;;;;;;;;;;;;no;no;; ;;;;;;;;;;;;;;;;;;;
CWATCOUP4H-;(Symm. half coupling 4' ND100)  PLUG with chain;LOG;Camp;Water and sanitation;Coupling;Stockable Product;Single;;;Make to Order;Buy;Average Price;;;Water and sanitation;ITC;Normal;Y;;;;;;;;;;;;;;no;no;; ;;;;;;;;;;;;;;;;;;;
CWATCOUR23H;(symm. 1/2 coupl.) REDUCER COUPLING, 2'-3', ND50/ND80 + lock;LOG;Camp;Water and sanitation;Coupling, Reducer;Stockable Product;Single;;;Make to Order;Buy;Average Price;;;Water and sanitation;ITC;Normal;Y;;;;;;;;;;;;;;no;no;; ;;;;;;;;;;;;;;;;;;;
CWATCOUR34H;(symm. 1/2 coupl,) REDUCER COUPLING, 3'-4' ND80/ND100 + lock;LOG;Camp;Water and sanitation;Coupling, Reducer;Stockable Product;Single;;;Make to Order;Buy;Average Price;;;Water and sanitation;ITC;Normal;Y;;;;;;;;;;;;;;no;no;; ;;;;;;;;;;;;;;;;;;;
CWATCOUT3FP;T COUPLING 3' ND80, threaded fem x 3, PVC;LOG;Camp;Water and sanitation;Coupling, T;Stockable Product;Single;;;Make to Order;Buy;Average Price;;;Water and sanitation;ITC;Normal;Y;;;;;;;;;;;;;;no;no;; ;;;;;;;;;;;;;;;;;;;
CWATCOUY2H3;(Sym 1/2 coupling) Y COUPLING   2'/3', 1xND80 + lock/ 2xND50;LOG;Camp;Water and sanitation;Coupling, Y;Stockable Product;Single;;;Make to Order;Buy;Average Price;;;Water and sanitation;ITC;Normal;Y;;;;;;;;;;;;;;no;no;; ;;;;;;;;;;;;;;;;;;;
CWATCOUY3H-;(Sym 1/2 coupling) Y COUPLING   3', ND80 x 3, + lock;LOG;Camp;Water and sanitation;Coupling, Y;Stockable Product;Single;;;Make to Order;Buy;Average Price;;;Water and sanitation;ITC;Normal;Y;;;;;;;;;;;;;;no;no;; ;;;;;;;;;;;;;;;;;;;
CWATCOUY3H4;(Sym 1/2 coupling) Y COUPLING   3'/4',1xND100/2xND80, + lock;LOG;Camp;Water and sanitation;Coupling, Y;Stockable Product;Single;;;Make to Order;Buy;Average Price;;;Water and sanitation;ITC;Normal;Y;;;;;;;;;;;;;;no;no;; ;;;;;;;;;;;;;;;;;;;
CWATCOUY4H-;(Sym 1/2 coupling) Y COUPLING   4', ND100 x 3, + lock;LOG;Camp;Water and sanitation;Coupling, Y;Stockable Product;Single;;;Make to Order;Buy;Average Price;;;Water and sanitation;ITC;Normal;Y;;;;;;;;;;;;;;no;no;; ;;;;;;;;;;;;;;;;;;;
CWATDOSP06-;DOSING PUMP, 0.7 to 23 m³/h;LOG;Camp;Water and sanitation;dosing pump;Stockable Product;Single;;;Make to Order;Buy;Average Price;;;Water and sanitation;ITC;Normal;Y;16;;;;;;;;;;;;;no;no;; ;;;;;;;;;;;;;;;;;;;
CWATDOSPBP-;(dosing pump) BYPASS MODULE;LOG;Camp;Water and sanitation;dosing pump;Stockable Product;Single;;;Make to Order;Buy;Average Price;;;Water and sanitation;ITC;Normal;Y;154;;;;;;;;;;;;;no;no;; ;;;;;;;;;;;;;;;;;;;
CWATDOSPFR-;(dosing pump) FLOW REGULATOR with spring + spare spring;LOG;Camp;Water and sanitation;dosing pump;Stockable Product;Single;;;Make to Order;Buy;Average Price;;;Water and sanitation;ITC;Normal;Y;;;;;;;;;;;;;;no;no;; ;;;;;;;;;;;;;;;;;;;
CWATDOSPGS-;(dosing pump) GASKET SET;LOG;Camp;Water and sanitation;dosing pump;Stockable Product;Single;;;Make to Order;Buy;Average Price;;;Water and sanitation;ITC;Normal;Y;;;;;;;;;;;;;;no;no;; ;;;;;;;;;;;;;;;;;;;
CWATDOSPPF-;(dosing pump) PROTECTION FILTER (100 µ);LOG;Camp;Water and sanitation;dosing pump;Stockable Product;Single;;;Make to Order;Buy;Average Price;;;Water and sanitation;ITC;Normal;Y;;;;;;;;;;;;;;no;no;; ;;;;;;;;;;;;;;;;;;;
CWATDOSPUG-;(dosing pump) USER GUIDE + CD ROM;LOG;Camp;Water and sanitation;dosing pump;Stockable Product;Single;;;Make to Order;Buy;Average Price;;;Water and sanitation;ITC;Normal;Y;;;;;;;;;;;;;;no;no;; ;;;;;;;;;;;;;;;;;;;
CWATFILT05P;FILTER, water, manual pump, 0.5 l/mn, pocket size;LOG;Camp;Water and sanitation;Filter, water;Stockable Product;Single;;;Make to Order;Buy;Average Price;;;Water and sanitation;ITC;Normal;Y;;;;;;;;;;;;;;no;no;; ;;;;;;;;;;;;;;;;;;;
CWATFILT06P;FILTER, water, personnal Pentasport, charcoal/resin refill;LOG;Camp;Water and sanitation;Filter, water;Stockable Product;Single;;;Make to Order;Buy;Average Price;;;Water and sanitation;ITC;Normal;Y;;;;;;;;;;;;;;no;no;; ;;;;;;;;;;;;;;;;;;;
CWATFILT06R;(filter, water, personal Pentasport) REFILL charcoal/resin;LOG;Camp;Water and sanitation;Filter, water;Stockable Product;Single;;;Make to Order;Buy;Average Price;;;Water and sanitation;ITC;Normal;Y;;;;;;;;;;;;;;no;no;; ;;;;;;;;;;;;;;;;;;;
CWATFILT1K-;FILTER, WATER, WITH CANDLES, 10 l;LOG;Camp;Water and sanitation;Filter, water;Stockable Product;Single;;;Make to Order;Buy;Average Price;;;Water and sanitation;ITC;Normal;Y;;;;;;;;;;;;;;no;no;; ;;;;;;;;;;;;;;;;;;;
CWATFILT1P-;FILTER, water, Katadyn , for large pocket !!!;LOG;Camp;Water and sanitation;Filter, water;Stockable Product;Single;;;Make to Order;Buy;Average Price;;;Water and sanitation;ITC;Normal;Y;;;;;;;;;;;;;;no;no;; ;;;;;;;;;;;;;;;;;;;
CWATFILT1S-;FILTER, syphon, 1 candle, Bekerfeld;LOG;Camp;Water and sanitation;Filter, water;Stockable Product;Single;;;Make to Order;Buy;Average Price;;;Water and sanitation;ITC;Normal;Y;;;;;;;;;;;;;;no;no;; ;;;;;;;;;;;;;;;;;;;
CWATFILT1T-;FILTER, for tap;LOG;Camp;Water and sanitation;Filter, water;Stockable Product;Single;;;Make to Order;Buy;Average Price;;;Water and sanitation;ITC;Normal;Y;;;;;;;;;;;;;;no;no;; ;;;;;;;;;;;;;;;;;;;
CWATHOSE2SD;SPIRALLED HOSE + SET COUPLINGS, 2', NP10, 1.20m;LOG;Camp;Water and sanitation;Hose;Stockable Product;Single;;;Make to Order;Buy;Average Price;;;Water and sanitation;ITC;Normal;Y;;;;;;;;;;;;;;no;no;; ;;;;;;;;;;;;;;;;;;;
CWATHOSE3DR;(latrine emptying) DIVING ROD 3', HDPE (3*1.2m);LOG;Camp;Water and sanitation;Hose;Stockable Product;Single;;;Make to Order;Buy;Average Price;;;Water and sanitation;ITC;Normal;Y;;;;;;;;;;;;;;no;no;; ;;;;;;;;;;;;;;;;;;;
CWATHOSE3P0;RIGID PVC HOSE to fit, 3' int Ø 90, NP10, per meter;LOG;Camp;Water and sanitation;Hose;Stockable Product;Single;;;Make to Order;Buy;Average Price;;;Water and sanitation;ITC;Normal;Y;1;;;;;;;;;;;;;no;no;; ;;;;;;;;;;;;;;;;;;;
CWATHOSE3P6;RIGID PVC HOSE to fit, 3' int Ø 90, NP16, per meter;LOG;Camp;Water and sanitation;Hose;Stockable Product;Single;;;Make to Order;Buy;Average Price;;;Water and sanitation;ITC;Normal;Y;;;;;;;;;;;;;;no;no;; ;;;;;;;;;;;;;;;;;;;
CWATHOSE3SC;SPIRALLED HOSE + SET COUPLINGS, 3' int Ø 75, SP5, 8 m;LOG;Camp;Water and sanitation;Hose;Stockable Product;Single;;;Make to Order;Buy;Average Price;;;Water and sanitation;ITC;Normal;Y;165;1;;;;;;;;;;;;no;no;; ;;;;;;;;;;;;;;;;;;;
CWATHOSE4SC;SPIRALLED HOSE + SET COUPLINGS, 4' int. Ø 100, SP4, 8 m;LOG;Camp;Water and sanitation;Hose;Stockable Product;Single;;;Make to Order;Buy;Average Price;;;Water and sanitation;ITC;Normal;Y;;;;;;;;;;;;;;no;no;; ;;;;;;;;;;;;;;;;;;;
CWATHOSEDRH;(diving rod) HANDLEBAR;LOG;Camp;Water and sanitation;Hose;Stockable Product;Single;;;Make to Order;Buy;Average Price;;;Water and sanitation;ITC;Normal;Y;;;;;;;;;;;;;;no;no;; ;;;;;;;;;;;;;;;;;;;
CWATHOSEFT-;HOSE, FLEXIBLE, transparent, Ø 15-19 mm, per meter;LOG;Camp;Water and sanitation;Hose;Stockable Product;Single;;;Make to Order;Buy;Average Price;;;Water and sanitation;ITC;Normal;Y;;;;;;;;;;;;;;no;no;; ;;;;;;;;;;;;;;;;;;;
CWATHOSF2D-;HOSE, FLAT, 2', delivery, per meter;LOG;Camp;Water and sanitation;Hose;Stockable Product;Single;;;Make to Order;Buy;Average Price;;;Water and sanitation;ITC;Normal;Y;;;;;;;;;;;;;;no;no;; ;;;;;;;;;;;;;;;;;;;
CWATHOSF2G1;HOSE, FLAT, 2', delivery + set Guillemin couplings, 10 m;LOG;Camp;Water and sanitation;Hose;Stockable Product;Single;;;Make to Order;Buy;Average Price;;;Water and sanitation;ITC;Normal;Y;;;;;;;;;;;;;;no;no;; ;;;;;;;;;;;;;;;;;;;
CWATHOSF3D-;HOSE, FLAT, 3', delivery, int. Ø 75, per meter;LOG;Camp;Water and sanitation;Hose;Stockable Product;Single;;;Make to Order;Buy;Average Price;;;Water and sanitation;ITC;Normal;Y;;;;;;;;;;;;;;no;no;; ;;;;;;;;;;;;;;;;;;;
CWATHOSF3D5;HOSE, FLAT, 3', delivery, int. Ø 75, SP15, per meter;LOG;Camp;Water and sanitation;Hose;Stockable Product;Single;;;Make to Order;Buy;Average Price;;;Water and sanitation;ITC;Normal;Y;;;;;;;;;;;;;;no;no;; ;;;;;;;;;;;;;;;;;;;
CWATHOSF4D-;HOSE, FLAT, 4', delivery, int. Ø 100, PS8, per meter;LOG;Camp;Water and sanitation;Hose;Stockable Product;Single;;;Make to Order;Buy;Average Price;;;Water and sanitation;ITC;Normal;Y;;;;;;;;;;;;;;no;no;; ;;;;;;;;;;;;;;;;;;;
CWATHOSF4G1;HOSE, FLAT, 4', delivery + 2 Guillemin couplings, 15 m;LOG;Camp;Water and sanitation;Hose;Stockable Product;Single;;;Make to Order;Buy;Average Price;;;Water and sanitation;ITC;Normal;Y;;;;;;;;;;;;;;no;no;; ;;;;;;;;;;;;;;;;;;;
CWATHOSF4G2;HOSE, FLAT, 4', delivery + 2 Guillemin couplings, 20 m;LOG;Camp;Water and sanitation;Hose;Stockable Product;Single;;;Make to Order;Buy;Average Price;;;Water and sanitation;ITC;Normal;Y;;;;;;;;;;;;;;no;no;; ;;;;;;;;;;;;;;;;;;;
CWATHOSS2F-;HOSE, SPIRAL, 2' + 2 filter couplings, 1.5 m;LOG;Camp;Water and sanitation;Hose;Stockable Product;Single;;;Make to Order;Buy;Average Price;;;Water and sanitation;ITC;Normal;Y;;;;;;;;;;;;;;no;no;; ;;;;;;;;;;;;;;;;;;;
CWATHOSS2G-;HOSE, SPIRAL, 2' + filter coupl. + Guillemin coupling, 1.5 m;LOG;Camp;Water and sanitation;Hose;Stockable Product;Single;;;Make to Order;Buy;Average Price;;;Water and sanitation;ITC;Normal;Y;;;;;;;;;;;;;;no;no;; ;;;;;;;;;;;;;;;;;;;
CWATHOSS2G1;HOSE, SPIRAL, 2' + set Guillemin couplings, SP6, 1.5 m;LOG;Camp;Water and sanitation;Hose;Stockable Product;Single;;;Make to Order;Buy;Average Price;;;Water and sanitation;ITC;Normal;Y;;;;;;;;;;;;;;no;no;; ;;;;;;;;;;;;;;;;;;;
CWATHOSS2G2;HOSE, SPIRAL, 2' + set Guillemin couplings, SP6, 2 m;LOG;Camp;Water and sanitation;Hose;Stockable Product;Single;;;Make to Order;Buy;Average Price;;;Water and sanitation;ITC;Normal;Y;;;;;;;;;;;;;;no;no;; ;;;;;;;;;;;;;;;;;;;
CWATHOSS2S-;HOSE, SPIRAL, 2', suction/delivery, SP6, per metre;LOG;Camp;Water and sanitation;Hose;Stockable Product;Single;;;Make to Order;Buy;Average Price;;;Water and sanitation;ITC;Normal;Y;;;;;;;;;;;;;;no;no;; ;;;;;;;;;;;;;;;;;;;
CWATHOSS2SC;HOSE, SPIRAL, 2' + set couplings, SP6, 8 m;LOG;Camp;Water and sanitation;Hose;Stockable Product;Single;;;Make to Order;Buy;Average Price;;;Water and sanitation;ITC;Normal;Y;;;;;;;;;;;;;;no;no;; ;;;;;;;;;;;;;;;;;;;
CWATHOSS2SD;HOSE, SPIRAL, 2' + set couplings, NP10, 1.2 m;LOG;Camp;Water and sanitation;Hose;Stockable Product;Single;;;Make to Order;Buy;Average Price;;;Water and sanitation;ITC;Normal;Y;;;;;;;;;;;;;;no;no;; ;;;;;;;;;;;;;;;;;;;
CWATHOSS3S-;HOSE, SPIRAL, 3', suction/delivery, SP5, per metre;LOG;Camp;Water and sanitation;Hose;Stockable Product;Single;;;Make to Order;Buy;Average Price;;;Water and sanitation;ITC;Normal;Y;;;;;;;;;;;;;;no;no;; ;;;;;;;;;;;;;;;;;;;
CWATHOSS3SC;HOSE, SPIRAL, 3' + set couplings, int. Ø 75, SP5, 8 m;LOG;Camp;Water and sanitation;Hose;Stockable Product;Single;;;Make to Order;Buy;Average Price;;;Water and sanitation;ITC;Normal;Y;165;1;;;;;;;;;;;;no;no;; ;;;;;;;;;;;;;;;;;;;
CWATHOSS4S-;HOSE, SPIRAL, 4', suction/delivery, SP4, per metre;LOG;Camp;Water and sanitation;Hose;Stockable Product;Single;;;Make to Order;Buy;Average Price;;;Water and sanitation;ITC;Normal;Y;;;;;;;;;;;;;;no;no;; ;;;;;;;;;;;;;;;;;;;
CWATHOSS4SC;HOSE, SPIRAL, 4' + set couplings, int. Ø 100, SP4, 8 m;LOG;Camp;Water and sanitation;Hose;Stockable Product;Single;;;Make to Order;Buy;Average Price;;;Water and sanitation;ITC;Normal;Y;;;;;;;;;;;;;;no;no;; ;;;;;;;;;;;;;;;;;;;
CWATICOF3G-;INSECTICIDE AGAINST COCKROACHES, fipronil 0.05%, 35 g;LOG;Camp;Water and sanitation;Insecticide against cockroaches;Stockable Product;Single;;;Make to Order;Buy;Average Price;;;Water and sanitation;ITC;Normal;Y;14;1;;;;;;;;;;;;no;no;X;;;;;;;;;;;;;;;;;;;;
CWATICOF3GC;(insecticide against cockroaches) CARTRIDGE, 35g, set of 4;LOG;Camp;Water and sanitation;Insecticide against cockroaches;Stockable Product;Single;;;Make to Order;Buy;Average Price;;;Water and sanitation;ITC;Normal;Y;14;1;;;;;;;;;;;;no;no;X;;;;;;;;;;;;;;;;;;;;
CWATICOF3GG;(insecticide against cockroaches) GUN BaitGun®;LOG;Camp;Water and sanitation;Insecticide against cockroaches;Stockable Product;Single;;;Make to Order;Buy;Average Price;;;Water and sanitation;ITC;Normal;Y;14;1;;;;;;;;;;;;no;no;X;;;;;;;;;;;;;;;;;;;;
CWATIIDU2--;INSECTICIDE FOR DUSTING, permethrin 0.75%, powder, 200 g;LOG;Camp;Water and sanitation;Insecticide fr insecticidal dusting;Stockable Product;Single;;;Make to Order;Buy;Average Price;;;Water and sanitation;ITC;Normal;Y;;;;;;;;;;;;;;no;no;X;;;;;;;;;;;;;;;;;;;;
CWATIIDU5--;INSECTICIDE FOR DUSTING, permethrin 0.75%, powder, 500 g;LOG;Camp;Water and sanitation;Insecticide fr insecticidal dusting;Stockable Product;Single;;;Make to Order;Buy;Average Price;;;Water and sanitation;ITC;Normal;Y;;;;;;;;;;;;;;no;no;X;;;;;;;;;;;;;;;;;;;;
CWATIIDU5B-;INSECTICIDE FOR DUSTING, permethrin 0.75%, powder, 5 kg;LOG;Camp;Water and sanitation;Insecticide fr insecticidal dusting;Stockable Product;Single;;;Make to Order;Buy;Average Price;;;Water and sanitation;ITC;Normal;Y;;;;;;;;;;;;;;no;no;X;;;;;;;;;;;;;;;;;;;;
CWATIIRSSC-;INSECTICIDE FOR RESIDUAL SPRAYING, suspension conc., bottle;LOG;Camp;Water and sanitation;Insecticide for IRS;Stockable Product;Single;;;Make to Order;Buy;Average Price;;;Water and sanitation;ITC;Normal;Y;;;;;;;;;;;;;;no;no;X;;;;;;;;;;;;;;;;;;;;
CWATPUMD024;MOTOR PUMP DIESEL Lister AA1, 24 m3/h. max. 30 m max., 2';LOG;Camp;Water and sanitation;Motor Pump Diesel;Stockable Product;Single;;;Make to Order;Buy;Average Price;412;;Water and sanitation;ITC;Normal;Y;;;;;;;;;;;;;;no;no;;38 J(PME);;;;;;;;;;;;;;;;;;;
CWATPUMD037;MOTOR PUMP DIESEL, Lombardini 45 m3/h. max. 28 m max., 2';LOG;Camp;Water and sanitation;Motor Pump Diesel;Stockable Product;Single;;;Make to Order;Buy;Average Price;435;;Water and sanitation;ITC;Normal;Y;;76;;;;;;;;;;;;no;no;;38 J(PME);;;;;;;;;;;;;;;;;;;
CWATPUMD054;MOTOR PUMP DIESEL Robin DY23, 54 m3/h max., 27 m max., 3';LOG;Camp;Water and sanitation;Motor Pump Diesel;Stockable Product;Single;;;Make to Order;Buy;Average Price;384;;Water and sanitation;ITC;Normal;Y;;;;;;;;;;;;;;no;no;; ;;;;;;;;;;;;;;;;;;;
CWATPUMD062;MOTOR PUMP DIESEL Lombard. 15LD, 62 m3/h. max. 28 m max., 3';LOG;Camp;Water and sanitation;Motor Pump Diesel;Stockable Product;Single;;;Make to Order;Buy;Average Price;460;;Water and sanitation;ITC;Normal;Y;;;;;;;;;;;;;;no;no;; ;;;;;;;;;;;;;;;;;;;
CWATPUMD065;MOTOR PUMP DIESEL J70, engine LDA450 70M3 for15m;LOG;Camp;Water and sanitation;Motor Pump Diesel;Stockable Product;Single;;;Make to Order;Buy;Average Price;540;;Water and sanitation;ITC;Normal;Y;;;;;;;;;;;;;;no;no;; ;;;;;;;;;;;;;;;;;;;
CWATPUMD130;MOTOR PUMP DIESEL, high yield, 130 m3/h max 42 m max;LOG;Camp;Water and sanitation;Motor Pump Diesel;Stockable Product;Single;;;Make to Order;Buy;Average Price;;;Water and sanitation;ITC;Normal;Y;18;4;;;;;;;;;;;;no;no;; ;;;;;;;;;;;;;;;;;;;
CWATPUMD18H;MOTOR PUMP DIESEL, high head, 18 m3/h max, 70 m max;LOG;Camp;Water and sanitation;Motor Pump Diesel;Stockable Product;Single;;;Make to Order;Buy;Average Price;;;Water and sanitation;ITC;Normal;Y;;;;;;;;;;;;;;no;no;X;;;;;;;;;;;;;;;;;;;;
CWATPUMDP48;MOTOR PUMP DIESEL, high head, max. 48m3/h, max.150 m 3';LOG;Camp;Water and sanitation;Motor Pump Diesel;Stockable Product;Single;;;Make to Order;Buy;Average Price;;;Water and sanitation;ITC;Normal;Y;18;46;;;;;;;;;;;;no;no;; ;;;;;;;;;;;;;;;;;;;
CWATPUMDP56;MOTOR PUMP DIESEL, Atlanta 8LD740.2L 56 m3 at 65 m;LOG;Camp;Water and sanitation;Motor Pump Diesel;Stockable Product;Single;;;Make to Order;Buy;Average Price;;;Water and sanitation;ITC;Normal;Y;;;;;;;;;;;;;;no;no;;38 J(PME);;;;;;;;;;;;;;;;;;;
CWATPUME1D-;PUMP, ELECTRICAL, DRAINAGE;LOG;Camp;Water and sanitation;Motor Pump Electrical;Stockable Product;Single;;;Make to Order;Buy;Average Price;;;Water and sanitation;ITC;Normal;Y;23;25;;;;;;;;;;;;no;no;; ;;;;;;;;;;;;;;;;;;;
CWATPUMED2-;PUMP, ELECTRICAL, DEWATERING, 20 m³/h max, 14 m max;LOG;Camp;Water and sanitation;Motor Pump Electrical;Stockable Product;Single;;;Make to Order;Buy;Average Price;;;Water and sanitation;ITC;Normal;Y;;;;;;;;;;;;;;no;no;; ;;;;;;;;;;;;;;;;;;;
CWATPUMED2U;(dewatering electrical pump, 20 m³/h) USER MANUAL;LOG;Camp;Water and sanitation;Motor Pump Electrical;Stockable Product;Single;;;Make to Order;Buy;Average Price;;;Water and sanitation;ITC;Normal;Y;;;;;;;;;;;;;;no;no;; ;;;;;;;;;;;;;;;;;;;
CWATPUMP03-;MOTOR PUMP, PETROL, MEMBRANE, 3', for latrine emptying;LOG;Camp;Water and sanitation;Motor Pump, Petrol;Stockable Product;Single;;;Make to Order;Buy;Average Price;;;Water and sanitation;ITC;Normal;Y;;;;;;;;;;;;;;no;no;X;;;;;;;;;;;;;;;;;;;;
CWATPUMP030;MOTOR PUMP PETROL, Lombardini 30 m3/h max., 23 m max., 2';LOG;Camp;Water and sanitation;Motor Pump, Petrol;Stockable Product;Single;;;Make to Order;Buy;Average Price;;;Water and sanitation;ITC;Normal;Y;;;;;;;;;;;;;;no;no;;38 J(PME);;;;;;;;;;;;;;;;;;;
CWATPUMP03M;(motor pump, petrol, membrane, 3') NEOPRENE MEMBRANE;LOG;Camp;Water and sanitation;Motor Pump, Petrol;Stockable Product;Single;;;Make to Order;Buy;Average Price;;;Water and sanitation;ITC;Normal;Y;;;;;;;;;;;;;;no;no;; ;;;;;;;;;;;;;;;;;;;
CWATPUMPD03;MOTOR PUMP, PETROL, MEMBRANE type, Robin EY20, 3';LOG;Camp;Water and sanitation;Motor Pump, Petrol;Stockable Product;Single;;;Make to Order;Buy;Average Price;;;Water and sanitation;ITC;Normal;Y;;;;;;;;;;;;;;no;no;; ;;;;;;;;;;;;;;;;;;;
CWATPUMPP35;MOTOR PUMP, PETROL, Honda WH20DF, 35 m³/h max. 45 m max., 2';LOG;Camp;Water and sanitation;Motor Pump, Petrol;Stockable Product;Single;;;Make to Order;Buy;Average Price;;;Water and sanitation;ITC;Normal;Y;;;;;;;;;;;;;;no;no;; ;;;;;;;;;;;;;;;;;;;
CWATSPRA12G;(sprayer,12 l, IK 12BS) spare GASKET;LOG;Camp;Water and sanitation;Sprayer;Stockable Product;Single;;;Make to Order;Buy;Average Price;;;Water and sanitation;ITC;Normal;Y;;;;;;;;;;;;;;no;no;; ;;;;;;;;;;;;;;;;;;;
CWATSPRA12L;(sprayer, 12 l, IK 12BS) spare extension LANCE;LOG;Camp;Water and sanitation;Sprayer;Stockable Product;Single;;;Make to Order;Buy;Average Price;;;Water and sanitation;ITC;Normal;Y;;;;;;;;;;;;;;no;no;; ;;;;;;;;;;;;;;;;;;;
CWATSPRA12N;(sprayer, 12 l, IK 12BS) spare NOZZLE;LOG;Camp;Water and sanitation;Sprayer;Stockable Product;Single;;;Make to Order;Buy;Average Price;;;Water and sanitation;ITC;Normal;Y;;;;;;;;;;;;;;no;no;; ;;;;;;;;;;;;;;;;;;;
CWATSPRA12R;(sprayer, 12 l, IK 12BS) REPAIR KIT;LOG;Camp;Water and sanitation;Sprayer;Stockable Product;Single;;;Make to Order;Buy;Average Price;;;Water and sanitation;ITC;Normal;Y;;;;;;;;;;;;;;no;no;; ;;;;;;;;;;;;;;;;;;;
CWATSPRA13G;(sprayer,12 l, IK 12BS) spare GASKET;LOG;Camp;Water and sanitation;Sprayer;Stockable Product;Single;;;Make to Order;Buy;Average Price;;;Water and sanitation;ITC;Normal;Y;;;;;;;;;;;;;;no;no;; ;;;;;;;;;;;;;;;;;;;
CWATSPRABRA;PUMP CAP ASSEMBLY (nr 18) HD 149-102;LOG;Camp;Water and sanitation;Sprayer;Stockable Product;Single;;;Make to Order;Buy;Average Price;;;Water and sanitation;ITC;Normal;Y;;;;;;;;;;;;;;no;no;;18 J(A);;;;;;;;;;;;;;;;;;;
CWATSPRACAP;NOZZLE BODY CAP (nr 60) HD 115-680;LOG;Camp;Water and sanitation;Sprayer;Stockable Product;Single;;;Make to Order;Buy;Average Price;;;Water and sanitation;ITC;Normal;Y;;;;;;;;;;;;;;no;no;;18 J(A);;;;;;;;;;;;;;;;;;;
CWATSPRACOV;COVER GASKET (nr 11) HD-151-401;LOG;Camp;Water and sanitation;Sprayer;Stockable Product;Single;;;Make to Order;Buy;Average Price;;;Water and sanitation;ITC;Normal;Y;;;;;;;;;;;;;;no;no;;18 J(A);;;;;;;;;;;;;;;;;;;
CWATSPRACUP;CUP REPLACEMENT KIT (nr 20) HD-148-833;LOG;Camp;Water and sanitation;Sprayer;Stockable Product;Single;;;Make to Order;Buy;Average Price;;;Water and sanitation;ITC;Normal;Y;;;;;;;;;;;;;;no;no;;18 J(A);;;;;;;;;;;;;;;;;;;
CWATSPRAEXT;EXTENSION TUBE ASSEMBLY  (for 4 gallon) HD-141-971;LOG;Camp;Water and sanitation;Sprayer;Stockable Product;Single;;;Make to Order;Buy;Average Price;;;Water and sanitation;ITC;Normal;Y;;;;;;;;;;;;;;no;no;;18 J(A);;;;;;;;;;;;;;;;;;;
CWATSPRANOZ;NOZZLE GASKET, polyethylene (nr 58) HD 123-950;LOG;Camp;Water and sanitation;Sprayer;Stockable Product;Single;;;Make to Order;Buy;Average Price;;;Water and sanitation;ITC;Normal;Y;;;;;;;;;;;;;;no;no;;18 J(A);;;;;;;;;;;;;;;;;;;
CWATSPRAOHC;O-RING GASKET, for hose connector (nr 51) HD 805307;LOG;Camp;Water and sanitation;Sprayer;Stockable Product;Single;;;Make to Order;Buy;Average Price;;;Water and sanitation;ITC;Normal;Y;;;;;;;;;;;;;;no;no;;18 J(A);;;;;;;;;;;;;;;;;;;
CWATSPRAOMF;O-RING GASKET, for male strainer fitting  (nr 44) HD 805-310;LOG;Camp;Water and sanitation;Sprayer;Stockable Product;Single;;;Make to Order;Buy;Average Price;;;Water and sanitation;ITC;Normal;Y;;;;;;;;;;;;;;no;no;;18 J(A);;;;;;;;;;;;;;;;;;;
CWATSPRAOST;O-RING, for supply tube (nr 13) HD 805-312;LOG;Camp;Water and sanitation;Sprayer;Stockable Product;Single;;;Make to Order;Buy;Average Price;;;Water and sanitation;ITC;Normal;Y;;;;;;;;;;;;;;no;no;;18 J(A);;;;;;;;;;;;;;;;;;;
CWATSPRAPAC;SHUT OFF VALVE PIN PACKING (nr 37) HD 151-016;LOG;Camp;Water and sanitation;Sprayer;Stockable Product;Single;;;Make to Order;Buy;Average Price;;;Water and sanitation;ITC;Normal;Y;;;;;;;;;;;;;;no;no;;18 J(A);;;;;;;;;;;;;;;;;;;
CWATSPRAPIN;TEFLON VALVE PIN SPACER (nr 34) HD-110-243;LOG;Camp;Water and sanitation;Sprayer;Stockable Product;Single;;;Make to Order;Buy;Average Price;;;Water and sanitation;ITC;Normal;Y;;;;;;;;;;;;;;no;no;;18 J(A);;;;;;;;;;;;;;;;;;;
CWATSPRASTR;STRAINER, (nr 45) HD 152-356;LOG;Camp;Water and sanitation;Sprayer;Stockable Product;Single;;;Make to Order;Buy;Average Price;;;Water and sanitation;ITC;Normal;Y;;;;;;;;;;;;;;no;no;;18 J(A);;;;;;;;;;;;;;;;;;;
CWATSPRATIP;HARDENED STAINLESS  STEEL NOZZLE TIP (nr 59) HD 805-855;LOG;Camp;Water and sanitation;Sprayer;Stockable Product;Single;;;Make to Order;Buy;Average Price;;;Water and sanitation;ITC;Normal;Y;;;;;;;;;;;;;;no;no;;18 J(A);;;;;;;;;;;;;;;;;;;
CWATSQUSS8-;SQUATTING SLAB, self-supporting, 80 cm x 120 cm, direct drop;LOG;Camp;Water and sanitation;Squatting slab;Stockable Product;Single;;;Make to Order;Buy;Average Price;;;Water and sanitation;ITC;Normal;Y;;;;;;;;;;;;;;no;no;; ;;;;;;;;;;;;;;;;;;;
CWATSQUSS8P;(self-supporting squatting slab) PAN;LOG;Camp;Water and sanitation;Squatting slab;Stockable Product;Single;;;Make to Order;Buy;Average Price;;;Water and sanitation;ITC;Normal;Y;;;;;;;;;;;;;;no;no;; ;;;;;;;;;;;;;;;;;;;
CWATSTAI2F-;Nonreturn STRAINER, 2' ND50 + spiral. hose 1m, set coupling;LOG;Camp;Water and sanitation;Stainer;Stockable Product;Single;;;Make to Order;Buy;Average Price;;;Water and sanitation;ITC;Normal;Y;;3;;;;;;;;;;;;no;no;; ;;;;;;;;;;;;;;;;;;;
CWATSTAI2F8;Nonreturn STRAINER, 2' ND50 + spiral. hose 8m, set coupling;LOG;Camp;Water and sanitation;Stainer;Stockable Product;Single;;;Make to Order;Buy;Average Price;;;Water and sanitation;ITC;Normal;Y;;;;;;;;;;;;;;no;no;; ;;;;;;;;;;;;;;;;;;;
CWATSTAI3F-;Nonreturn STRAINER, 3' ND80 + spiral. hose 8m, set coupling;LOG;Camp;Water and sanitation;Stainer;Stockable Product;Single;;;Make to Order;Buy;Average Price;;;Water and sanitation;ITC;Normal;Y;;;;;;;;;;;;;;no;no;; ;;;;;;;;;;;;;;;;;;;
CWATSTAI4WF;STRAINER, 4' ND100 + spiral. hose 8m, set coupling;LOG;Camp;Water and sanitation;Stainer;Stockable Product;Single;;;Make to Order;Buy;Average Price;;;Water and sanitation;ITC;Normal;Y;;;;;;;;;;;;;;no;no;; ;;;;;;;;;;;;;;;;;;;
CWATTANK01-;TANK, WATER, transport, 0.85 m³, flexible + straps;LOG;Camp;Water and sanitation;Tank;Stockable Product;Single;;;Make to Order;Buy;Average Price;;;Water and sanitation;ITC;Normal;Y;;;;;;;;;;;;;;no;no;; ;;;;;;;;;;;;;;;;;;;
CWATTANK01G;(transport water tank, 0.85 m³) GROUND SHEET;LOG;Camp;Water and sanitation;Tank;Stockable Product;Single;;;Make to Order;Buy;Average Price;;;Water and sanitation;ITC;Normal;Y;;;;;;;;;;;;;;no;no;; ;;;;;;;;;;;;;;;;;;;
CWATTANK01R;TANK, WATER, 1 m3, food proof rigid plastic + lattice cont.;LOG;Camp;Water and sanitation;Tank;Stockable Product;Single;;;Make to Order;Buy;Average Price;;;Water and sanitation;ITC;Normal;Y;;;;;;;;;;;;;;no;no;; ;;;;;;;;;;;;;;;;;;;
CWATTANK01T;(transport water tank, 0.85 m³) CATCH TIGHTENER + shackle;LOG;Camp;Water and sanitation;Tank;Stockable Product;Single;;;Make to Order;Buy;Average Price;;;Water and sanitation;ITC;Normal;Y;;;;;;;;;;;;;;no;no;; ;;;;;;;;;;;;;;;;;;;
CWATTANK02-;TANK, WATER, 2 m³, flexible;LOG;Camp;Water and sanitation;Tank;Stockable Product;Single;;;Make to Order;Buy;Average Price;;;Water and sanitation;ITC;Normal;Y;;;;;;;;;;;;;;no;no;; ;;;;;;;;;;;;;;;;;;;
CWATTANK02G;(water tank, 2 m3, flexible) GROUND SHEET;LOG;Camp;Water and sanitation;Tank;Stockable Product;Single;;;Make to Order;Buy;Average Price;;;Water and sanitation;ITC;Normal;Y;;;;;;;;;;;;;;no;no;; ;;;;;;;;;;;;;;;;;;;
CWATTANK02S;TANK, WATER, 2 m3, flexible + harness, groundsheet, 2' valve;LOG;Camp;Water and sanitation;Tank;Stockable Product;Single;;;Make to Order;Buy;Average Price;;;Water and sanitation;ITC;Normal;Y;;;;;;;;;;;;;;no;no;;38 J(PME);;;;;;;;;;;;;;;;;;;
CWATTANK051;TANK, WATER, 5 m3 flexible 2';LOG;Camp;Water and sanitation;Tank;Stockable Product;Single;;;Make to Order;Buy;Average Price;;;Water and sanitation;ITC;Normal;Y;;;;;;;;;;;;;;no;no;; ;;;;;;;;;;;;;;;;;;;
CWATTANK05A;(watertank 2, 5, 15 m3 Aubia) REPAIR KIT;LOG;Camp;Water and sanitation;Tank;Stockable Product;Single;;;Make to Order;Buy;Average Price;;;Water and sanitation;ITC;Normal;Y;;;;;;;;;;;;;;no;no;; ;;;;;;;;;;;;;;;;;;;
CWATTANK05C;(watertank 5 m3 transport Pronal) COVER, UV resistant;LOG;Camp;Water and sanitation;Tank;Stockable Product;Single;;;Make to Order;Buy;Average Price;;;Water and sanitation;ITC;Normal;Y;;;;;;;;;;;;;;no;no;; ;;;;;;;;;;;;;;;;;;;
CWATTANK05R;(watertank 2, 5, 15 m3 Pronal) REPAIR KIT;LOG;Camp;Water and sanitation;Tank;Stockable Product;Single;;;Make to Order;Buy;Average Price;;;Water and sanitation;ITC;Normal;Y;;;;;;;;;;;;;;no;no;; ;;;;;;;;;;;;;;;;;;;
CWATTANK10-;TANK, WATER, 10 m3, flexible,  groundsheet, two 2' valves;LOG;Camp;Water and sanitation;Tank;Stockable Product;Single;;;Make to Order;Buy;Average Price;;;Water and sanitation;ITC;Normal;Y;;;;;;;;;;;;;;no;no;; ;;;;;;;;;;;;;;;;;;;
CWATTANK15-;TANK, WATER, 15 m³, flexible;LOG;Camp;Water and sanitation;Tank;Stockable Product;Single;;;Make to Order;Buy;Average Price;;;Water and sanitation;ITC;Normal;Y;325;5;;;;;;;;;;;;no;no;; ;;;;;;;;;;;;;;;;;;;
CWATTANK15G;(watertank 15 m3, flexible) GROUND SHEET;LOG;Camp;Water and sanitation;Tank;Stockable Product;Single;;;Make to Order;Buy;Average Price;;;Water and sanitation;ITC;Normal;Y;;;;;;;;;;;;;;no;no;; ;;;;;;;;;;;;;;;;;;;
CWATTANK15R;(watertank, flexible, Citaf) REPAIR KIT;LOG;Camp;Water and sanitation;Tank;Stockable Product;Single;;;Make to Order;Buy;Average Price;;;Water and sanitation;ITC;Normal;Y;;;;;;;;;;;;;;no;no;; ;;;;;;;;;;;;;;;;;;;
CWATTANK20-;TANK, WATER, 20 m3, flexible,  groundsheet, two 2' valves;LOG;Camp;Water and sanitation;Tank;Stockable Product;Single;;;Make to Order;Buy;Average Price;;;Water and sanitation;ITC;Normal;Y;;;;;;;;;;;;;;no;no;; ;;;;;;;;;;;;;;;;;;;
CWATTANK3++;TANK, WATER, open, metal frame;LOG;Camp;Water and sanitation;Tank;Stockable Product;Single;;;Make to Order;Buy;Average Price;;;Water and sanitation;ITC;Normal;Y;;;;;;;;;;;;;;no;no;; ;;;;;;;;;;;;;;;;;;;
CWATTANK30-;TANK, WATER, 30 m3, open, metal frame;LOG;Camp;Water and sanitation;Tank;Stockable Product;Single;;;Make to Order;Buy;Average Price;;;Water and sanitation;ITC;Normal;Y;13;173;;;;;;;;;;;;no;no;; ;;;;;;;;;;;;;;;;;;;
CWATTANK30A;(watertank, 30 m3, Aubia) REPAIR KIT;LOG;Camp;Water and sanitation;Tank;Stockable Product;Single;;;Make to Order;Buy;Average Price;;;Water and sanitation;ITC;Normal;Y;;;;;;;;;;;;;;no;no;; ;;;;;;;;;;;;;;;;;;;
CWATTANK30R;(watertank, 30 m3, Pronal) REPAIR KIT;LOG;Camp;Water and sanitation;Tank;Stockable Product;Single;;;Make to Order;Buy;Average Price;;;Water and sanitation;ITC;Normal;Y;;;;;;;;;;;;;;no;no;; ;;;;;;;;;;;;;;;;;;;
CWATTANK32M;TANK, WATER, 32 m3, open, mesh frame;LOG;Camp;Water and sanitation;Tank;Stockable Product;Single;;;Make to Order;Buy;Average Price;;;Water and sanitation;ITC;Normal;Y;13;173;;;;;;;;;;;;no;no;; ;;;;;;;;;;;;;;;;;;;
CWATTANK60-;TANK, WATER, 60 m3, open, metal frame;LOG;Camp;Water and sanitation;Tank;Stockable Product;Single;;;Make to Order;Buy;Average Price;;;Water and sanitation;ITC;Normal;Y;;;;;;;;;;;;;;no;no;; ;;;;;;;;;;;;;;;;;;;
CWATTANKT5-;TANK, WATER, transport, 5 m³, flexible + straps;LOG;Camp;Water and sanitation;Tank;Stockable Product;Single;;;Make to Order;Buy;Average Price;942;942;Water and sanitation;ITC;Normal;Y;229;2;;;;;;;;;;;;no;no;; ;;;;;;;;;;;;;;;;;;;
CWATTANKT5G;(transport water tank, 5 m³) GROUND SHEET;LOG;Camp;Water and sanitation;Tank;Stockable Product;Single;;;Make to Order;Buy;Average Price;;;Water and sanitation;ITC;Normal;Y;;;;;;;;;;;;;;no;no;; ;;;;;;;;;;;;;;;;;;;
CWATTANO30-;TANK, WATER, 30 m³, ONION shaped, flexible;LOG;Camp;Water and sanitation;Tank, Onion;Stockable Product;Single;;;Make to Order;Buy;Average Price;3366;3366;Water and sanitation;ITC;Normal;Y;;;;;;;;;;;;;;no;no;; ;;;;;;;;;;;;;;;;;;;
CWATTANO30B;(ONION TANK, 30 m3) BAG with zipper for transport;LOG;Camp;Water and sanitation;Tank, Onion;Stockable Product;Single;;;Make to Order;Buy;Average Price;;;Water and sanitation;ITC;Normal;Y;;;;;;;;;;;;;;no;no;; ;;;;;;;;;;;;;;;;;;;
CWATTANO30G;(ONION TANK, 30 m3) GROUND SHEET;LOG;Camp;Water and sanitation;Tank, Onion;Stockable Product;Single;;;Make to Order;Buy;Average Price;;;Water and sanitation;ITC;Normal;Y;;;;;;;;;;;;;;no;no;; ;;;;;;;;;;;;;;;;;;;
CWATTANO30R;(ONION TANK, 30 m3) REPAIR KIT;LOG;Camp;Water and sanitation;Tank, Onion;Stockable Product;Single;;;Make to Order;Buy;Average Price;;;Water and sanitation;ITC;Normal;Y;;;;;;;;;;;;;;no;no;; ;;;;;;;;;;;;;;;;;;;
CWATTANO30T;(ONION TANK, 30 m3) TOP SHEET;LOG;Camp;Water and sanitation;Tank, Onion;Stockable Product;Single;;;Make to Order;Buy;Average Price;;;Water and sanitation;ITC;Normal;Y;;;;;;;;;;;;;;no;no;; ;;;;;;;;;;;;;;;;;;;
CWATTEST01-;TEST, TUBE, TURBIDITY, 5 to 2000 NTU, plastic;LOG;Camp;Water and sanitation;Test, tube;Stockable Product;Single;;;Make to Order;Buy;Average Price;;;Water and sanitation;ITC;Normal;Y;;;;;;;;;;;;;;no;no;; ;;;;;;;;;;;;;;;;;;;
CWATTESTAL-;TEST, ALUMINIUM (Aquaquant), 0.7 - 0.8 mg/l, box, 185 tests;LOG;Camp;Water and sanitation;Test, tube;Stockable Product;Single;;;Make to Order;Buy;Average Price;;;Water and sanitation;ITC;Normal;Y;;;;;;;;;;;;;;no;no;; ;;;;;;;;;;;;;;;;;;;
CWATTESTAT-;TEST, ALKALINITY (Aquamerck), 0.1 - 10 mmol/l, 170 tests;LOG;Camp;Water and sanitation;Test, tube;Stockable Product;Single;;;Make to Order;Buy;Average Price;;;Water and sanitation;ITC;Normal;Y;;;;;;;;;;;;;;no;no;; ;;;;;;;;;;;;;;;;;;;
CWATTESTFE-;TEST, IRON (Microquant), 0.1 - 5 mg/l, box of 500 tests;LOG;Camp;Water and sanitation;Test, tube;Stockable Product;Single;;;Make to Order;Buy;Average Price;;;Water and sanitation;ITC;Normal;Y;;;;;;;;;;;;;;no;no;X;;;;;;;;;;;;;;;;;;;;
CWATTESTPH-;TEST, PH (Merck), 1.09533.0001, pH 5-10, 100 strips;LOG;Camp;Water and sanitation;Test, tube;Stockable Product;Single;;;Make to Order;Buy;Average Price;;;Water and sanitation;ITC;Normal;Y;;;;;;;;;;;;;;no;no;; ;;;;;;;;;;;;;;;;;;;
CWATTESTTU-;TEST, TURBIDITY, tube, 5-2000 NTU, plastic;LOG;Camp;Water and sanitation;Test, tube;Stockable Product;Single;;;Make to Order;Buy;Average Price;;;Water and sanitation;ITC;Normal;Y;;;;;;;;;;;;;;no;no;; ;;;;;;;;;;;;;;;;;;;
CWATTESW1B-;(delagua) BATTERY, 6N6-3B-1;LOG;Camp;Water and sanitation;Test, Water;Stockable Product;Single;;;Make to Order;Buy;Average Price;;;Water and sanitation;ITC;Normal;Y;;;;;;;;;;;;;;no;no;;18 J(A);;;;;;;;;;;;;;;;;;;
CWATTESW1BA;(delagua) EXTERNAL BATTERY CONNECTION CABLE;LOG;Camp;Water and sanitation;Test, Water;Stockable Product;Single;;;Make to Order;Buy;Average Price;;;Water and sanitation;ITC;Normal;Y;;;;;;;;;;;;;;no;no;; ;;;;;;;;;;;;;;;;;;;
CWATTESWB6-;(delagua) BOTTLE, plastic, autoclavable, 60 ml, for culture;LOG;Camp;Water and sanitation;Test, Water;Stockable Product;Single;;;Make to Order;Buy;Average Price;;;Water and sanitation;ITC;Normal;Y;;;;;;;;;;;;;;no;no;; ;;;;;;;;;;;;;;;;;;;
CWATTESWCA-;(delagua) CASE;LOG;Camp;Water and sanitation;Test, Water;Stockable Product;Single;;;Make to Order;Buy;Average Price;;;Water and sanitation;ITC;Normal;Y;;;;;;;;;;;;;;no;no;; ;;;;;;;;;;;;;;;;;;;
CWATTESWCUS;(delagua) SAMPLE CUP, with hole + CABLE;LOG;Camp;Water and sanitation;Test, Water;Stockable Product;Single;;;Make to Order;Buy;Average Price;;;Water and sanitation;ITC;Normal;Y;;;;;;;;;;;;;;no;no;; ;;;;;;;;;;;;;;;;;;;
CWATTESWDB-;(delagua) BRONZE DISC, membrane support;LOG;Camp;Water and sanitation;Test, Water;Stockable Product;Single;;;Make to Order;Buy;Average Price;;;Water and sanitation;ITC;Normal;Y;;;;;;;;;;;;;;no;no;; ;;;;;;;;;;;;;;;;;;;
CWATTESWDBG;(delagua) ANNULAR SILICONE RUBBER GASKET, for bronze disc;LOG;Camp;Water and sanitation;Test, Water;Stockable Product;Single;;;Make to Order;Buy;Average Price;;;Water and sanitation;ITC;Normal;Y;;;;;;;;;;;;;;no;no;; ;;;;;;;;;;;;;;;;;;;
CWATTESWDI-;(delagua) 16 PETRI DISHES, aluminium, set + CARRIER;LOG;Camp;Water and sanitation;Test, Water;Stockable Product;Single;;;Make to Order;Buy;Average Price;;;Water and sanitation;ITC;Normal;Y;;;;;;;;;;;;;;no;no;; ;;;;;;;;;;;;;;;;;;;
CWATTESWDPA;(delagua) ABSORBENT PADS DISPENSER;LOG;Camp;Water and sanitation;Test, Water;Stockable Product;Single;;;Make to Order;Buy;Average Price;;;Water and sanitation;ITC;Normal;Y;;;;;;;;;;;;;;no;no;; ;;;;;;;;;;;;;;;;;;;
CWATTESWF1-;FECAL TEST, coliforme medium;LOG;Camp;Water and sanitation;Test, Water;Stockable Product;Single;;;Make to Order;Buy;Average Price;;;Water and sanitation;ITC;Normal;Y;;;;;;;;;;;;;;no;no;; ;;;;;;;;;;;;;;;;;;;
CWATTESWFB-;(delagua) FILTER BASE: base, bronze disc, gaskets;LOG;Camp;Water and sanitation;Test, Water;Stockable Product;Single;;;Make to Order;Buy;Average Price;;;Water and sanitation;ITC;Normal;Y;;;;;;;;;;;;;;no;no;; ;;;;;;;;;;;;;;;;;;;
CWATTESWFBG;(delagua) GASKET, O RING, for base filter;LOG;Camp;Water and sanitation;Test, Water;Stockable Product;Single;;;Make to Order;Buy;Average Price;;;Water and sanitation;ITC;Normal;Y;;;;;;;;;;;;;;no;no;; ;;;;;;;;;;;;;;;;;;;
CWATTESWFFU;(delagua) FILTER FUNNEL + locking plastic collar;LOG;Camp;Water and sanitation;Test, Water;Stockable Product;Single;;;Make to Order;Buy;Average Price;;;Water and sanitation;ITC;Normal;Y;;;;;;;;;;;;;;no;no;; ;;;;;;;;;;;;;;;;;;;
CWATTESWFM-;(delagua) FLOW METER;LOG;Camp;Water and sanitation;Test, Water;Stockable Product;Single;;;Make to Order;Buy;Average Price;;;Water and sanitation;ITC;Normal;Y;;;;;;;;;;;;;;no;no;; ;;;;;;;;;;;;;;;;;;;
CWATTESWI--;(delagua) INCUBATOR, 44° C;LOG;Camp;Water and sanitation;Test, Water;Stockable Product;Single;;;Make to Order;Buy;Average Price;;;Water and sanitation;ITC;Normal;Y;;;;;;;;;;;;;;no;no;; ;;;;;;;;;;;;;;;;;;;
CWATTESWIL-;(delagua) INCUBATOR LID, w/o hole;LOG;Camp;Water and sanitation;Test, Water;Stockable Product;Single;;;Make to Order;Buy;Average Price;;;Water and sanitation;ITC;Normal;Y;;;;;;;;;;;;;;no;no;; ;;;;;;;;;;;;;;;;;;;
CWATTESWILH;(delagua) INCUBATOR LID, with hole for thermometer;LOG;Camp;Water and sanitation;Test, Water;Stockable Product;Single;;;Make to Order;Buy;Average Price;;;Water and sanitation;ITC;Normal;Y;;;;;;;;;;;;;;no;no;; ;;;;;;;;;;;;;;;;;;;
CWATTESWLSB;(delagua) LAURYL sulfate BROTH MEMBRANE, 38.1 g, btl.;LOG;Camp;Water and sanitation;Test, Water;Stockable Product;Single;;;Make to Order;Buy;Average Price;;;Water and sanitation;ITC;Normal;Y;;;;;;;;;;;;;;no;no;; ;;;;;;;;;;;;;;;;;;;
CWATTESWMDM;(delagua) METHANOL DISPENSER, metallic, empty;LOG;Camp;Water and sanitation;Test, Water;Stockable Product;Single;;;Make to Order;Buy;Average Price;;;Water and sanitation;ITC;Normal;Y;;;;;;;;;;;;;;no;no;; ;;;;;;;;;;;;;;;;;;;
CWATTESWMDP;(delagua) METHANOL DISPENSER, plastic, empty;LOG;Camp;Water and sanitation;Test, Water;Stockable Product;Single;;;Make to Order;Buy;Average Price;;;Water and sanitation;ITC;Normal;Y;;;;;;;;;;;;;;no;no;; ;;;;;;;;;;;;;;;;;;;
CWATTESWMSE;(delagua) Drinking water supply surveillance (english);LOG;Camp;Water and sanitation;Test, Water;Stockable Product;Single;;;Make to Order;Buy;Average Price;;;Water and sanitation;ITC;Normal;Y;;;;;;;;;;;;;;no;no;; ;;;;;;;;;;;;;;;;;;;
CWATTESWMUE;(delagua) USER MANUAL, Oxfam/delagua (english);LOG;Camp;Water and sanitation;Test, Water;Stockable Product;Single;;;Make to Order;Buy;Average Price;;;Water and sanitation;ITC;Normal;Y;;;;;;;;;;;;;;no;no;; ;;;;;;;;;;;;;;;;;;;
CWATTESWMUF;(delagua) NOTICE D'UTILISATION, Oxfam/delagua (french);LOG;Camp;Water and sanitation;Test, Water;Stockable Product;Single;;;Make to Order;Buy;Average Price;;;Water and sanitation;ITC;Normal;Y;;;;;;;;;;;;;;no;no;; ;;;;;;;;;;;;;;;;;;;
CWATTESWPA-;(delagua) ABSORBENT PAD, sterile;LOG;Camp;Water and sanitation;Test, Water;Stockable Product;Single;;;Make to Order;Buy;Average Price;;;Water and sanitation;ITC;Normal;Y;;;;;;;;;;;;;;no;no;; ;;;;;;;;;;;;;;;;;;;
CWATTESWSD-;(delagua) SCREW DRIVER, for temperature adjustment;LOG;Camp;Water and sanitation;Test, Water;Stockable Product;Single;;;Make to Order;Buy;Average Price;;;Water and sanitation;ITC;Normal;Y;;;;;;;;;;;;;;no;no;; ;;;;;;;;;;;;;;;;;;;
CWATTESWSG-;(delagua) SILICONE GREASE, tube, 2 g.;LOG;Camp;Water and sanitation;Test, Water;Stockable Product;Single;;;Make to Order;Buy;Average Price;;;Water and sanitation;ITC;Normal;Y;;;;;;;;;;;;;;no;no;; ;;;;;;;;;;;;;;;;;;;
CWATTESWSG1;(delagua) SILICONE GREASE, tube, 100 g.;LOG;Camp;Water and sanitation;Test, Water;Stockable Product;Single;;;Make to Order;Buy;Average Price;;;Water and sanitation;ITC;Normal;Y;;;;;;;;;;;;;;no;no;; ;;;;;;;;;;;;;;;;;;;
CWATTESWTH-;(delagua) THERMOMETER 10/50° C;LOG;Camp;Water and sanitation;Test, Water;Stockable Product;Single;;;Make to Order;Buy;Average Price;;;Water and sanitation;ITC;Normal;Y;;;;;;;;;;;;;;no;no;; ;;;;;;;;;;;;;;;;;;;
CWATTESWTW-;(delagua) TWEEZERS;LOG;Camp;Water and sanitation;Test, Water;Stockable Product;Single;;;Make to Order;Buy;Average Price;;;Water and sanitation;ITC;Normal;Y;;;;;;;;;;;;;;no;no;; ;;;;;;;;;;;;;;;;;;;
CWATTESWVC-;(delagua) VACUUM CUP;LOG;Camp;Water and sanitation;Test, Water;Stockable Product;Single;;;Make to Order;Buy;Average Price;;;Water and sanitation;ITC;Normal;Y;;;;;;;;;;;;;;no;no;; ;;;;;;;;;;;;;;;;;;;
CWATTESWVP-;(delagua) VACUUM PUMP;LOG;Camp;Water and sanitation;Test, Water;Stockable Product;Single;;;Make to Order;Buy;Average Price;;;Water and sanitation;ITC;Normal;Y;;;;;;;;;;;;;;no;no;; ;;;;;;;;;;;;;;;;;;;
CWATVALV1BF;(container 120 l ) BULK HEAD FITTING , 1', DN 25, threat fem;LOG;Camp;Water and sanitation;Valve;Stockable Product;Single;;;Make to Order;Buy;Average Price;;;Water and sanitation;ITC;Normal;Y;;;;;;;;;;;;;;no;no;; ;;;;;;;;;;;;;;;;;;;
CWATVALVTAL;TALBO VALVE, 3/4' ND20, automatic closing and elbow;LOG;Camp;Water and sanitation;Valve;Stockable Product;Single;;;Make to Order;Buy;Average Price;;;Water and sanitation;ITC;Normal;Y;;;;;;;;;;;;;;no;no;; ;;;;;;;;;;;;;;;;;;;
CWATYLIM1P1;LIME, QUICK, powder, 100 kg, IATA packing (cargo only);LOG;Camp;Water and sanitation;Lime quick;Stockable Product;Single;;;Make to Order;Buy;Average Price;;;Water and sanitation;ITC;Normal;Y;;1;;;;;;;;;;;;no;no;; ;;;;;;;;;;;;;;;;;;;
CWATYLIM1P5;LIME, powder QUICK, 5 kg, IATA packing;LOG;Camp;Water and sanitation;Lime quick;Stockable Product;Single;;;Make to Order;Buy;Average Price;;;Water and sanitation;ITC;Normal;Y;;5;;;;;;;;;;;;no;no;X;;;;;;;;;;;;;;;;;;;;
CWATYLIM2P1;LIME, powder SLAKED, 100 kg;LOG;Camp;Water and sanitation;Lime quick;Stockable Product;Single;;;Make to Order;Buy;Average Price;;;Water and sanitation;ITC;Normal;Y;;1;;;;;;;;;;;;no;no;; ;;;;;;;;;;;;;;;;;;;
CWATYPER---;PERMETHRIN (pyrethroid);LOG;Camp;Water and sanitation;Permethrine;Stockable Product;Single;;;Make to Order;Buy;Average Price;;;Water and sanitation;ITC;Normal;Y;;;;;;;;;;;;;;no;no;; ;;;;;;;;;;;;;;;;;;;
DDGTBLOG2C-;RH NEGATIVE CONTROL, for monoclonal antibodies, 10 ml, dr.;MED;Drugs;Diagnostic tests;Blood Group Test;Stockable Product;Single;;;Make to Order;Buy;Average Price;;;Diagnostic tests;ITC;Normal;Y;;;;;;;;;;;;*;13*CF;no;no;;;;;;;;;;;;;;;;;;;;;
DDGTBRUC1T-;TEST BRUCELLOSIS (ROSE BENGAL), rapid, 1 test;MED;Drugs;Diagnostic tests;Brucellosis test;Stockable Product;Single;;;Make to Order;Buy;Average Price;;;Diagnostic tests;ITC;Normal;Y;;;;;;;;;;;;*;12*C;no;no;;30 J(P);;;;;;;;;;;;;;;;;;;
DDGTBRUC25T;TEST, BRUCELLA IgM + BRUCELLA IgG, ser/pl/wb, rapid, 1 test;MED;Drugs;Diagnostic tests;Brucellosis test;Stockable Product;Single;;;Make to Order;Buy;Average Price;;;Diagnostic tests;ITC;Normal;Y;;;;;;;;;;;;;;no;no;; ;;;;;;;;;;;;;;;;;;;
DDGTDATT5AG;(DAT test) ANTIGEN, freeze-dried, serum/whole blood, 5 ml;MED;Drugs;Diagnostic tests;Direct agglutination test;Stockable Product;Single;;;Make to Order;Buy;Average Price;;;Diagnostic tests;ITC;Normal;Y;;;;;;;;;;;;;;no;no;;30 J(P);;;;;;;;;;;;;;;;;;;
DDGTDATTS2-;(DAT test) SERUM, CONTROL, negative;MED;Drugs;Diagnostic tests;Direct agglutination test;Stockable Product;Single;;;Make to Order;Buy;Average Price;;;Diagnostic tests;ITC;Normal;Y;;;;;;;;;;;;*;12*C;no;no;;;;;;;;;;;;;;;;;;;;;
DDGTDATTS4-;(DAT test) SERUM, CONTROL, positive;MED;Drugs;Diagnostic tests;Direct agglutination test;Stockable Product;Single;;;Make to Order;Buy;Average Price;;;Diagnostic tests;ITC;Normal;Y;;;;;;;;;;;;*;12*C;no;no;;;;;;;;;;;;;;;;;;;;;
DDGTHIVG40T;TEST, HIV 1 + 2 (Genie II), serum/plasma, rapid, 1 test;MED;Drugs;Diagnostic tests;HIV test, Genie II;Stockable Product;Single;;;Make to Order;Buy;Average Price;;;Diagnostic tests;ITC;Normal;Y;;;;;;;;;;;;*;15*F;no;no;;30 J(P);;;;;;;;;;;;;;;;;;;
DDGTHIVT12M;TEST, HIV 1 + 2, rapid, (HIV Spot), 50 tests, kit;MED;Drugs;Diagnostic tests;Hiv Test;Stockable Product;Single;;;Make to Order;Buy;Average Price;;;Diagnostic tests;ITC;Normal;Y;;;;;;;;;;;;;;no;no;; ;;;;;;;;;;;;;;;;;;;
DDGTMENT2YW;TEST MENINGITIS (Pastorex), A, B, C, Y/W135, 25 tests, kit;MED;Drugs;Diagnostic tests;Meningitis Test;Stockable Product;Single;;;Make to Order;Buy;Average Price;;;Diagnostic tests;ITC;Normal;Y;;;;;;;;;;;;;;no;no;; ;;;;;;;;;;;;;;;;;;;
DDGTMENT3S-;TEST MENINGITIS (Pastorex), A, C, Y/W135, 25 tests, kit;MED;Drugs;Diagnostic tests;Meningitis Test;Stockable Product;Single;;;Make to Order;Buy;Average Price;;;Diagnostic tests;ITC;Normal;Y;;;;;;;;;;;;;;no;no;; ;;;;;;;;;;;;;;;;;;;
DDGTMENT3ST;TEST MENINGITIS (Pastorex), A, C, Y/W135, 1 test;MED;Drugs;Diagnostic tests;Meningitis Test;Stockable Product;Single;;;Make to Order;Buy;Average Price;;;Diagnostic tests;ITC;Normal;Y;;;;;;;;;;;;*;9*AF;no;no;;30 J(P);;;;;;;;;;;;;;;;;;;
DDGTSPEPALT;(spectrophotometer) KIT, DOSAGE ALAT, IFCC 16 x 5ml;MED;Drugs;Diagnostic tests;Dosage kit for spectrophotometer;Stockable Product;Single;;;Make to Order;Buy;Average Price;;;Diagnostic tests;ITC;Normal;Y;;;;;;;;;;;;;;no;no;; ;;;;;;;;;;;;;;;;;;;
DDGTSPEPAMY;(spectrophotometer) KIT, DOSAGE AMYLASE, Liquicolor 16 x 5ml;MED;Drugs;Diagnostic tests;Dosage kit for spectrophotometer;Stockable Product;Single;;;Make to Order;Buy;Average Price;;;Diagnostic tests;ITC;Normal;Y;;;;;;;;;;;;;;no;no;;30 J(P);;;;;;;;;;;;;;;;;;;
DDGTSPEPAST;(spectrophotometer) KIT, DOSAGE ASAT,  IFCC 16 x 5ml;MED;Drugs;Diagnostic tests;Dosage kit for spectrophotometer;Stockable Product;Single;;;Make to Order;Buy;Average Price;;;Diagnostic tests;ITC;Normal;Y;;;;;;;;;;;;;;no;no;;30 J(P);;;;;;;;;;;;;;;;;;;
DDGTSPEPCRE;(spectrophotometer) KIT, DOSAGE CREATININE, Liquicolor 200ml;MED;Drugs;Diagnostic tests;Dosage kit for spectrophotometer;Stockable Product;Single;;;Make to Order;Buy;Average Price;;;Diagnostic tests;ITC;Normal;Y;;;;;;;;;;;;;;no;no;Y;30 J(P);;;;;;;;;;;;;;;;;;;
DDGTSPEPHBG;(spectrophotometer) KIT, DOSAGE HEMOGLOBINE, Liquicolor;MED;Drugs;Diagnostic tests;Dosage kit for spectrophotometer;Stockable Product;Single;;;Make to Order;Buy;Average Price;;;Diagnostic tests;ITC;Normal;Y;;;;;;;;;;;;;;no;no;; ;;;;;;;;;;;;;;;;;;;
DDGTTRYC20T;TEST, TRYPANOSOMIASIS CHAGAS (Chagas Stat-Pak) ser/pl/wb 1t.;MED;Drugs;Diagnostic tests;Trypanosomiasis, Chagas;Stockable Product;Single;;;Make to Order;Buy;Average Price;;;Diagnostic tests;ITC;Normal;Y;;;;;;;;;;;;*;15*F;no;no;;30 J(P);;;;;;;;;;;;;;;;;;;
DDGTTRYT2R-;TEST, TRYPANO (CATT), reagent, 250 tests, kit;MED;Drugs;Diagnostic tests;Trypano Test;Stockable Product;Single;;;Make to Order;Buy;Average Price;;;Diagnostic tests;ITC;Normal;Y;;;;;;;;;;;;;;no;no;; ;;;;;;;;;;;;;;;;;;;
DDGTTRYT2RT;TEST, TRYPANO (CATT), reagent, whole blood, 1 test;MED;Drugs;Diagnostic tests;Trypano Test;Stockable Product;Single;;;Make to Order;Buy;Average Price;;;Diagnostic tests;ITC;Normal;Y;;;;;;;;;;;;*;;no;no;;;;;;;;;;;;;;;;;;;;;
DDGTTRYT3A-;TEST, TRYPANO (CATT), accessories, 250 tests, kit;MED;Drugs;Diagnostic tests;Trypano Test;Stockable Product;Single;;;Make to Order;Buy;Average Price;;;Diagnostic tests;ITC;Normal;Y;;;;;;;;;;;;;;no;no;; ;;;;;;;;;;;;;;;;;;;
DDGTTRYT3AT;TEST, TRYPANO (CATT), accessories, 1 test;MED;Drugs;Diagnostic tests;Trypano Test;Stockable Product;Single;;;Make to Order;Buy;Average Price;;;Diagnostic tests;ITC;Normal;Y;;;;;;;;;;;;;;no;no;;30 J(P);;;;;;;;;;;;;;;;;;;
DEXOCHLO5D1;CHLORAMPHENICOL, 0.5%, eye drops, sterile, 10 ml, bot.;MED;Drugs;Ophtalmic drugs for external use;Chloramphenicol;Stockable Product;Single;;;Make to Order;Buy;Average Price;;;Ophtalmic drugs for external use;ITC;Normal;Y;;;;;;;;;;;;;;no;no;; ;;;;;;;;;;;;;;;;;;;
DEXODEXN5D5;DEXAMETHASONE 5 mg / NEOMYCINE 17500 IU, eye drops, 5ml, bot;MED;Drugs;Ophtalmic drugs for external use;Dexamethasone + neomycine;Stockable Product;Single;;;Make to Order;Buy;Average Price;;;Ophtalmic drugs for external use;ITC;Normal;Y;;;;;;;;;;;;;;no;no;; ;;;;;;;;;;;;;;;;;;;
DEXOFLUO1D4;FLUORESCEINE, 0.5%, eye drops, ster, 0.4 ml, unidose, amp.;MED;Drugs;Ophtalmic drugs for external use;Fluoresceine;Stockable Product;Single;;;Make to Order;Buy;Average Price;;;Ophtalmic drugs for external use;ITC;Normal;Y;;;;;;;;;;;;;;no;no;; ;;;;;;;;;;;;;;;;;;;
DEXOFLUO2D5;FLUORESCEINE, 2 %, eye drops, sterile, 0.5 ml, unidose, amp.;MED;Drugs;Ophtalmic drugs for external use;Fluoresceine;Stockable Product;Single;;;Make to Order;Buy;Average Price;;;Ophtalmic drugs for external use;ITC;Normal;Y;;;;;;;;;;;;;;no;no;; ;;;;;;;;;;;;;;;;;;;
DEXOOXYB1--;OXYBUPROCAINE, 0.4 %, eye drops, ster, 0.5 ml, unidose, amp.;MED;Drugs;Ophtalmic drugs for external use;Oxybuprocaine;Stockable Product;Single;;;Make to Order;Buy;Average Price;;;Ophtalmic drugs for external use;ITC;Normal;Y;;;;;;;;;;;;;;no;no;; ;;;;;;;;;;;;;;;;;;;
DEXOPILO2D1;PILOCARPINE, 2%, eye drops, sterile, 10 ml, bot.;MED;Drugs;Ophtalmic drugs for external use;Pilocarpine;Stockable Product;Single;;;Make to Order;Buy;Average Price;;;Ophtalmic drugs for external use;ITC;Normal;Y;;;;;;;;;;;;;;no;no;;23 J(M);;;;;;;;;;;;;;;;;;;
DEXOTROP5D1;TROPICAMIDE, 0.5%, eye drops, 10 ml, sterile bot.;MED;Drugs;Ophtalmic drugs for external use;Trocapinamide Mydriaticum;Stockable Product;Single;;;Make to Order;Buy;Average Price;;;Ophtalmic drugs for external use;ITC;Normal;Y;;;;;;;;;;;;;;no;no;;23 J(M);;;;;;;;;;;;;;;;;;;
DEXOTROP5D4;TROPICAMIDE, 0.5%, eye drops, sterile, 0.4 ml, unidose, amp.;MED;Drugs;Ophtalmic drugs for external use;Trocapinamide Mydriaticum;Stockable Product;Single;;;Make to Order;Buy;Average Price;;;Ophtalmic drugs for external use;ITC;Normal;Y;;;;;;;;;;;;;;no;no;;23 J(M);;;;;;;;;;;;;;;;;;;
DEXTCHLH5S1;CHLORHEXIDINE 5%, solution, 1 l, bot.;MED;Drugs;Drugs external use;Chlorhexidine;Stockable Product;Single;;;Make to Order;Buy;Average Price;;;Drugs external use;ITC;Normal;Y;;;;;;;;;;;;;;no;no;; ;;;;;;;;;;;;;;;;;;;
DEXTDINO1G-;DINOPROSTONE, 1 mg, vaginal gel, sterile;MED;Drugs;Drugs external use;Dinoprostone;Stockable Product;Single;;;Make to Order;Buy;Average Price;;;Drugs external use;ITC;Normal;Y;;;;;;;;;;;;*;13*CF;no;no;;25 J(MF);;;;;;;;;;;;;;;;;;;
DEXTIODP1S1;IODINE POVIDONE, 10%, solution, 1 l, bot.;MED;Drugs;Drugs external use;Iodine Povidone;Stockable Product;Single;;;Make to Order;Buy;Average Price;;;Drugs external use;ITC;Normal;Y;;;;;;;;;;;;;;no;no;; ;;;;;;;;;;;;;;;;;;;
DEXTIODPS4-;POLYVIDONE IODINE, surgical scrub, 4 %, 125 ml, bt.;MED;Drugs;Drugs external use;Iodine Povidone;Stockable Product;Single;;;Make to Order;Buy;Average Price;;;Drugs external use;ITC;Normal;Y;;;;;;;;;;;;;;no;no;; ;;;;;;;;;;;;;;;;;;;
DEXTMALA5L-;MALATHION, 500 mg/100 ml, lotion, bot.;MED;Drugs;Drugs external use;Malathion;Stockable Product;Single;;;Make to Order;Buy;Average Price;;;Drugs external use;ITC;Normal;Y;;;;;;;;;;;;;;no;no;;23 J(M);;;;;;;;;;;;;;;;;;;
DEXTPERM1L1;PERMETHRIN, 1 %, lotion, bot.;MED;Drugs;Drugs external use;Permethrin;Stockable Product;Single;;;Make to Order;Buy;Average Price;;;Drugs external use;ITC;Normal;Y;;;;;;;;;;;;;;no;no;X;;;;;;;;;;;;;;;;;;;;
DEXTPERM5T-;PERMETHRIN, 5%, cream, tube;MED;Drugs;Drugs external use;Permethrin;Stockable Product;Single;;;Make to Order;Buy;Average Price;;;Drugs external use;ITC;Normal;Y;;;;;;;;;;;;;;no;no;; ;;;;;;;;;;;;;;;;;;;
DEXTSODB1P-;SODIUM BICARBONATE, 1 kg, for mouthwashes;MED;Drugs;Drugs external use;Sodium Bicarbonate;Stockable Product;Single;;;Make to Order;Buy;Average Price;;;Drugs external use;ITC;Normal;Y;;1;;;;;;;;;;;;no;no;; ;;;;;;;;;;;;;;;;;;;
DEXTTALC2PS;TALC, powder, 250 g, shaker;MED;Drugs;Drugs external use;Talc;Stockable Product;Single;;;Make to Order;Buy;Average Price;;;Drugs external use;ITC;Normal;Y;;;;;;;;;;;;;;no;no;; ;;;;;;;;;;;;;;;;;;;
DINFDEXT1N5;DEXTROSE, 10%, 500 ml, plastic pouch;MED;Drugs;Infusions;Dextrose;Stockable Product;Single;;;Make to Order;Buy;Average Price;;;Infusions;ITC;Normal;Y;;;;;;;;;;;;;;no;no;; ;;;;;;;;;;;;;;;;;;;
DINFRINL1P5;RINGER lactate, 500 ml, plastic pouch, + SET;MED;Drugs;Infusions;Ringer Lactate;Stockable Product;Single;;;Make to Order;Buy;Average Price;;;Infusions;ITC;Normal;Y;;;;;;;;;;;;;;no;no;; ;;;;;;;;;;;;;;;;;;;
DINFSODC9B5;SODIUM chloride, 0.9%, 500 ml, plast. btl.;MED;Drugs;Infusions;Sodium Chloride;Stockable Product;Single;;;Make to Order;Buy;Average Price;;;Infusions;ITC;Normal;Y;;;;;;;;;;;;;;no;no;; ;;;;;;;;;;;;;;;;;;;
DINFSODC9N0;SODIUM chloride, 0.9%, 100 ml, plastic pouch;MED;Drugs;Infusions;Sodium Chloride;Stockable Product;Single;;;Make to Order;Buy;Average Price;;;Infusions;ITC;Normal;Y;;;;;;;;;;;;;;no;no;; ;;;;;;;;;;;;;;;;;;;
DINJAMIK5V-;AMIKACIN, 500 mg, powder, vial;MED;Drugs;Injectable drugs;Amikacin;Stockable Product;Single;;;Make to Order;Buy;Average Price;;;Injectable drugs;ITC;Normal;Y;;;;;Y;;;;;;;;;no;no;;37 J(PM);;;;;;;;;;;;;;;;;;;
DINJAMPI1V-;AMPICILLIN, 1 g, powder, vial;MED;Drugs;Injectable drugs;Amphotericin B;Stockable Product;Single;;;Make to Order;Buy;Average Price;;;Injectable drugs;ITC;Normal;Y;;;;;Y;;;;;;;;;no;no;; ;;;;;;;;;;;;;;;;;;;
DINJCEFA1V-;CEFAZOLIN, 1 g, (IV), powder, vial;MED;Drugs;Injectable drugs;Cefazolin;Stockable Product;Single;;;Make to Order;Buy;Average Price;;;Injectable drugs;ITC;Normal;Y;;;;;Y;;;;;;;;;no;no;;30 J(P);;;;;;;;;;;;;;;;;;;
DINJCHLM5A-;CHLORPROMAZINE, 25 mg/ml, 2 ml, amp.;MED;Drugs;Injectable drugs;Chlorpromazine;Stockable Product;Single;;;Make to Order;Buy;Average Price;;;Injectable drugs;ITC;Normal;Y;;;;;Y;;;;;;;;;no;no;;;;;;;;;;;;;;;;;;;;;
DINJCHLO1V-;CHLORAMPHENICOL, 1 g powder, vial;MED;Drugs;Injectable drugs;Chloramphenicol;Stockable Product;Single;;;Make to Order;Buy;Average Price;;;Injectable drugs;ITC;Normal;Y;;;;;Y;;;;;;;;;no;no;; ;;;;;;;;;;;;;;;;;;;
DINJCHLO5VO;CHLORAMPHENICOL sodium succinate, in oil, 250mg/ml, 2ml, amp;MED;Drugs;Injectable drugs;Chloramphenicol;Stockable Product;Single;;;Make to Order;Buy;Average Price;;;Injectable drugs;ITC;Normal;Y;;;;;Y;;;;;;;;;no;no;; ;;;;;;;;;;;;;;;;;;;
DINJDOPA2A-;DOPAMINE hydrochloride, 40 mg/ml, 5 ml, amp.;MED;Drugs;Injectable drugs;Chlorpheniramine;Stockable Product;Single;;;Make to Order;Buy;Average Price;;;Injectable drugs;ITC;Normal;Y;;;;;Y;;;;;;;;;no;no;;23 J(M);;;;;;;;;;;;;;;;;;;
DINJEFLO2V-;EFLORNITHINE hydrochloride, eq. 200 mg/ml base, 100 ml, vial;MED;Drugs;Injectable drugs;Eflornithine;Stockable Product;Single;;;Make to Order;Buy;Average Price;;;Injectable drugs;ITC;Normal;Y;;;;;Y;;;;;;;;;no;no;;30 J(P);;;;;;;;;;;;;;;;;;;
DINJEPHE3A-;EPHEDRINE hydrochloride, 30 mg/ml, 1 ml, amp.;MED;Drugs;Injectable drugs;Ephedrine;Stockable Product;Single;;;Make to Order;Buy;Average Price;;;Injectable drugs;ITC;Normal;Y;;;;;Y;;;;;;;;;no;no;;;;;;;;;;;;;;;;;;;;;
DINJERYT1V-;ERYTHROMYCIN lactobionate, eq. to 1 g base, pdr, vial;MED;Drugs;Injectable drugs;Erythromycin;Stockable Product;Single;;;Make to Order;Buy;Average Price;;;Injectable drugs;ITC;Normal;Y;;;;;Y;;;;;;;;;no;no;;30 J(P);;;;;;;;;;;;;;;;;;;
DINJGANC5V-;GANCICLOVIR, 500 mg, powder, vial for infusion;MED;Drugs;Injectable drugs;Ganciclovir;Stockable Product;Single;;;Make to Order;Buy;Average Price;;;Injectable drugs;ITC;Normal;Y;;;;;Y;;;;;;;;;no;no;;23 J(M);;;;;;;;;;;;;;;;;;;
DINJHALP5A-;HALOPERIDOL, 5 mg/ml, 1 ml, amp.;MED;Drugs;Injectable drugs;Haloperidol;Stockable Product;Single;;;Make to Order;Buy;Average Price;;;Injectable drugs;ITC;Normal;Y;;;;;Y;;;;;;;;;no;no;;23 J(M);;;;;;;;;;;;;;;;;;;
DINJMEES2V-;MEDROXYPROGESTERONE ac. 25 mg / ESTRADIOL cyp. 5 mg, vial;MED;Drugs;Injectable drugs;Medroxyprogesteron ac + estradiol;Stockable Product;Single;;;Make to Order;Buy;Average Price;;;Injectable drugs;ITC;Normal;Y;;;;;Y;;;;;;;;;no;no;; ;;;;;;;;;;;;;;;;;;;
DINJMEGA4A-;MEGLUMINE ANTIMONIATE, pentaval. antimony 81 mg/ml, 5ml, amp;MED;Drugs;Injectable drugs;Meglumine Antimoniate;Stockable Product;Single;;;Make to Order;Buy;Average Price;;;Injectable drugs;ITC;Normal;Y;;;;;Y;;;;;;;;;no;no;;38 J(PME);;;;;;;;;;;;;;;;;;;
DINJMELA3A-;MELARSOPROL, 3.6%, 5 ml, amp.;MED;Drugs;Injectable drugs;Melarsoprol;Stockable Product;Single;;;Make to Order;Buy;Average Price;;;Injectable drugs;ITC;Normal;Y;;;;;Y;;;;;;;;;no;no;;37 J(PM);;;;;;;;;;;;;;;;;;;
DINJNADR3S-;NADROPARINE, 2850 UI/0.3 ml, syringe;MED;Drugs;Injectable drugs;Nadroparine;Stockable Product;Single;;;Make to Order;Buy;Average Price;;;Injectable drugs;ITC;Normal;Y;;;;;Y;;;;;;;;;no;no;;23 J(M);;;;;;;;;;;;;;;;;;;
DINJPENB1V-;BENZATHINE BENZYLPENICILLIN, 1.2 M IU, powder, vial;MED;Drugs;Injectable drugs;Penicilline Benzathine;Stockable Product;Single;;;Make to Order;Buy;Average Price;;;Injectable drugs;ITC;Normal;Y;;;;;Y;;;;;;;;;no;no;; ;;;;;;;;;;;;;;;;;;;
DINJPENB2V-;BENZATHINE BENZYLPENICILLIN , 2.4 M IU, powder, vial;MED;Drugs;Injectable drugs;Penicilline Benzathine;Stockable Product;Single;;;Make to Order;Buy;Average Price;;;Injectable drugs;ITC;Normal;Y;;;;;Y;;;;;;;;;no;no;; ;;;;;;;;;;;;;;;;;;;
DINJPENT2V-;PENTAMIDINE isetionate, 200 mg, powder, vial;MED;Drugs;Injectable drugs;Pentamidine;Stockable Product;Single;;;Make to Order;Buy;Average Price;;;Injectable drugs;ITC;Normal;Y;;;;;Y;;;;;;;;;no;no;;37 J(PM);;;;;;;;;;;;;;;;;;;
DINJPHEY2V-;PHENYTOIN sodium, 50 mg/ml, 5ml, vial;MED;Drugs;Injectable drugs;Phenobarbital;Stockable Product;Single;;;Make to Order;Buy;Average Price;;;Injectable drugs;ITC;Normal;Y;;;;;Y;;;;;;;;;no;no;;23 J(M);;;;;;;;;;;;;;;;;;;
DINJPHYT2AN;PHYTOMENADIONE (vitamin K), 10 mg/ml, 0.2 ml, amp.;MED;Drugs;Injectable drugs;Phytomenadione;Stockable Product;Single;;;Make to Order;Buy;Average Price;;;Injectable drugs;ITC;Normal;Y;;;;;Y;;;;;;;;;no;no;; ;;;;;;;;;;;;;;;;;;;
DINJPROT5A-;PROTAMINE sulfate, 10 mg/ml, 5 ml, amp.;MED;Drugs;Injectable drugs;Protamine;Stockable Product;Single;;;Make to Order;Buy;Average Price;;;Injectable drugs;ITC;Normal;Y;;;;;Y;;;;;;;;;no;no;;23 J(M);;;;;;;;;;;;;;;;;;;
DORAALBF06D;ARTEMETHER 20mg / LUMEFANTRINE 120mg, blist inf 6 disp.tab;MED;Drugs;Oral drugs;Artemeter + Lumefantrine Blister FD;Stockable Product;Single;;;Make to Order;Buy;Average Price;;;Oral drugs;ITC;Normal;Y;;;;Y;;;;;;;;;;no;no;; ;;;;;;;;;;;;;;;;;;;
DORAALBF12D;ARTEMETHER 20mg / LUMEFANTRINE 120mg, blist child 2x6 disp.t;MED;Drugs;Oral drugs;Artemeter + Lumefantrine Blister FD;Stockable Product;Single;;;Make to Order;Buy;Average Price;;;Oral drugs;ITC;Normal;Y;;;;Y;;;;;;;;;;no;no;; ;;;;;;;;;;;;;;;;;;;
DORAALUH5T-;ALUMINIUM hydroxide, 500 mg, tab.;MED;Drugs;Oral drugs;Aluminium Hydroxide;Stockable Product;Single;;;Make to Order;Buy;Average Price;;;Oral drugs;ITC;Normal;Y;;;;Y;;;;;;;;;;no;no;; ;;;;;;;;;;;;;;;;;;;
DORAAPBF6T-;ATOVAQUONE 62.5 mg / PROGUANIL hydrochloride 25 mg, tab.;MED;Drugs;Oral drugs;Atovaquone + Proguanil, blister;Stockable Product;Single;;;Make to Order;Buy;Average Price;;;Oral drugs;ITC;Normal;Y;;;;Y;;;;;;;;;;no;no;;23 J(M);;;;;;;;;;;;;;;;;;;
DORAASCA5T-;ASCORBIC acid (vitamin C), 500 mg, tab.;MED;Drugs;Oral drugs;Ascorbic Acid;Stockable Product;Single;;;Make to Order;Buy;Average Price;;;Oral drugs;ITC;Normal;Y;;;;Y;;;;;;;;;;no;no;; ;;;;;;;;;;;;;;;;;;;
DORAASPB1TC;ARTESUNATE 3x50mg + SULFADOX/PYRIM 500/25mg, 1-6 y coblister;MED;Drugs;Oral drugs;Artesunate + sulfadoxine - pyrimetham;Stockable Product;Single;;;Make to Order;Buy;Average Price;;;Oral drugs;ITC;Normal;Y;;;;Y;;;;;;;;;;no;no;; ;;;;;;;;;;;;;;;;;;;
DORAASPB2TC;ARTESUNATE 6x50mg + SULFADOX/PYRIM 2x500/25mg, 7-13y coblist;MED;Drugs;Oral drugs;Artesunate + sulfadoxine - pyrimetham;Stockable Product;Single;;;Make to Order;Buy;Average Price;;;Oral drugs;ITC;Normal;Y;;;;Y;;;;;;;;;;no;no;; ;;;;;;;;;;;;;;;;;;;
DORAASPB3TC;ARTESUNATE 12x50mg + SULFADOX/PYRIM 3x500/25mg, ad.coblister;MED;Drugs;Oral drugs;Artesunate + sulfadoxine - pyrimetham;Stockable Product;Single;;;Make to Order;Buy;Average Price;;;Oral drugs;ITC;Normal;Y;;;;Y;;;;;;;;;;no;no;; ;;;;;;;;;;;;;;;;;;;
DORAASPB4TC;ARTESUNATE 6x100mg + SULFADOX/PYRIM 3x500/25mg, ad.coblister;MED;Drugs;Oral drugs;Artesunate + sulfadoxine - pyrimetham;Stockable Product;Single;;;Make to Order;Buy;Average Price;;;Oral drugs;ITC;Normal;Y;;;;Y;;;;;;;;;;no;no;; ;;;;;;;;;;;;;;;;;;;
DORAAZIT2T-;AZITHROMYCIN, 250 mg, tab.;MED;Drugs;Oral drugs;Azithromycine;Stockable Product;Single;;;Make to Order;Buy;Average Price;;;Oral drugs;ITC;Normal;Y;;;;Y;;;;;;;;;;no;no;; ;;;;;;;;;;;;;;;;;;;
DORABECL5S-;BECLOMETASONE dipropionate, 0.05mg/puff, 200 puffs,aerosol;MED;Drugs;Oral drugs;Beclomethasone;Stockable Product;Single;;;Make to Order;Buy;Average Price;;;Oral drugs;ITC;Normal;Y;;;;Y;;;;;;;;;;no;no;X;;;;;;;;;;;;;;;;;;;;
DORABEND1T-;BENZNIDAZOLE, 100 mg, tab.;MED;Drugs;Oral drugs;Benznidazole;Stockable Product;Single;;;Make to Order;Buy;Average Price;;;Oral drugs;ITC;Normal;Y;;;;Y;;;;;;;;;;no;no;;30 J(P);;;;;;;;;;;;;;;;;;;
DORABIPE2T-;BIPERIDEN hydrochloride, 2 mg, tab;MED;Drugs;Oral drugs;Biperiden;Stockable Product;Single;;;Make to Order;Buy;Average Price;;;Oral drugs;ITC;Normal;Y;;;;Y;;;;;;;;;;no;no;;23 J(M);;;;;;;;;;;;;;;;;;;
DORACABG5T-;CABERGOLINE, 0.5 mg, tab.;MED;Drugs;Oral drugs;Biperiden;Stockable Product;Single;;;Make to Order;Buy;Average Price;;;Oral drugs;ITC;Normal;Y;;;;Y;;;;;;;;;;no;no;; ;;;;;;;;;;;;;;;;;;;
DORACALC1C-;CALCIUM CARBONATE, 1.25 g (= 500mg calcium), chewing tab.;MED;Drugs;Oral drugs;Biperiden;Stockable Product;Single;;;Make to Order;Buy;Average Price;;;Oral drugs;ITC;Normal;Y;;;;Y;;;;;;;;;;no;no;; ;;;;;;;;;;;;;;;;;;;
DORACEFI1S-;CEFIXIME, 100 mg/5 ml, powder for oral susp., 40ml, bottle;MED;Drugs;Oral drugs;Cefixime;Stockable Product;Single;;;Make to Order;Buy;Average Price;;;Oral drugs;ITC;Normal;Y;;;;Y;;;;;;;;;;no;no;;23 J(M);;;;;;;;;;;;;;;;;;;
DORACLOF1C-;CLOFAZIMINE, 100 mg, soft caps.;MED;Drugs;Oral drugs;Clofazimine;Stockable Product;Single;;;Make to Order;Buy;Average Price;;;Oral drugs;ITC;Normal;Y;;;;Y;;;;;;;;;;no;no;;30 J(P);;;;;;;;;;;;;;;;;;;
DORACLOM2T-;CLOMIPRAMINE hydrochloride, 25 mg, tab.;MED;Drugs;Oral drugs;Clomipramide;Stockable Product;Single;;;Make to Order;Buy;Average Price;;;Oral drugs;ITC;Normal;Y;;;;Y;;;;;;;;;;no;no;; ;;;;;;;;;;;;;;;;;;;
DORACLOX2C-;CLOXACILLIN sodium, 250 mg, caps.;MED;Drugs;Oral drugs;Cloxacilline;Stockable Product;Single;;;Make to Order;Buy;Average Price;;;Oral drugs;ITC;Normal;Y;;;;Y;;;;;;;;;;no;no;; ;;;;;;;;;;;;;;;;;;;
DORACLOX5T-;CLOXACILLIN sodium, 500 mg, tab.;MED;Drugs;Oral drugs;Cloxacilline;Stockable Product;Single;;;Make to Order;Buy;Average Price;;;Oral drugs;ITC;Normal;Y;;;;Y;;;;;;;;;;no;no;; ;;;;;;;;;;;;;;;;;;;
DORADIDA12C;DIDANOSINE (ddI), 125 mg, enteric coated caps;MED;Drugs;Oral drugs;Didanosine;Stockable Product;Single;;;Make to Order;Buy;Average Price;;;Oral drugs;ITC;Normal;Y;;;;Y;;;;;;;;;;no;no;; ;;;;;;;;;;;;;;;;;;;
DORADIDA15T;DIDANOSINE (ddI), 150 mg, chewable dispersable tab.;MED;Drugs;Oral drugs;Didanosine;Stockable Product;Single;;;Make to Order;Buy;Average Price;;;Oral drugs;ITC;Normal;Y;;;;Y;;;;;;;;;;no;no;; ;;;;;;;;;;;;;;;;;;;
DORADIET1T-;DIETHYLCARBAMAZINE dihydrogen citrate, 100 mg, break. tab.;MED;Drugs;Oral drugs;Diethylcarbamazine;Stockable Product;Single;;;Make to Order;Buy;Average Price;;;Oral drugs;ITC;Normal;Y;;;;Y;;;;;;;;;;no;no;;23 J(M);;;;;;;;;;;;;;;;;;;
DORADIGO2T-;DIGOXIN, 0.25 mg, tab.;MED;Drugs;Oral drugs;Digoxine;Stockable Product;Single;;;Make to Order;Buy;Average Price;;;Oral drugs;ITC;Normal;Y;;;;Y;;;;;;;;;;no;no;; ;;;;;;;;;;;;;;;;;;;
DORAEFAV1C-;EFAVIRENZ (EFV or EFZ), 100 mg, caps.;MED;Drugs;Oral drugs;Efavirenz;Stockable Product;Single;;;Make to Order;Buy;Average Price;;;Oral drugs;ITC;Normal;Y;;;;Y;;;;;;;;;;no;no;; ;;;;;;;;;;;;;;;;;;;
DORAEFAV2T-;EFAVIRENZ (EFV or EFZ), 200 mg, tab.;MED;Drugs;Oral drugs;Efavirenz;Stockable Product;Single;;;Make to Order;Buy;Average Price;;;Oral drugs;ITC;Normal;Y;;;;Y;;;;;;;;;;no;no;; ;;;;;;;;;;;;;;;;;;;
DORAEFAV3S1;EFAVIRENZ (EFV or EFZ), 30 mg/ml, oral susp., 180 ml, bt.;MED;Drugs;Oral drugs;Efavirenz;Stockable Product;Single;;;Make to Order;Buy;Average Price;;;Oral drugs;ITC;Normal;Y;;;;Y;;;;;;;;;;no;no;; ;;;;;;;;;;;;;;;;;;;
DORAEFAV5T-;EFAVIRENZ (EFV or EFZ), 50 mg, tab.;MED;Drugs;Oral drugs;Efavirenz;Stockable Product;Single;;;Make to Order;Buy;Average Price;;;Oral drugs;ITC;Normal;Y;;;;Y;;;;;;;;;;no;no;; ;;;;;;;;;;;;;;;;;;;
DORAFLUC1C-;FLUCONAZOLE, 100 mg, caps.;MED;Drugs;Oral drugs;Fluconazole;Stockable Product;Single;;;Make to Order;Buy;Average Price;;;Oral drugs;ITC;Normal;Y;;;;Y;;;;;;;;;;no;no;; ;;;;;;;;;;;;;;;;;;;
DORAFLUC2C-;FLUCONAZOLE, 200 mg, caps.;MED;Drugs;Oral drugs;Fluconazole;Stockable Product;Single;;;Make to Order;Buy;Average Price;;;Oral drugs;ITC;Normal;Y;;;;Y;;;;;;;;;;no;no;; ;;;;;;;;;;;;;;;;;;;
DORAHALO1A2;HALOTHANE, 250 ml, bot.;MED;Drugs;Oral drugs;Isoniazid;Stockable Product;Single;;;Make to Order;Buy;Average Price;;;Oral drugs;ITC;Normal;Y;;;;Y;;;;;;;;;;no;no;Y;37 J(PM);;;;;;;;;;;;;;;;;;;
DORAISON3T-;ISONIAZID (H), 300 mg, tab.;MED;Drugs;Oral drugs;Isoniazid;Stockable Product;Single;;;Make to Order;Buy;Average Price;;;Oral drugs;ITC;Normal;Y;;;;Y;;;;;;;;;;no;no;; ;;;;;;;;;;;;;;;;;;;
DORAISON5S-;ISONIAZID (H), 50 mg/5ml, syrup, 500 ml, bottle.;MED;Drugs;Oral drugs;Isoniazid;Stockable Product;Single;;;Make to Order;Buy;Average Price;;;Oral drugs;ITC;Normal;Y;;;;Y;;;;;;;;;;no;no;; ;;;;;;;;;;;;;;;;;;;
DORAIVER3T-;IVERMECTIN (onchocerciasis, mass distribution), 3 mg, tab.;MED;Drugs;Oral drugs;Ivermectine;Stockable Product;Single;;;Make to Order;Buy;Average Price;;;Oral drugs;ITC;Normal;Y;;;;Y;;;;;;;;;;no;no;;30 J(P);;;;;;;;;;;;;;;;;;;
DORAIVER3T4;IVERMECTIN (onchocerciasis), 3 mg, tab.;MED;Drugs;Oral drugs;Ivermectine;Stockable Product;Single;;;Make to Order;Buy;Average Price;;;Oral drugs;ITC;Normal;Y;;;;Y;;;;;;;;;;no;no;;30 J(P);;;;;;;;;;;;;;;;;;;
DORAIVER3TS;IVERMECTIN (scabies + other indic.), 3 mg, tab.;MED;Drugs;Oral drugs;Ivermectine;Stockable Product;Single;;;Make to Order;Buy;Average Price;;;Oral drugs;ITC;Normal;Y;;;;Y;;;;;;;;;;no;no;; ;;;;;;;;;;;;;;;;;;;
DORALEVO1T-;LEVOTHYROXINE sodium, 0.1 mg, tab.;MED;Drugs;Oral drugs;Levothyroxine;Stockable Product;Single;;;Make to Order;Buy;Average Price;;;Oral drugs;ITC;Normal;Y;;;;Y;;;;;;;;;;no;no;;23 J(M);;;;;;;;;;;;;;;;;;;
DORALSNV1T4;LAMIVUD(3TC) 150mg + STAVUD(d4T) 40mg + NVP 200mg tab;MED;Drugs;Oral drugs;Lamivudine + Stavudine + Nevirapine;Stockable Product;Single;;;Make to Order;Buy;Average Price;;;Oral drugs;ITC;Normal;Y;;;;Y;;;;;;;;;;no;no;; ;;;;;;;;;;;;;;;;;;;
DORALSNV2T5;3TC 20 mg / d4T 5 mg / NVP 35 mg  disp.tab.;MED;Drugs;Oral drugs;Lamivudine + Stavudine + Nevirapine;Stockable Product;Single;;;Make to Order;Buy;Average Price;;;Oral drugs;ITC;Normal;Y;;;;Y;;;;;;;;;;no;no;; ;;;;;;;;;;;;;;;;;;;
DORALSNV4T1;3TC 40 mg / d4T 10 mg / NVP 70 mg disp.tab.;MED;Drugs;Oral drugs;Lamivudine + Stavudine + Nevirapine;Stockable Product;Single;;;Make to Order;Buy;Average Price;;;Oral drugs;ITC;Normal;Y;;;;Y;;;;;;;;;;no;no;; ;;;;;;;;;;;;;;;;;;;
DORALSTA3T6;3TC 30 mg / d4T 6 mg disp. tab.;MED;Drugs;Oral drugs;Lamivudine (3TC) + Stavudine (d4T);Stockable Product;Single;;;Make to Order;Buy;Average Price;;;Oral drugs;ITC;Normal;Y;;;;Y;;;;;;;;;;no;no;; ;;;;;;;;;;;;;;;;;;;
DORALSTA6T1;3TC 60 mg / d4T 12 mg disp. tab.;MED;Drugs;Oral drugs;Lamivudine (3TC) + Stavudine (d4T);Stockable Product;Single;;;Make to Order;Buy;Average Price;;;Oral drugs;ITC;Normal;Y;;;;Y;;;;;;;;;;no;no;; ;;;;;;;;;;;;;;;;;;;
DORAMORP1T-;MORPHINE sulfate, 10 mg, immediate release breakable tab.;MED;Drugs;Oral drugs;Morphine;Stockable Product;Single;;;Make to Order;Buy;Average Price;;;Oral drugs;ITC;Normal;Y;;;;Y;;;;;;;;;;no;no;;;;;;;;;;;;;;;;;;;;;
DORAMORP1TS;MORPHINE sulfate, 10 mg, sustained release tab.;MED;Drugs;Oral drugs;Morphine;Stockable Product;Single;;;Make to Order;Buy;Average Price;;;Oral drugs;ITC;Normal;Y;;;;Y;;;;;;;;;;no;no;;;;;;;;;;;;;;;;;;;;;
DORAONDA4T-;ONDANSETRON hydrochloride, eq. 4 mg base, tab.;MED;Drugs;Oral drugs;Ondasetron;Stockable Product;Single;;;Make to Order;Buy;Average Price;;;Oral drugs;ITC;Normal;Y;;;;Y;;;;;;;;;;no;no;;37 J(PM);;;;;;;;;;;;;;;;;;;
DORAONDA8T-;ONDANSETRON hydrochloride, eq. 8 mg base, breakable tab.;MED;Drugs;Oral drugs;Ondasetron;Stockable Product;Single;;;Make to Order;Buy;Average Price;;;Oral drugs;ITC;Normal;Y;;;;Y;;;;;;;;;;no;no;;37 J(PM);;;;;;;;;;;;;;;;;;;
DVACIMHR1V-;IMMUNOGLOBULIN, HUMAN, ANTIRABIES, 150 IU/ml, 10 ml, amp.;MED;Drugs;Vaccines;Immunoglobulins human antirabies;Stockable Product;Single;;;Make to Order;Buy;Average Price;;;Vaccines;ITC;Normal;Y;;;;;Y;;;;;;;*;7*0F;no;no;;24 J(ME);;;;;;;;;;;;;;;;;;;
DVACVBCG1VD;VACCINE BCG, multidose, 1 dose, vial + solv.;MED;Drugs;Vaccines;Vaccine Bcg;Stockable Product;Single;;;Make to Order;Buy;Average Price;;;Vaccines;ITC;Normal;Y;;;;;Y;;;;;;;*;12*C;no;no;;;;;;;;;;;;;;;;;;;;;
DVACVDHH1V-;VACCINE DPT / HEPATITIS B / Hib, monodosis, 0.5 ml, amp.;MED;Drugs;Vaccines;Vaccine, DPT+hepatitis B+Hib;Stockable Product;Single;;;Make to Order;Buy;Average Price;;;Vaccines;ITC;Normal;Y;;;;;Y;;;;;;;*;11*BF;no;no;;;;;;;;;;;;;;;;;;;;;
DVACVDPH1VD;VACCINE DPT / HEPATITIS B, multidose, 1 dose, vial;MED;Drugs;Vaccines;Dipthery, tetanus, pertussis, hep B;Stockable Product;Single;;;Make to Order;Buy;Average Price;;;Vaccines;ITC;Normal;Y;;;;;Y;;;;;;;*;13*CF;no;no;;;;;;;;;;;;;;;;;;;;;
DVACVHIB1S-;VACCINE HAEMOPHILUS INFLUENZAE type b, monodosis, 0.5ml,syr.;MED;Drugs;Vaccines;Vaccine Haemophilus influenzae;Stockable Product;Single;;;Make to Order;Buy;Average Price;;;Vaccines;ITC;Normal;Y;;;;;Y;;;;;;;*;13*CF;no;no;;;;;;;;;;;;;;;;;;;;;
DVACVHIB1V-;VACCINE HAEMOPHILUS INFLUENZAE type b, monodosis, 0.5ml,vial;MED;Drugs;Vaccines;Vaccine Haemophilus influenzae;Stockable Product;Single;;;Make to Order;Buy;Average Price;;;Vaccines;ITC;Normal;Y;;;;;Y;;;;;;;*;13*CF;no;no;;;;;;;;;;;;;;;;;;;;;
DVACVHIB1VD;VACCINE HAEMOPHILUS INFLUENZAE type b,multidose, 1 dose,vial;MED;Drugs;Vaccines;Vaccine Haemophilus influenzae;Stockable Product;Single;;;Make to Order;Buy;Average Price;;;Vaccines;ITC;Normal;Y;;;;;Y;;;;;;;*;;no;no;; ;;;;;;;;;;;;;;;;;;;
DVACVMEA1VD;VACCINE MEASLES, multidose, 1 dose, vial + solvent;MED;Drugs;Vaccines;Vaccine Measles;Stockable Product;Single;;;Make to Order;Buy;Average Price;;;Vaccines;ITC;Normal;Y;;;;;Y;;;;;;;*;6*0;no;no;;;;;;;;;;;;;;;;;;;;;
DVACVMEN1VD;VACCINE MENINGITIS A+C+W135+Y,  multid., 1 dose, vial+ solv.;MED;Drugs;Vaccines;Vaccine Meningitis A+C;Stockable Product;Single;;;Make to Order;Buy;Average Price;;;Vaccines;ITC;Normal;Y;;;;;Y;;;;;;;*;12*C;no;no;;30 J(P);;;;;;;;;;;;;;;;;;;
DVACVMEN5VD;VACCINE MENINGITIS A + C, multidose, 1 dose, vial + solvent;MED;Drugs;Vaccines;Vaccine Meningitis A+C;Stockable Product;Single;;;Make to Order;Buy;Average Price;;;Vaccines;ITC;Normal;Y;;;;;Y;;;;;;;*;12*C;no;no;;30 J(P);;;;;;;;;;;;;;;;;;;
DVACVPNE7S-;VACCINE PNEUMOCOCCAL CONJUGATE PCV7, monod. 0.5 ml, syr.;MED;Drugs;Vaccines;Vaccine Tetanus;Stockable Product;Single;;;Make to Order;Buy;Average Price;;;Vaccines;ITC;Normal;Y;;;;;Y;;;;;;;*;;no;no;;;;;;;;;;;;;;;;;;;;;
DVACVTET1V-;VACCINE, TETANUS, 10 doses, 5 ml, vial;MED;Drugs;Vaccines;Vaccine Tetanus;Stockable Product;Single;;;Make to Order;Buy;Average Price;;;Vaccines;ITC;Normal;Y;;;;;Y;;;;;;;*;;no;no;; ;;;;;;;;;;;;;;;;;;;
DVACVTET1VD;VACCINE TT (tetanus), multidose, 1 dose, vial;MED;Drugs;Vaccines;Vaccine Tetanus;Stockable Product;Single;;;Make to Order;Buy;Average Price;;;Vaccines;ITC;Normal;Y;;;;;Y;;;;;;;*;13*CF;no;no;;;;;;;;;;;;;;;;;;;;;
EANEANAE1H-;MANUAL ANAESTHETIC CIRCUIT + HALOTHANE VAPORIZER, type OMV50;MED;Medical Equipment;Anaesthesia;anaesthesia machine;Stockable Product;Single;;;Make to Order;Buy;Average Price;;;Anaesthesia;ITC;Normal;Y;;;;;;;;;;;;;;no;no;Y;30 J(P);;;;;;;;;;;;;;;;;;;
EANEANAE2H-;MANUAL ANAESTHETIC CIRCUIT + HALOTHANE VAPORIZER + scavenger;MED;Medical Equipment;Anaesthesia;anaesthesia machine;Stockable Product;Single;;;Make to Order;Buy;Average Price;;;Anaesthesia;ITC;Normal;Y;;;;;;;;;;;;;;no;no;Y;30 J(P);;;;;;;;;;;;;;;;;;;
EANEANAEV1-;ANAESTHESIA VENTILATOR (Monnal D2), with accessories;MED;Medical Equipment;Anaesthesia;anaesthesia machine;Stockable Product;Single;;;Make to Order;Buy;Average Price;;;Anaesthesia;ITC;Normal;Y;;;;;;;;;;;;;;no;no;;30 J(P);;;;;;;;;;;;;;;;;;;
EANEANAEV2-;ANAESTHESIA VENTILATOR (Monnal D2) + scavenger + access.;MED;Medical Equipment;Anaesthesia;anaesthesia machine;Stockable Product;Single;;;Make to Order;Buy;Average Price;;;Anaesthesia;ITC;Normal;Y;;;;;;;;;;;;;;no;no;;30 J(P);;;;;;;;;;;;;;;;;;;
EANEBALA1--;BALLOON, ANAESTHESIA, Ø 22 mm, 1 l;MED;Medical Equipment;Anaesthesia;Balloon, Anaesthesia;Stockable Product;Single;;;Make to Order;Buy;Average Price;;;Anaesthesia;ITC;Normal;Y;;;;;;;;;;;;;;no;no;;37 J(PM);;;;;;;;;;;;;;;;;;;
EANEBALA3--;BALLOON, ANAESTHESIA, Ø 22 mm, 3 l;MED;Medical Equipment;Anaesthesia;Balloon, Anaesthesia;Stockable Product;Single;;;Make to Order;Buy;Average Price;;;Anaesthesia;ITC;Normal;Y;;;;;;;;;;;;;;no;no;;37 J(PM);;;;;;;;;;;;;;;;;;;
EANEBALA5--;BALLOON, ANAESTHESIA, 0.5 l, latex, Ø 15 mm, reusable;MED;Medical Equipment;Anaesthesia;Balloon, Anaesthesia;Stockable Product;Single;;;Make to Order;Buy;Average Price;;;Anaesthesia;ITC;Normal;Y;;;;;;;;;;;;;;no;no;;37 J(PM);;;;;;;;;;;;;;;;;;;
EANEBALA5G-;(anaesth. balloon, 0.5 l) CONNECTION GRID FOR VALVE OF DAVID;MED;Medical Equipment;Anaesthesia;Balloon, Anaesthesia;Stockable Product;Single;;;Make to Order;Buy;Average Price;;;Anaesthesia;ITC;Normal;Y;;;;;;;;;;;;;;no;no;; ;;;;;;;;;;;;;;;;;;;
EANELABL1CF;(laryngoscope) BLADE MAC INTOSH nº 1, curved, fiber optic;MED;Medical Equipment;Anaesthesia;Laryngoscope, Blade;Stockable Product;Single;;;Make to Order;Buy;Average Price;;;Anaesthesia;ITC;Normal;Y;;;;;;;;;;;;;;no;no;; ;;;;;;;;;;;;;;;;;;;
EANELABL1SF;(laryngoscope) BLADE MILLER n°0, str., neonatal, fiber optic;MED;Medical Equipment;Anaesthesia;Laryngoscope, Blade;Stockable Product;Single;;;Make to Order;Buy;Average Price;;;Anaesthesia;ITC;Normal;Y;;;;;;;;;;;;;;no;no;; ;;;;;;;;;;;;;;;;;;;
EANELABL2CF;(laryngoscope) BLADE MAC INTOSH nº 2, curved, fiber optic;MED;Medical Equipment;Anaesthesia;Laryngoscope, Blade;Stockable Product;Single;;;Make to Order;Buy;Average Price;;;Anaesthesia;ITC;Normal;Y;;;;;;;;;;;;;;no;no;; ;;;;;;;;;;;;;;;;;;;
EANELABL3CF;(laryngoscope) BLADE MAC INTOSH nº 3, curved, fiber optic;MED;Medical Equipment;Anaesthesia;Laryngoscope, Blade;Stockable Product;Single;;;Make to Order;Buy;Average Price;;;Anaesthesia;ITC;Normal;Y;;;;;;;;;;;;;;no;no;; ;;;;;;;;;;;;;;;;;;;
EANELABL4CF;(laryngoscope) BLADE MAC INTOSH nº 4, curved, fiber optic;MED;Medical Equipment;Anaesthesia;Laryngoscope, Blade;Stockable Product;Single;;;Make to Order;Buy;Average Price;;;Anaesthesia;ITC;Normal;Y;;;;;;;;;;;;;;no;no;; ;;;;;;;;;;;;;;;;;;;
EANEMALA02-;MASK LARYNGEAL, reusable size 2;MED;Medical Equipment;Anaesthesia;Mask, laryngeal;Stockable Product;Single;;;Make to Order;Buy;Average Price;;;Anaesthesia;ITC;Normal;Y;;;;;;;;;;;;;;no;no;;23 J(M);;;;;;;;;;;;;;;;;;;
EANEMALA03-;MASK LARYNGEAL, reusable size 3;MED;Medical Equipment;Anaesthesia;Mask, laryngeal;Stockable Product;Single;;;Make to Order;Buy;Average Price;;;Anaesthesia;ITC;Normal;Y;;;;;;;;;;;;;;no;no;;23 J(M);;;;;;;;;;;;;;;;;;;
EANEMALA04-;MASK LARYNGEAL, reusable size 4;MED;Medical Equipment;Anaesthesia;Mask, laryngeal;Stockable Product;Single;;;Make to Order;Buy;Average Price;;;Anaesthesia;ITC;Normal;Y;;;;;;;;;;;;;;no;no;;23 J(M);;;;;;;;;;;;;;;;;;;
EANEMALA05-;MASK LARYNGEAL, reusable size 5;MED;Medical Equipment;Anaesthesia;Mask, laryngeal;Stockable Product;Single;;;Make to Order;Buy;Average Price;;;Anaesthesia;ITC;Normal;Y;;;;;;;;;;;;;;no;no;;23 J(M);;;;;;;;;;;;;;;;;;;
EANEMASAS0-;MASK ANAESTHESIA, silicone, size 0: premature baby;MED;Medical Equipment;Anaesthesia;Anaesthesia Mask;Stockable Product;Single;;;Make to Order;Buy;Average Price;;;Anaesthesia;ITC;Normal;Y;;;;;;;;;;;;;;no;no;; ;;;;;;;;;;;;;;;;;;;
EANEMASAS1-;MASK ANAESTHESIA, silicone, size 1: neonate;MED;Medical Equipment;Anaesthesia;Anaesthesia Mask;Stockable Product;Single;;;Make to Order;Buy;Average Price;;;Anaesthesia;ITC;Normal;Y;;;;;;;;;;;;;;no;no;; ;;;;;;;;;;;;;;;;;;;
EANEOXYM101;(oxymeter) PROBE, adult, DS100A;MED;Medical Equipment;Anaesthesia;Oxymeter;Stockable Product;Single;;;Make to Order;Buy;Average Price;;;Anaesthesia;ITC;Normal;Y;;;;;;;;;;;;;;no;no;; ;;;;;;;;;;;;;;;;;;;
EANEOXYM102;(oxymeter) PROBE, neo-n./ped.  + adhesive tapes;MED;Medical Equipment;Anaesthesia;Oxymeter;Stockable Product;Single;;;Make to Order;Buy;Average Price;;;Anaesthesia;ITC;Normal;Y;;;;;;;;;;;;;;no;no;; ;;;;;;;;;;;;;;;;;;;
EANEOXYM401;(oxymeter) SENSOR, universal, adult, reus. LNCS-DCI ref1863;MED;Medical Equipment;Anaesthesia;Oxymeter;Stockable Product;Single;;;Make to Order;Buy;Average Price;;;Anaesthesia;ITC;Normal;Y;;;;;;;;;;;;;;no;no;; ;;;;;;;;;;;;;;;;;;;
EANEOXYM402;(oxymeter) SENSOR, multisite, paed/neon reus.LNCS-YI ref2258;MED;Medical Equipment;Anaesthesia;Oxymeter;Stockable Product;Single;;;Make to Order;Buy;Average Price;;;Anaesthesia;ITC;Normal;Y;;;;;;;;;;;;;;no;no;; ;;;;;;;;;;;;;;;;;;;
EANEOXYM403;(oxymeter) CABLE, patient LNC 4 ref 2017;MED;Medical Equipment;Anaesthesia;Oxymeter;Stockable Product;Single;;;Make to Order;Buy;Average Price;;;Anaesthesia;ITC;Normal;Y;;;;;;;;;;;;;;no;no;; ;;;;;;;;;;;;;;;;;;;
EANEOXYM404;(oxymeter) WRAPS ref 1597;MED;Medical Equipment;Anaesthesia;Oxymeter;Stockable Product;Single;;;Make to Order;Buy;Average Price;;;Anaesthesia;ITC;Normal;Y;;;;;;;;;;;;;;no;no;; ;;;;;;;;;;;;;;;;;;;
EANETOUR2I-;TOURNIQUET pneumatic, ARM-CUFF + MANOMETER + LEG CUFF;MED;Medical Equipment;Anaesthesia;Tourniquet;Stockable Product;Single;;;Make to Order;Buy;Average Price;;;Anaesthesia;ITC;Normal;Y;;;;;;;;;;;;;;no;no;;37 J(PM);;;;;;;;;;;;;;;;;;;
EANETOUR2IA;(tourniquet pneumatic) ARM CUFF + MANOMETER;MED;Medical Equipment;Anaesthesia;Tourniquet;Stockable Product;Single;;;Make to Order;Buy;Average Price;;;Anaesthesia;ITC;Normal;Y;;;;;;;;;;;;;;no;no;; ;;;;;;;;;;;;;;;;;;;
EANETOUR2IL;(tourniquet pneumatic) LEG CUFF;MED;Medical Equipment;Anaesthesia;Tourniquet;Stockable Product;Single;;;Make to Order;Buy;Average Price;;;Anaesthesia;ITC;Normal;Y;;;;;;;;;;;;;;no;no;; ;;;;;;;;;;;;;;;;;;;
EANETUBE2S-;TUBE, silicone, corrugated, int. Ø 16.5, conn. 22 mm, 85 cm;MED;Medical Equipment;Anaesthesia;Tube;Stockable Product;Single;;;Make to Order;Buy;Average Price;;;Anaesthesia;ITC;Normal;Y;;;;;;;;;;;;;;no;no;; ;;;;;;;;;;;;;;;;;;;
EHOECONC201;(concen. Companion 590) SPARE FILTERS KIT, WHO;MED;Medical Equipment;Hospital equipment;Concentrator;Stockable Product;Single;;;Make to Order;Buy;Average Price;;;Hospital equipment;ITC;Normal;Y;8;;;;;;;;;;;;;no;no;; ;;;;;;;;;;;;;;;;;;;
EHOECONC3AO;(conc. De Vilbiss 515KS/AKS) ANALYSER, OXYGEN;MED;Medical Equipment;Hospital equipment;Concentrator;Stockable Product;Single;;;Make to Order;Buy;Average Price;;;Hospital equipment;ITC;Normal;Y;;;;;;;;;;;;;;no;no;; ;;;;;;;;;;;;;;;;;;;
EHOECONC3FC;(conc. De Vilbiss 515KS) FILTER, COMPRESSOR 515KZ-625;MED;Medical Equipment;Hospital equipment;Concentrator;Stockable Product;Single;;;Make to Order;Buy;Average Price;;;Hospital equipment;ITC;Normal;Y;;;;;;;;;;;;;;no;no;; ;;;;;;;;;;;;;;;;;;;
EHOECONC3FF;(conc. De Vilbiss 515AKS) FINAL ANTIBACTERIAL FILTER;MED;Medical Equipment;Hospital equipment;Concentrator;Stockable Product;Single;;;Make to Order;Buy;Average Price;;;Hospital equipment;ITC;Normal;Y;;;;;;;;;;;;;;no;no;; ;;;;;;;;;;;;;;;;;;;
EHOECONC3FS;(conc. De Vilbiss 515KS/AKS) FLOW SPLITTER SYSTEM;MED;Medical Equipment;Hospital equipment;Concentrator;Stockable Product;Single;;;Make to Order;Buy;Average Price;;;Hospital equipment;ITC;Normal;Y;32;;;;;;;;;;;;;no;no;; ;;;;;;;;;;;;;;;;;;;
EHOECONC3HS;(conc. De Vilbiss 515KS/AKS) HUMIDIFIER, s.u. ref.01-HU3230;MED;Medical Equipment;Hospital equipment;Concentrator;Stockable Product;Single;;;Make to Order;Buy;Average Price;;;Hospital equipment;ITC;Normal;Y;;;;;;;;;;;;;;no;no;; ;;;;;;;;;;;;;;;;;;;
EHOECONC3HU;(conc. De Vilbiss 515KS) HUMIDIFIER, autoclavable;MED;Medical Equipment;Hospital equipment;Concentrator;Stockable Product;Single;;;Make to Order;Buy;Average Price;;;Hospital equipment;ITC;Normal;Y;;;;;;;;;;;;;;no;no;; ;;;;;;;;;;;;;;;;;;;
EHOECONC3KC;(conc. De Vilbiss 515KS) KIT REPAIR COMPRESSOR 505DZ-643;MED;Medical Equipment;Hospital equipment;Concentrator;Stockable Product;Single;;;Make to Order;Buy;Average Price;;;Hospital equipment;ITC;Normal;Y;;;;;;;;;;;;;;no;no;; ;;;;;;;;;;;;;;;;;;;
EHOECONC3KF;(conc. De Vilbiss 515KS/AKS) SPARE FILTERS KIT;MED;Medical Equipment;Hospital equipment;Concentrator;Stockable Product;Single;;;Make to Order;Buy;Average Price;;;Hospital equipment;ITC;Normal;Y;;;;;;;;;;;;;;no;no;; ;;;;;;;;;;;;;;;;;;;
EHOECONC3KT;(conc. De Vilbiss 515KS/AKS) KIT TOOLS;MED;Medical Equipment;Hospital equipment;Concentrator;Stockable Product;Single;;;Make to Order;Buy;Average Price;;;Hospital equipment;ITC;Normal;Y;;;;;;;;;;;;;;no;no;; ;;;;;;;;;;;;;;;;;;;
EHOECONC3KV;(conc. De Vilbiss 515KS) KIT REPAIR VALVE COMPLETE 515DS-707;MED;Medical Equipment;Hospital equipment;Concentrator;Stockable Product;Single;;;Make to Order;Buy;Average Price;;;Hospital equipment;ITC;Normal;Y;;;;;;;;;;;;;;no;no;; ;;;;;;;;;;;;;;;;;;;
EHOECONC3UM;(conc. De Vilbiss 515KS) USER AND MAINTENANCE MANUAL, MSF;MED;Medical Equipment;Hospital equipment;Concentrator;Stockable Product;Single;;;Make to Order;Buy;Average Price;;;Hospital equipment;ITC;Normal;Y;;;;;;;;;;;;;;no;no;; ;;;;;;;;;;;;;;;;;;;
EHOECONC3V-;(conc. De Vilbiss 515KS) VALVE, 4 WAYS/PURGE  515DS-702;MED;Medical Equipment;Hospital equipment;Concentrator;Stockable Product;Single;;;Make to Order;Buy;Average Price;;;Hospital equipment;ITC;Normal;Y;;;;;;;;;;;;;;no;no;; ;;;;;;;;;;;;;;;;;;;
EHOECONC4--;CONCENTRATOR O2 (De Vilbiss 525KS+OSD) 220V + access.;MED;Medical Equipment;Hospital equipment;Concentrator;Stockable Product;Single;;;Make to Order;Buy;Average Price;;;Hospital equipment;ITC;Normal;Y;;;;;;;;;;;;;;no;no;; ;;;;;;;;;;;;;;;;;;;
EHOEDEFI101;(defibrillator FRED easy) ELECTRODE, adhesive, adult 5 pairs;MED;Medical Equipment;Hospital equipment;Defibrillator;Stockable Product;Single;;;Make to Order;Buy;Average Price;;;Hospital equipment;ITC;Normal;Y;;;;;;;;;;;;;;no;no;; ;;;;;;;;;;;;;;;;;;;
EHOEDEFI102;(defibrillator FRED easy) ELECTRODE, adhesive, child 2 pairs;MED;Medical Equipment;Hospital equipment;Defibrillator;Stockable Product;Single;;;Make to Order;Buy;Average Price;;;Hospital equipment;ITC;Normal;Y;;;;;;;;;;;;;;no;no;; ;;;;;;;;;;;;;;;;;;;
EHOEDEFI1E-;DEFIBRILLATOR (FRED easy), semi-automatic, manual mode, En;MED;Medical Equipment;Hospital equipment;Defibrillator;Stockable Product;Single;;;Make to Order;Buy;Average Price;;;Hospital equipment;ITC;Normal;Y;;;;;;;;;;;;;;no;no;; ;;;;;;;;;;;;;;;;;;;
EHOEDEFI1F-;DEFIBRILLATOR (FRED easy), semi-automatic, manual mode, Fr;MED;Medical Equipment;Hospital equipment;Defibrillator;Stockable Product;Single;;;Make to Order;Buy;Average Price;;;Hospital equipment;ITC;Normal;Y;;;;;;;;;;;;;;no;no;; ;;;;;;;;;;;;;;;;;;;
EHOEDERE501;(dermatome, electric ACCULAN II) NINH BATTERY;MED;Medical Equipment;Hospital equipment;Dermatome, electric;Stockable Product;Single;;;Make to Order;Buy;Average Price;;;Hospital equipment;ITC;Normal;Y;;;;;;;;;;;;;;no;no;; ;;;;;;;;;;;;;;;;;;;
EHOEDERE5BS;(dermatome, electric ACCULAN II) BLADE, sterile s.u.;MED;Medical Equipment;Hospital equipment;Dermatome, electric;Stockable Product;Single;;;Make to Order;Buy;Average Price;;;Hospital equipment;ITC;Normal;Y;;;;;;;;;;;;;;no;no;; ;;;;;;;;;;;;;;;;;;;
EHOEDERE5CB;(dermatome, electric ACCULAN II) CHARGER, BATTERY;MED;Medical Equipment;Hospital equipment;Dermatome, electric;Stockable Product;Single;;;Make to Order;Buy;Average Price;;;Hospital equipment;ITC;Normal;Y;;;;;;;;;;;;;;no;no;; ;;;;;;;;;;;;;;;;;;;
EHOEELSU201;(Electro surgical unit) NEEDLE ELECTRODE, autoclavable;MED;Medical Equipment;Hospital equipment;Electro Surgical Unit;Stockable Product;Single;;;Make to Order;Buy;Average Price;;;Hospital equipment;ITC;Normal;Y;;;;;;;;;;;;;;no;no;; ;;;;;;;;;;;;;;;;;;;
EHOEELSU202;(Electro surgical unit) MAINS CABLE;MED;Medical Equipment;Hospital equipment;Electro Surgical Unit;Stockable Product;Single;;;Make to Order;Buy;Average Price;;;Hospital equipment;ITC;Normal;Y;;;;;;;;;;;;;;no;no;; ;;;;;;;;;;;;;;;;;;;
EHOEELSU203;(Electro surgical unit) HANDLE, ELECTRODE-HOLDER, autocl.;MED;Medical Equipment;Hospital equipment;Electro Surgical Unit;Stockable Product;Single;;;Make to Order;Buy;Average Price;;;Hospital equipment;ITC;Normal;Y;;;;;;;;;;;;;;no;no;; ;;;;;;;;;;;;;;;;;;;
EHOEELSU204;(Electro surgical unit) FOOTSWITCH;MED;Medical Equipment;Hospital equipment;Electro Surgical Unit;Stockable Product;Single;;;Make to Order;Buy;Average Price;55;55;Hospital equipment;ITC;Normal;Y;;;;;;;;;;;;;;no;no;; ;;;;;;;;;;;;;;;;;;;
EHOEELSU205;(Electro surgical unit) NEUTRAL PLATE;MED;Medical Equipment;Hospital equipment;Electro Surgical Unit;Stockable Product;Single;;;Make to Order;Buy;Average Price;;;Hospital equipment;ITC;Normal;Y;;;;;;;;;;;;;;no;no;; ;;;;;;;;;;;;;;;;;;;
EHOEELSU206;(Electro surgical unit) CABLE for neutral plate;MED;Medical Equipment;Hospital equipment;Electro Surgical Unit;Stockable Product;Single;;;Make to Order;Buy;Average Price;;;Hospital equipment;ITC;Normal;Y;;;;;;;;;;;;;;no;no;; ;;;;;;;;;;;;;;;;;;;
EHOEELSU207;(Electro surgical unit) BALL ELECTRODE, autoclavable;MED;Medical Equipment;Hospital equipment;Electro Surgical Unit;Stockable Product;Single;;;Make to Order;Buy;Average Price;;;Hospital equipment;ITC;Normal;Y;;;;;;;;;;;;;;no;no;; ;;;;;;;;;;;;;;;;;;;
EHOEELSU208;(Electro surgical unit) BLADE ELECTRODE, autoclavable;MED;Medical Equipment;Hospital equipment;Electro Surgical Unit;Stockable Product;Single;;;Make to Order;Buy;Average Price;;;Hospital equipment;ITC;Normal;Y;;;;;;;;;;;;;;no;no;; ;;;;;;;;;;;;;;;;;;;
EHOEELSU209;(Electro surgical unit) LOOP ELECTRODE, autoclavable;MED;Medical Equipment;Hospital equipment;Electro Surgical Unit;Stockable Product;Single;;;Make to Order;Buy;Average Price;;;Hospital equipment;ITC;Normal;Y;;;;;;;;;;;;;;no;no;; ;;;;;;;;;;;;;;;;;;;
EHOEELSU3--;ELECTRO SURGICAL UNIT (SurgiStat II), 220 V + accessories;MED;Medical Equipment;Hospital equipment;Electro Surgical Unit;Stockable Product;Single;;;Make to Order;Buy;Average Price;55;55;Hospital equipment;ITC;Normal;Y;;;;;;;;;;;;;;no;no;;30 J(P);;;;;;;;;;;;;;;;;;;
EHOEELSU301;(Surgistat tm II) GENERATOR, ELECTRONIC w/o access, SURGII-8;MED;Medical Equipment;Hospital equipment;Electro Surgical Unit;Stockable Product;Single;;;Make to Order;Buy;Average Price;;;Hospital equipment;ITC;Normal;Y;;;;;;;;;;;;;;no;no;; ;;;;;;;;;;;;;;;;;;;
EHOEELSU302;(Surgistat tm II) PATIENT PLATE, reusable, silic. D242-003;MED;Medical Equipment;Hospital equipment;Electro Surgical Unit;Stockable Product;Single;;;Make to Order;Buy;Average Price;;;Hospital equipment;ITC;Normal;Y;;;;;;;;;;;;;;no;no;; ;;;;;;;;;;;;;;;;;;;
EHOEELSU303;(Surgistat tm II) WIRE FOR PATIENT PLATE, D385-050;MED;Medical Equipment;Hospital equipment;Electro Surgical Unit;Stockable Product;Single;;;Make to Order;Buy;Average Price;;;Hospital equipment;ITC;Normal;Y;;;;;;;;;;;;;;no;no;; ;;;;;;;;;;;;;;;;;;;
EHOEELSU304;(Surgistat tm II) ELECTRODE HOLDER, non sterile, reus. E2100;MED;Medical Equipment;Hospital equipment;Electro Surgical Unit;Stockable Product;Single;;;Make to Order;Buy;Average Price;;;Hospital equipment;ITC;Normal;Y;;;;;;;;;;;;;;no;no;; ;;;;;;;;;;;;;;;;;;;
EHOEELSU305;(Surgistat tm II) ELECTRODE BLADE, reusable E1020;MED;Medical Equipment;Hospital equipment;Electro Surgical Unit;Stockable Product;Single;;;Make to Order;Buy;Average Price;;;Hospital equipment;ITC;Normal;Y;;;;;;;;;;;;;;no;no;; ;;;;;;;;;;;;;;;;;;;
EHOEELSU306;(Surgistat tm II) ELECTRODE HEAD, reusable E1000;MED;Medical Equipment;Hospital equipment;Electro Surgical Unit;Stockable Product;Single;;;Make to Order;Buy;Average Price;;;Hospital equipment;ITC;Normal;Y;;;;;;;;;;;;;;no;no;; ;;;;;;;;;;;;;;;;;;;
EHOEELSU307;(Surgistat tm II) ELECTRODE NEEDLE, fine, reusable E1003;MED;Medical Equipment;Hospital equipment;Electro Surgical Unit;Stockable Product;Single;;;Make to Order;Buy;Average Price;;;Hospital equipment;ITC;Normal;Y;;;;;;;;;;;;;;no;no;; ;;;;;;;;;;;;;;;;;;;
EHOEELSU308;(Surgistat tm II) USER'S MANUAL, english, french, spanish;MED;Medical Equipment;Hospital equipment;Electro Surgical Unit;Stockable Product;Single;;;Make to Order;Buy;Average Price;;;Hospital equipment;ITC;Normal;Y;;;;;;;;;;;;;;no;no;; ;;;;;;;;;;;;;;;;;;;
EHOEELSU309;(Surgistat tm II) MAINTENANCE MANUAL, english;MED;Medical Equipment;Hospital equipment;Electro Surgical Unit;Stockable Product;Single;;;Make to Order;Buy;Average Price;;;Hospital equipment;ITC;Normal;Y;;;;;;;;;;;;;;no;no;; ;;;;;;;;;;;;;;;;;;;
EHOEELSU401;(El.surg.unit MS2P/MC2) HANDLE, hand operated, reusable;MED;Medical Equipment;Hospital equipment;Electro Surgical Unit;Stockable Product;Single;;;Make to Order;Buy;Average Price;;;Hospital equipment;ITC;Normal;Y;;;;;;;;;;;;;;no;no;; ;;;;;;;;;;;;;;;;;;;
EHOEELSU402;(El.surg.unit MS2P/MC2) ELECTRODES, set 5 short cutters,reus;MED;Medical Equipment;Hospital equipment;Electro Surgical Unit;Stockable Product;Single;;;Make to Order;Buy;Average Price;;;Hospital equipment;ITC;Normal;Y;;;;;;;;;;;;;;no;no;; ;;;;;;;;;;;;;;;;;;;
EHOEELSU403;(El.surg.unit MS2P/MC2) PLATE, mono surface, reusable;MED;Medical Equipment;Hospital equipment;Electro Surgical Unit;Stockable Product;Single;;;Make to Order;Buy;Average Price;;;Hospital equipment;ITC;Normal;Y;;;;;;;;;;;;;;no;no;; ;;;;;;;;;;;;;;;;;;;
EHOEELSU4MC;ELECTRO SURGICAL UNIT (Surgilec MC2), 220 V + accessories;MED;Medical Equipment;Hospital equipment;Electro Surgical Unit;Stockable Product;Single;;;Make to Order;Buy;Average Price;;;Hospital equipment;ITC;Normal;Y;;;;;;;;;;;;;;no;no;;30 J(P);;;;;;;;;;;;;;;;;;;
EHOEELSU5--;ELECTRO SURGICAL UNIT (Electrocut 100), 220 V + accessories;MED;Medical Equipment;Hospital equipment;Electro Surgical Unit;Stockable Product;Single;;;Make to Order;Buy;Average Price;;;Hospital equipment;ITC;Normal;Y;;;;;;;;;;;;;;no;no;; ;;;;;;;;;;;;;;;;;;;
EHOEELSU501;(electrosurgical unit ELECTROCUT 100) NEUTRAL PLATE CORD;MED;Medical Equipment;Hospital equipment;Electro Surgical Unit;Stockable Product;Single;;;Make to Order;Buy;Average Price;;;Hospital equipment;ITC;Normal;Y;;;;;;;;;;;;;;no;no;; ;;;;;;;;;;;;;;;;;;;
EHOEELSU502;(electrosurgical unit ELECTROCUT 100) ELECTRODE HOLDER;MED;Medical Equipment;Hospital equipment;Electro Surgical Unit;Stockable Product;Single;;;Make to Order;Buy;Average Price;;;Hospital equipment;ITC;Normal;Y;;;;;;;;;;;;;;no;no;; ;;;;;;;;;;;;;;;;;;;
EHOEELSU503;(electrosurgical unit ELECTROCUT 100) MONOPOLAR SILIC. CORD;MED;Medical Equipment;Hospital equipment;Electro Surgical Unit;Stockable Product;Single;;;Make to Order;Buy;Average Price;;;Hospital equipment;ITC;Normal;Y;;;;;;;;;;;;;;no;no;; ;;;;;;;;;;;;;;;;;;;
EHOEELSU504;(electrosurgical unit ELECTROCUT 100) NEEDLE ELECTRODE;MED;Medical Equipment;Hospital equipment;Electro Surgical Unit;Stockable Product;Single;;;Make to Order;Buy;Average Price;;;Hospital equipment;ITC;Normal;Y;;;;;;;;;;;;;;no;no;; ;;;;;;;;;;;;;;;;;;;
EHOEELSU505;(electrosurgical unit ELECTROCUT 100) BALL ELECTRODE;MED;Medical Equipment;Hospital equipment;Electro Surgical Unit;Stockable Product;Single;;;Make to Order;Buy;Average Price;;;Hospital equipment;ITC;Normal;Y;;;;;;;;;;;;;;no;no;; ;;;;;;;;;;;;;;;;;;;
EHOEELSU506;(electrosurgical unit ELECTROCUT 100) KNIFE ELECTRODE;MED;Medical Equipment;Hospital equipment;Electro Surgical Unit;Stockable Product;Single;;;Make to Order;Buy;Average Price;;;Hospital equipment;ITC;Normal;Y;;;;;;;;;;;;;;no;no;; ;;;;;;;;;;;;;;;;;;;
EHOEELSU507;(electrosurgical unit ELECTROCUT 100) LOOP ELECTRODE;MED;Medical Equipment;Hospital equipment;Electro Surgical Unit;Stockable Product;Single;;;Make to Order;Buy;Average Price;;;Hospital equipment;ITC;Normal;Y;;;;;;;;;;;;;;no;no;; ;;;;;;;;;;;;;;;;;;;
EHOELAOP1MB;(old lamp, operating, mobile) BULB, halogen, H3, 12V 55W;MED;Medical Equipment;Hospital equipment;Operating Lamp;Stockable Product;Single;;;Make to Order;Buy;Average Price;;;Hospital equipment;ITC;Normal;Y;;;;;;;;;;;;;;no;no;; ;;;;;;;;;;;;;;;;;;;
EHOELAOP2M-;LAMP, OPERATING (D400), halogen, mobile, bulb 24V 120W;MED;Medical Equipment;Hospital equipment;Operating Lamp;Stockable Product;Single;;;Make to Order;Buy;Average Price;;;Hospital equipment;ITC;Normal;Y;;;;;;;;;;;;;;no;no;;30 J(P);;;;;;;;;;;;;;;;;;;
EHOELAOP2MB;(lamp, operating, D400) BULB, halogen, 24V, 120W;MED;Medical Equipment;Hospital equipment;Operating Lamp;Stockable Product;Single;;;Make to Order;Buy;Average Price;;;Hospital equipment;ITC;Normal;Y;;;;;;;;;;;;;;no;no;; ;;;;;;;;;;;;;;;;;;;
EHOELAOP2MH;(lamp, operating, D400) HANDLE, autoclavable;MED;Medical Equipment;Hospital equipment;Operating Lamp;Stockable Product;Single;;;Make to Order;Buy;Average Price;;;Hospital equipment;ITC;Normal;Y;;;;;;;;;;;;;;no;no;; ;;;;;;;;;;;;;;;;;;;
EHOELAOP5MB;(lamp, operating, Star5), BULB halogen, 24 V, 35 W;MED;Medical Equipment;Hospital equipment;Operating Lamp;Stockable Product;Single;;;Make to Order;Buy;Average Price;;;Hospital equipment;ITC;Normal;Y;;;;;;;;;;;;;;no;no;; ;;;;;;;;;;;;;;;;;;;
EHOENEBC1--;NEBULIZER + COMPRESSOR, electrical, portable + accessories;MED;Medical Equipment;Hospital equipment;Nebulizer + compressor;Stockable Product;Single;;;Make to Order;Buy;Average Price;;;Hospital equipment;ITC;Normal;Y;;;;;;;;;;;;;;no;no;; ;;;;;;;;;;;;;;;;;;;
EHOENEBC101;(nebulizer + compressor) MASK, adult;MED;Medical Equipment;Hospital equipment;Nebulizer + compressor;Stockable Product;Single;;;Make to Order;Buy;Average Price;;;Hospital equipment;ITC;Normal;Y;;;;;;;;;;;;;;no;no;; ;;;;;;;;;;;;;;;;;;;
EHOENEBC102;(nebulizer + compressor) MASK, paediatric;MED;Medical Equipment;Hospital equipment;Nebulizer + compressor;Stockable Product;Single;;;Make to Order;Buy;Average Price;;;Hospital equipment;ITC;Normal;Y;;;;;;;;;;;;;;no;no;; ;;;;;;;;;;;;;;;;;;;
EHOENEBC103;(nebulizer + compressor) MOUTHPIECE, angular;MED;Medical Equipment;Hospital equipment;Nebulizer + compressor;Stockable Product;Single;;;Make to Order;Buy;Average Price;;;Hospital equipment;ITC;Normal;Y;;;;;;;;;;;;;;no;no;; ;;;;;;;;;;;;;;;;;;;
EHOEPUMS1B-;PUMP, SUCTION, MECHANICAL (Twin Pump) + collection bottles;MED;Medical Equipment;Hospital equipment;Succion Pump;Stockable Product;Single;;;Make to Order;Buy;Average Price;;;Hospital equipment;ITC;Normal;Y;32;6;;;;;;;;;;;;no;no;; ;;;;;;;;;;;;;;;;;;;
EHOEPUMS1B1;(suction pump, Twin Pump) MANIFOLD;MED;Medical Equipment;Hospital equipment;Succion Pump;Stockable Product;Single;;;Make to Order;Buy;Average Price;;;Hospital equipment;ITC;Normal;Y;;;;;;;;;;;;;;no;no;; ;;;;;;;;;;;;;;;;;;;
EHOEPUMS1B2;(suction pump, Twin Pump) CYLINDER, FASTEN., VALVE DIAPHRAGM;MED;Medical Equipment;Hospital equipment;Succion Pump;Stockable Product;Single;;;Make to Order;Buy;Average Price;;;Hospital equipment;ITC;Normal;Y;;;;;;;;;;;;;;no;no;; ;;;;;;;;;;;;;;;;;;;
EHOEPUMS1B3;(suction pump, Twin Pump) SEGMENT;MED;Medical Equipment;Hospital equipment;Succion Pump;Stockable Product;Single;;;Make to Order;Buy;Average Price;;;Hospital equipment;ITC;Normal;Y;;;;;;;;;;;;;;no;no;; ;;;;;;;;;;;;;;;;;;;
EHOEPUMS1B4;(suction pump, Twin Pump) O RING;MED;Medical Equipment;Hospital equipment;Succion Pump;Stockable Product;Single;;;Make to Order;Buy;Average Price;;;Hospital equipment;ITC;Normal;Y;;;;;;;;;;;;;;no;no;; ;;;;;;;;;;;;;;;;;;;
EHOEPUMS1B5;(suction pump, Twin Pump) PEDAL with springs;MED;Medical Equipment;Hospital equipment;Succion Pump;Stockable Product;Single;;;Make to Order;Buy;Average Price;175;175;Hospital equipment;ITC;Normal;Y;;;;;;;;;;;;;;no;no;; ;;;;;;;;;;;;;;;;;;;
EHOEPUMS1B6;(suction pump, Twin Pump) VACUUM TUBE, 135 cm, with nozzle;MED;Medical Equipment;Hospital equipment;Succion Pump;Stockable Product;Single;;;Make to Order;Buy;Average Price;;;Hospital equipment;ITC;Normal;Y;;;;;;;;;;;;;;no;no;; ;;;;;;;;;;;;;;;;;;;
EHOEPUMS1B7;(suction pump, Twin Pump) VACUUM NOZZLE, double;MED;Medical Equipment;Hospital equipment;Succion Pump;Stockable Product;Single;;;Make to Order;Buy;Average Price;;;Hospital equipment;ITC;Normal;Y;;;;;;;;;;;;;;no;no;; ;;;;;;;;;;;;;;;;;;;
EHOEPUMS1B8;(suction pump, Twin Pump) L CONNECTION;MED;Medical Equipment;Hospital equipment;Succion Pump;Stockable Product;Single;;;Make to Order;Buy;Average Price;;;Hospital equipment;ITC;Normal;Y;;;;;;;;;;;;;;no;no;; ;;;;;;;;;;;;;;;;;;;
EHOEPUMS1B9;(suction pump, Twin Pump) COMPLETE PUMP BODY, with diaphragm;MED;Medical Equipment;Hospital equipment;Succion Pump;Stockable Product;Single;;;Make to Order;Buy;Average Price;1;1;Hospital equipment;ITC;Normal;Y;;;;;;;;;;;;;;no;no;; ;;;;;;;;;;;;;;;;;;;
EHOEPUMS1BC;(suction pump, Twin Pump) COLLECTION BOTTLE, 2 litres, glass;MED;Medical Equipment;Hospital equipment;Succion Pump;Stockable Product;Single;;;Make to Order;Buy;Average Price;;;Hospital equipment;ITC;Normal;Y;;;;;;;;;;;;;;no;no;; ;;;;;;;;;;;;;;;;;;;
EHOESAWO1E-;SAW, OSCILLATING, for all casting tape, electrical 110V/60Hz;MED;Medical Equipment;Hospital equipment;Saw, oscillating;Stockable Product;Single;;;Make to Order;Buy;Average Price;;;Hospital equipment;ITC;Normal;Y;;;;;;;;;;;;;;no;no;; ;;;;;;;;;;;;;;;;;;;
EHOESAWO2E-;SAW, OSCILLATING, for all casting tape, electrical 230V/50Hz;MED;Medical Equipment;Hospital equipment;Saw, oscillating;Stockable Product;Single;;;Make to Order;Buy;Average Price;;;Hospital equipment;ITC;Normal;Y;;;;;;;;;;;;;;no;no;; ;;;;;;;;;;;;;;;;;;;
EHOESAWO2W-;(saw, oscillating) WRENCH F82,5;MED;Medical Equipment;Hospital equipment;Saw, oscillating;Stockable Product;Single;;;Make to Order;Buy;Average Price;;;Hospital equipment;ITC;Normal;Y;;;;;;;;;;;;;;no;no;; ;;;;;;;;;;;;;;;;;;;
EHOESAWOB6R;(saw, oscillating) BLADE for resin and plaster Ø 65 mm;MED;Medical Equipment;Hospital equipment;Saw, oscillating;Stockable Product;Single;;;Make to Order;Buy;Average Price;;;Hospital equipment;ITC;Normal;Y;;;;;;;;;;;;;;no;no;; ;;;;;;;;;;;;;;;;;;;
EHOESAWOCA-;(saw, oscillating) CARBON BRUSHES;MED;Medical Equipment;Hospital equipment;Saw, oscillating;Stockable Product;Single;;;Make to Order;Buy;Average Price;;;Hospital equipment;ITC;Normal;Y;;;;;;;;;;;;;;no;no;; ;;;;;;;;;;;;;;;;;;;
EHOETABO201;(operating table, Easynox) LEG SUPPORT, split, pair+DINrails;MED;Medical Equipment;Hospital equipment;Table Operating;Stockable Product;Single;;;Make to Order;Buy;Average Price;;;Hospital equipment;ITC;Normal;Y;;;;;;;;;;;;;;no;no;; ;;;;;;;;;;;;;;;;;;;
EHOETABO202;(operating table, Easynox) HEADREST, single notched joint;MED;Medical Equipment;Hospital equipment;Table Operating;Stockable Product;Single;;;Make to Order;Buy;Average Price;;;Hospital equipment;ITC;Normal;Y;;;;;;;;;;;;;;no;no;; ;;;;;;;;;;;;;;;;;;;
EHOETABO204;(operating table, Easynox) ANAESTHETIST'S SCREEN, flexible;MED;Medical Equipment;Hospital equipment;Table Operating;Stockable Product;Single;;;Make to Order;Buy;Average Price;;;Hospital equipment;ITC;Normal;Y;;;;;;;;;;;;;;no;no;; ;;;;;;;;;;;;;;;;;;;
EHOETABO205;(operating table, Easynox) SHOULDER RESTS, pair;MED;Medical Equipment;Hospital equipment;Table Operating;Stockable Product;Single;;;Make to Order;Buy;Average Price;;;Hospital equipment;ITC;Normal;Y;;;;;;;;;;;;;;no;no;; ;;;;;;;;;;;;;;;;;;;
EHOETABO206;(operating table, Easynox) ARMRESTS, simple, pair;MED;Medical Equipment;Hospital equipment;Table Operating;Stockable Product;Single;;;Make to Order;Buy;Average Price;;;Hospital equipment;ITC;Normal;Y;;;;;;;;;;;;;;no;no;; ;;;;;;;;;;;;;;;;;;;
EHOETABO207;(operating table, Easynox) SIDE SUPPORT, simple;MED;Medical Equipment;Hospital equipment;Table Operating;Stockable Product;Single;;;Make to Order;Buy;Average Price;;;Hospital equipment;ITC;Normal;Y;;;;;;;;;;;;;;no;no;; ;;;;;;;;;;;;;;;;;;;
EHOETABO208;(operating table, Easynox) PUBIC SUPPORT;MED;Medical Equipment;Hospital equipment;Table Operating;Stockable Product;Single;;;Make to Order;Buy;Average Price;;;Hospital equipment;ITC;Normal;Y;;;;;;;;;;;;;;no;no;; ;;;;;;;;;;;;;;;;;;;
EHOETABO209;(operating table, Easynox) STAND FOR BOTTLES;MED;Medical Equipment;Hospital equipment;Table Operating;Stockable Product;Single;;;Make to Order;Buy;Average Price;;;Hospital equipment;ITC;Normal;Y;;;;;;;;;;;;;;no;no;; ;;;;;;;;;;;;;;;;;;;
EHOETABO210;(operating table, Easynox) GOEPEL LEG SUPPORTS, pair;MED;Medical Equipment;Hospital equipment;Table Operating;Stockable Product;Single;;;Make to Order;Buy;Average Price;;;Hospital equipment;ITC;Normal;Y;;;;;;;;;;;;;;no;no;; ;;;;;;;;;;;;;;;;;;;
EHOETABO211;(operating table, Easynox) UROL. PAN, filter+ disch.tube;MED;Medical Equipment;Hospital equipment;Table Operating;Stockable Product;Single;;;Make to Order;Buy;Average Price;;;Hospital equipment;ITC;Normal;Y;;;;;;;;;;;;;;no;no;; ;;;;;;;;;;;;;;;;;;;
EHOETABO212;(operating table, Easynox) DEVON STRAP, large;MED;Medical Equipment;Hospital equipment;Table Operating;Stockable Product;Single;;;Make to Order;Buy;Average Price;;;Hospital equipment;ITC;Normal;Y;;;;;;;;;;;;;;no;no;; ;;;;;;;;;;;;;;;;;;;
EHOETABO213;(operating table, Easynox) USER'S MANUAL;MED;Medical Equipment;Hospital equipment;Table Operating;Stockable Product;Single;;;Make to Order;Buy;Average Price;1;1;Hospital equipment;ITC;Normal;Y;;;;;;;;;;;;;;no;no;; ;;;;;;;;;;;;;;;;;;;
EHOETABO214;(operating table, Easynox) CLAMP, notched f Goepel leg supp.;MED;Medical Equipment;Hospital equipment;Table Operating;Stockable Product;Single;;;Make to Order;Buy;Average Price;;;Hospital equipment;ITC;Normal;Y;;;;;;;;;;;;;;no;no;; ;;;;;;;;;;;;;;;;;;;
EHOETABO2SM;TABLE, OPERATING, surgical, mechanical (Easynox 4080) + acc.;MED;Medical Equipment;Hospital equipment;Table Operating;Stockable Product;Single;;;Make to Order;Buy;Average Price;164;164;Hospital equipment;ITC;Normal;Y;1536;;;;;;;;;;;;;no;no;;35 J(PE);;;;;;;;;;;;;;;;;;;
EHOEVACE1E-;VACUUM EXTRACTOR, SURGICAL, AS72, 220 V, 70 l/mn;MED;Medical Equipment;Hospital equipment;Vaccuum Extractor;Stockable Product;Single;;;Make to Order;Buy;Average Price;;;Hospital equipment;ITC;Normal;Y;3;45;;;;;;;;;;;;no;no;; ;;;;;;;;;;;;;;;;;;;
EHOEVACE1E2;(surg. aspirator AS72/AS64R) SUCTION TUBE, diam.7 mm 25 m;MED;Medical Equipment;Hospital equipment;Vaccuum Extractor;Stockable Product;Single;;;Make to Order;Buy;Average Price;;;Hospital equipment;ITC;Normal;Y;;;;;;;;;;;;;;no;no;; ;;;;;;;;;;;;;;;;;;;
EHOEVACE1E3;(surg. aspirator AS72/AS64R) JAR, 4 l, polysulfone;MED;Medical Equipment;Hospital equipment;Vaccuum Extractor;Stockable Product;Single;;;Make to Order;Buy;Average Price;;;Hospital equipment;ITC;Normal;Y;;;;;;;;;;;;;;no;no;; ;;;;;;;;;;;;;;;;;;;
EHOEVACE4--;ASPIRATOR, SURGICAL (AS64R) 230 V, 60 l/mn;MED;Medical Equipment;Hospital equipment;Vaccuum Extractor;Stockable Product;Single;;;Make to Order;Buy;Average Price;;;Hospital equipment;ITC;Normal;Y;;;;;;;;;;;;;;no;no;;30 J(P);;;;;;;;;;;;;;;;;;;
ELAEBSVM1R-;TUBE, CAPILLARY COLLECTION (Microtainer), no additive, red;MED;Medical Equipment;Laboratory equipment;BLOOD SAMPLING DEVICE, VACUUM;Stockable Product;Single;;;Make to Order;Buy;Average Price;;;Laboratory equipment;ITC;Normal;Y;;;;;;;;;;;;;;no;no;; ;;;;;;;;;;;;;;;;;;;
ELAEBSVM21N;(blds.syst.) NEEDLE, sterile 21 G, 0.8 mm/38 mm (Monovette);MED;Medical Equipment;Laboratory equipment;BLOOD SAMPLING DEVICE, VACUUM;Stockable Product;Single;;;Make to Order;Buy;Average Price;;;Laboratory equipment;ITC;Normal;Y;;;;;;;;;;;;;;no;no;; ;;;;;;;;;;;;;;;;;;;
ELAEBSVM22N;(blds.syst.) NEEDLE, sterile, 22 G, 0.7 mm/38 mm (Monovette);MED;Medical Equipment;Laboratory equipment;BLOOD SAMPLING DEVICE, VACUUM;Stockable Product;Single;;;Make to Order;Buy;Average Price;;;Laboratory equipment;ITC;Normal;Y;;;;;;;;;;;;;;no;no;; ;;;;;;;;;;;;;;;;;;;
ELAEBSVM5TH;(blds.syst.) TUBE, with heparin lithium, 5.5 ml (Monovette);MED;Medical Equipment;Laboratory equipment;BLOOD SAMPLING DEVICE, VACUUM;Stockable Product;Single;;;Make to Order;Buy;Average Price;;;Laboratory equipment;ITC;Normal;Y;;;;;;;;;;;;;;no;no;; ;;;;;;;;;;;;;;;;;;;
ELAEBSVM7TP;(blds. syst.) TUBE, PLAIN, 7 ml (Monovette);MED;Medical Equipment;Laboratory equipment;BLOOD SAMPLING DEVICE, VACUUM;Stockable Product;Single;;;Make to Order;Buy;Average Price;;;Laboratory equipment;ITC;Normal;Y;;;;;;;;;;;;;;no;no;; ;;;;;;;;;;;;;;;;;;;
ELAECENT4E-;CENTRIFUGE, electrical 220V (Hettich EBA 20), 8 tubes;MED;Medical Equipment;Laboratory equipment;Centrifuge;Stockable Product;Single;;;Make to Order;Buy;Average Price;;;Laboratory equipment;ITC;Normal;Y;;;;;;;;;;;;;;no;no;; ;;;;;;;;;;;;;;;;;;;
ELAECENT5--;CENTRIFUGE, electrical (Thermo IEC CL40) 20 x 50 ml;MED;Medical Equipment;Laboratory equipment;Centrifuge;Stockable Product;Single;;;Make to Order;Buy;Average Price;;;Laboratory equipment;ITC;Normal;Y;;;;;;;;;;;;;;no;no;;30 J(P);;;;;;;;;;;;;;;;;;;
ELAECENT5RE;CENTRIFUGE, REFRIGERATED, electrical, for 50 ml tubes;MED;Medical Equipment;Laboratory equipment;Centrifuge;Stockable Product;Single;;;Make to Order;Buy;Average Price;;;Laboratory equipment;ITC;Normal;Y;72;;;;;;;;;;;;;no;no;; ;;;;;;;;;;;;;;;;;;;
ELAECENTH2E;CENTRIFUGE, haematocrit, electrical (IEC MicroCL 17);MED;Medical Equipment;Laboratory equipment;Centrifuge;Stockable Product;Single;;;Make to Order;Buy;Average Price;;;Laboratory equipment;ITC;Normal;Y;;;;;;;;;;;;;;no;no;;30 J(P);;;;;;;;;;;;;;;;;;;
ELAECONP3P-;CONTAINER, PROTECTION, transport of sample, plastic, Ø 30 mm;MED;Medical Equipment;Laboratory equipment;Container protection;Stockable Product;Single;;;Make to Order;Buy;Average Price;;;Laboratory equipment;ITC;Normal;Y;;;;;;;;;;;;;;no;no;; ;;;;;;;;;;;;;;;;;;;
ELAECONP4P-;CONTAINER, PROTECTION, transport of sample, plastic, Ø 44 mm;MED;Medical Equipment;Laboratory equipment;Container protection;Stockable Product;Single;;;Make to Order;Buy;Average Price;;;Laboratory equipment;ITC;Normal;Y;;;;;;;;;;;;;;no;no;; ;;;;;;;;;;;;;;;;;;;
ELAECONT6S-;CONTAINER, SAMPLE, plast., 60ml, non sterile, stools + spoon;MED;Medical Equipment;Laboratory equipment;Container;Stockable Product;Single;;;Make to Order;Buy;Average Price;;;Laboratory equipment;ITC;Normal;Y;;;;;;;;;;;;;;no;no;; ;;;;;;;;;;;;;;;;;;;
ELAECONT6ST;CONTAINER, SAMPLE, plast., 60ml, sterile;MED;Medical Equipment;Laboratory equipment;Container;Stockable Product;Single;;;Make to Order;Buy;Average Price;;;Laboratory equipment;ITC;Normal;Y;;;;;;;;;;;;;;no;no;; ;;;;;;;;;;;;;;;;;;;
ELAECYFC1--;CYFLOW COUNTER PARTEC, for CD4, 1 parameter;MED;Medical Equipment;Laboratory equipment;Cyflow counter;Stockable Product;Single;;;Make to Order;Buy;Average Price;;;Laboratory equipment;ITC;Normal;Y;;;;;;;;;;;;;;no;no;; ;;;;;;;;;;;;;;;;;;;
ELAECYFC1B-;(CyFlow Counter Partec) TRANSPORT BOX, wooden 34x56x52 cm;MED;Medical Equipment;Laboratory equipment;Cyflow counter;Stockable Product;Single;;;Make to Order;Buy;Average Price;;;Laboratory equipment;ITC;Normal;Y;;;;;;;;;;;;;;no;no;; ;;;;;;;;;;;;;;;;;;;
ELAECYLM01P;CYLINDER, MEASURING, plastic, graduated, spout, 10 ml;MED;Medical Equipment;Laboratory equipment;Measuring Cylinder;Stockable Product;Single;;;Make to Order;Buy;Average Price;;;Laboratory equipment;ITC;Normal;Y;;;;;;;;;;;;;;no;no;; ;;;;;;;;;;;;;;;;;;;
ELAECYLM02P;CYLINDER, MEASURING, plastic, graduated, spout, 25 ml;MED;Medical Equipment;Laboratory equipment;Measuring Cylinder;Stockable Product;Single;;;Make to Order;Buy;Average Price;;;Laboratory equipment;ITC;Normal;Y;;;;;;;;;;;;;;no;no;; ;;;;;;;;;;;;;;;;;;;
ELAECYLM5P-;CYLINDER, MEASURING, plastic, graduated, spout, 500 ml;MED;Medical Equipment;Laboratory equipment;Measuring Cylinder;Stockable Product;Single;;;Make to Order;Buy;Average Price;;;Laboratory equipment;ITC;Normal;Y;;;;;;;;;;;;;;no;no;; ;;;;;;;;;;;;;;;;;;;
ELAEFLUO1--;FLUORESLENS SYSTEM for microscopy without acc.;MED;Medical Equipment;Laboratory equipment;Fluoreslens;Stockable Product;Single;;;Make to Order;Buy;Average Price;;;Laboratory equipment;ITC;Normal;Y;;;;;;;;;;;;;;no;no;; ;;;;;;;;;;;;;;;;;;;
ELAEFLUO1B-;(FluoreslenS system) BULB, halogen, 150 W;MED;Medical Equipment;Laboratory equipment;Fluoreslens;Stockable Product;Single;;;Make to Order;Buy;Average Price;;;Laboratory equipment;ITC;Normal;Y;;;;;;;;;;;;;;no;no;; ;;;;;;;;;;;;;;;;;;;
ELAEFLUO1O-;FLUORESCENT SYSTEM for micr.+ OBJECTIVES 10-20 (FluoreslenS);MED;Medical Equipment;Laboratory equipment;Fluoreslens;Stockable Product;Single;;;Make to Order;Buy;Average Price;2;2;Laboratory equipment;ITC;Normal;Y;;;;;;;;;;;;;;no;no;; ;;;;;;;;;;;;;;;;;;;
ELAEFLUO2--;FLUORESCENCE ILLUMINATOR (FluoLED Royal blue) for microscope;MED;Medical Equipment;Laboratory equipment;Fluoreslens;Stockable Product;Single;;;Make to Order;Buy;Average Price;;;Laboratory equipment;ITC;Normal;Y;;;;;;;;;;;;;;no;no;;30 J(P);;;;;;;;;;;;;;;;;;;
ELAEFLUO4O-;FLUORESCENT SYSTEM for micr.+ OBJECTIVE 40 (FluoreslenS);MED;Medical Equipment;Laboratory equipment;Fluoreslens;Stockable Product;Single;;;Make to Order;Buy;Average Price;;;Laboratory equipment;ITC;Normal;Y;;;;;;;;;;;;;;no;no;; ;;;;;;;;;;;;;;;;;;;
ELAEFLUOO10;(FluoreslenS system) OBJECTIVE, 10 x achromat;MED;Medical Equipment;Laboratory equipment;Fluoreslens;Stockable Product;Single;;;Make to Order;Buy;Average Price;;;Laboratory equipment;ITC;Normal;Y;;;;;;;;;;;;;;no;no;; ;;;;;;;;;;;;;;;;;;;
ELAEFLUOO20;(FluoreslenS system) OBJECTIVE, 20 x achromat;MED;Medical Equipment;Laboratory equipment;Fluoreslens;Stockable Product;Single;;;Make to Order;Buy;Average Price;;;Laboratory equipment;ITC;Normal;Y;;;;;;;;;;;;;;no;no;; ;;;;;;;;;;;;;;;;;;;
ELAEFLUOO40;(FluoreslenS system) OBJECTIVE, 40 x achromat;MED;Medical Equipment;Laboratory equipment;Fluoreslens;Stockable Product;Single;;;Make to Order;Buy;Average Price;;;Laboratory equipment;ITC;Normal;Y;;;;;;;;;;;;;;no;no;; ;;;;;;;;;;;;;;;;;;;
ELAEMICR1A-;(micr., Olympus) ADAPTER AC/DC 220 V;MED;Medical Equipment;Laboratory equipment;Microscope;Stockable Product;Single;;;Make to Order;Buy;Average Price;;;Laboratory equipment;ITC;Normal;Y;;;;;;;;;;;;;;no;no;; ;;;;;;;;;;;;;;;;;;;
ELAEMICR1B-;(micr., Olympus) BULB, xenon tungsten 12V/4W;MED;Medical Equipment;Laboratory equipment;Microscope;Stockable Product;Single;;;Make to Order;Buy;Average Price;;;Laboratory equipment;ITC;Normal;Y;;;;;;;;;;;;;;no;no;; ;;;;;;;;;;;;;;;;;;;
ELAEMICR1E-;(micr., Olympus) EYEPIECE;MED;Medical Equipment;Laboratory equipment;Microscope;Stockable Product;Single;;;Make to Order;Buy;Average Price;;;Laboratory equipment;ITC;Normal;Y;;;;;;;;;;;;;;no;no;; ;;;;;;;;;;;;;;;;;;;
ELAEMICR1E2;(micr., Olympus) HEAD BINOCULAR 45°CH BI45W;MED;Medical Equipment;Laboratory equipment;Microscope;Stockable Product;Single;;;Make to Order;Buy;Average Price;;;Laboratory equipment;ITC;Normal;Y;;;;;;;;;;;;;;no;no;; ;;;;;;;;;;;;;;;;;;;
ELAEMICR1I-;(micr., Olympus) ILLUMINATOR LSKB +3BULBS+ADAPT;MED;Medical Equipment;Laboratory equipment;Microscope;Stockable Product;Single;;;Make to Order;Buy;Average Price;;;Laboratory equipment;ITC;Normal;Y;;;;;;;;;;;;;;no;no;; ;;;;;;;;;;;;;;;;;;;
ELAEMICR1L-;(micr., Olympus) LENS ED x 10;MED;Medical Equipment;Laboratory equipment;Microscope;Stockable Product;Single;;;Make to Order;Buy;Average Price;;;Laboratory equipment;ITC;Normal;Y;;;;;;;;;;;;;;no;no;; ;;;;;;;;;;;;;;;;;;;
ELAEMICR1M-;(micr., Olympus) MIRROR/CONCAVE;MED;Medical Equipment;Laboratory equipment;Microscope;Stockable Product;Single;;;Make to Order;Buy;Average Price;;;Laboratory equipment;ITC;Normal;Y;;;;;;;;;;;;;;no;no;; ;;;;;;;;;;;;;;;;;;;
ELAEMICR4--;MICROSCOPE,(Olympus CH10), COMPLETE (bin.,mirror/mains, box);MED;Medical Equipment;Laboratory equipment;Microscope;Stockable Product;Single;;;Make to Order;Buy;Average Price;;;Laboratory equipment;ITC;Normal;Y;;;;;;;;;;;;;;no;no;; ;;;;;;;;;;;;;;;;;;;
ELAEMICR4R-;(micr., Olympus CH10) CARRYING BOX;MED;Medical Equipment;Laboratory equipment;Microscope;Stockable Product;Single;;;Make to Order;Buy;Average Price;;;Laboratory equipment;ITC;Normal;Y;;;;;;;;;;;;;;no;no;; ;;;;;;;;;;;;;;;;;;;
ELAEMICR5--;MICROSCOPE (Olympus CX21), COMPLETE (bin.,mirror/mains, box);MED;Medical Equipment;Laboratory equipment;Microscope;Stockable Product;Single;;;Make to Order;Buy;Average Price;;;Laboratory equipment;ITC;Normal;Y;96;;;;;;;;;;;;;no;no;; ;;;;;;;;;;;;;;;;;;;
ELAEMICR5C-;(micr., Olympus CX21) CONDENSOR;MED;Medical Equipment;Laboratory equipment;Microscope;Stockable Product;Single;;;Make to Order;Buy;Average Price;;;Laboratory equipment;ITC;Normal;Y;;;;;;;;;;;;;;no;no;; ;;;;;;;;;;;;;;;;;;;
ELAEMICR5E-;(micr., Olympus CX21) EYEPIECE;MED;Medical Equipment;Laboratory equipment;Microscope;Stockable Product;Single;;;Make to Order;Buy;Average Price;;;Laboratory equipment;ITC;Normal;Y;;;;;;;;;;;;;;no;no;; ;;;;;;;;;;;;;;;;;;;
ELAEMICR5E2;(micr., Olympus CX21) BINOCULAR HEAD;MED;Medical Equipment;Laboratory equipment;Microscope;Stockable Product;Single;;;Make to Order;Buy;Average Price;;;Laboratory equipment;ITC;Normal;Y;;;;;;;;;;;;;;no;no;; ;;;;;;;;;;;;;;;;;;;
ELAEMICR5L1;(micr., Olympus CX21) LENS WD x 100;MED;Medical Equipment;Laboratory equipment;Microscope;Stockable Product;Single;;;Make to Order;Buy;Average Price;;;Laboratory equipment;ITC;Normal;Y;;;;;;;;;;;;;;no;no;; ;;;;;;;;;;;;;;;;;;;
ELAEMICR5L4;(micr., Olympus CX21) LENS x 40;MED;Medical Equipment;Laboratory equipment;Microscope;Stockable Product;Single;;;Make to Order;Buy;Average Price;;;Laboratory equipment;ITC;Normal;Y;;;;;;;;;;;;;;no;no;; ;;;;;;;;;;;;;;;;;;;
ELAEPIAAP10;PIPETTE, AUTOMATIC P10, adjustable volume, 0.5 to 10 µl;MED;Medical Equipment;Laboratory equipment;Pipette, automatic, adjustable;Stockable Product;Single;;;Make to Order;Buy;Average Price;;;Laboratory equipment;ITC;Normal;Y;;;;;;;;;;;;;;no;no;;30 J(P);;;;;;;;;;;;;;;;;;;
ELAEPIAAP20;PIPETTE AUTOMATIC P 20, adjustable, 2 to 20 microliters;MED;Medical Equipment;Laboratory equipment;Pipette, automatic, adjustable;Stockable Product;Single;;;Make to Order;Buy;Average Price;;;Laboratory equipment;ITC;Normal;Y;;;;;;;;;;;;;;no;no;;35 J(PE);;;;;;;;;;;;;;;;;;;
ELAEPIAATBR;(pipette automatic 100-1 000 µl) TIP, BLUE, rack present.;MED;Medical Equipment;Laboratory equipment;Pipette, automatic, adjustable;Stockable Product;Single;;;Make to Order;Buy;Average Price;;;Laboratory equipment;ITC;Normal;Y;;;;;;;;;;;;;;no;no;; ;;;;;;;;;;;;;;;;;;;
ELAEPIAATYR;(pipette, automatic 10-100 µl) TIP, YELLOW, rack present.;MED;Medical Equipment;Laboratory equipment;Pipette, automatic, adjustable;Stockable Product;Single;;;Make to Order;Buy;Average Price;;;Laboratory equipment;ITC;Normal;Y;;;;;;;;;;;;;;no;no;; ;;;;;;;;;;;;;;;;;;;
ELAEROTA1--;ROTATOR for CATT test (ITMAS), 12 V;MED;Medical Equipment;Laboratory equipment;Rotator;Stockable Product;Single;;;Make to Order;Buy;Average Price;;;Laboratory equipment;ITC;Normal;Y;;;;;;;;;;;;;;no;no;;30 J(P);;;;;;;;;;;;;;;;;;;
ELAEROTA1A-;(rotator 12 V) ADAPTOR 220 V;MED;Medical Equipment;Laboratory equipment;Rotator;Stockable Product;Single;;;Make to Order;Buy;Average Price;;;Laboratory equipment;ITC;Normal;Y;;;;;;;;;;;;;;no;no;; ;;;;;;;;;;;;;;;;;;;
ELAEROTA1C-;(rotator 12 V) FEEL + CABLE + PINS + BATTERY CLAMPS;MED;Medical Equipment;Laboratory equipment;Rotator;Stockable Product;Single;;;Make to Order;Buy;Average Price;;;Laboratory equipment;ITC;Normal;Y;;;;;;;;;;;;;;no;no;; ;;;;;;;;;;;;;;;;;;;
ELAEROTA1S-;(rotator 12 V) SUITCASE;MED;Medical Equipment;Laboratory equipment;Rotator;Stockable Product;Single;;;Make to Order;Buy;Average Price;;;Laboratory equipment;ITC;Normal;Y;;;;;;;;;;;;;;no;no;; ;;;;;;;;;;;;;;;;;;;
ELINCADH1D-;HOOD, CAPE, non-woven, s.u. (Tyvek®);MED;Medical Equipment;Linen and protective clothing;Cap, Hood;Stockable Product;Single;;;Make to Order;Buy;Average Price;;;Linen and protective clothing;ITC;Normal;Y;;;;;;;;;;;;;;no;no;;30 J(P);;;;;;;;;;;;;;;;;;;
ELINCADS1D-;CAP,DRESSING, SURGICAL, single use, polypropylene (Evercap);MED;Medical Equipment;Linen and protective clothing;CAP, DRESSING, SURGICAL, woven;Stockable Product;Single;;;Make to Order;Buy;Average Price;;;Linen and protective clothing;ITC;Normal;Y;;;;;;;;;;;;;;no;no;; ;;;;;;;;;;;;;;;;;;;
ELINCOAW1L-;COAT, MEDICAL, white, large;MED;Medical Equipment;Linen and protective clothing;White Coat;Stockable Product;Single;;;Make to Order;Buy;Average Price;;;Linen and protective clothing;ITC;Normal;Y;;;;;;;;;;;;;;no;no;; ;;;;;;;;;;;;;;;;;;;
ELINCOAW1M-;COAT, MEDICAL, white, medium;MED;Medical Equipment;Linen and protective clothing;White Coat;Stockable Product;Single;;;Make to Order;Buy;Average Price;;;Linen and protective clothing;ITC;Normal;Y;;;;;;;;;;;;;;no;no;; ;;;;;;;;;;;;;;;;;;;
ELINCOAW1S-;COAT, MEDICAL, white, small;MED;Medical Equipment;Linen and protective clothing;White Coat;Stockable Product;Single;;;Make to Order;Buy;Average Price;;;Linen and protective clothing;ITC;Normal;Y;;;;;;;;;;;;;;no;no;; ;;;;;;;;;;;;;;;;;;;
ELINDRSS01-;DRAPE, STERILE, nonwoven, s.u., 45 x 75 cm;MED;Medical Equipment;Linen and protective clothing;Surgical drape single use;Stockable Product;Single;;;Make to Order;Buy;Average Price;;;Linen and protective clothing;ITC;Normal;Y;;;;;;;;;;;;;;no;no;; ;;;;;;;;;;;;;;;;;;;
ELINDRSS05-;DRAPE, STERILE, nonwoven, s.u., universal set of 5 drapes;MED;Medical Equipment;Linen and protective clothing;Surgical drape single use;Stockable Product;Single;;;Make to Order;Buy;Average Price;;;Linen and protective clothing;ITC;Normal;Y;;;;;;;;;;;;;;no;no;; ;;;;;;;;;;;;;;;;;;;
ELINDRSS1MA;DRAPE, STERILE, nonwoven, s.u., cover for Mayo table;MED;Medical Equipment;Linen and protective clothing;Surgical drape single use;Stockable Product;Single;;;Make to Order;Buy;Average Price;;;Linen and protective clothing;ITC;Normal;Y;;;;;;;;;;;;;;no;no;; ;;;;;;;;;;;;;;;;;;;
ELINDRSS3CS;DRAPE, STERILE, nonwoven, s.u., Caesarean section set;MED;Medical Equipment;Linen and protective clothing;Surgical drape single use;Stockable Product;Single;;;Make to Order;Buy;Average Price;;;Linen and protective clothing;ITC;Normal;Y;;;;;;;;;;;;;;no;no;; ;;;;;;;;;;;;;;;;;;;
ELINDRSS3OR;DRAPE, STERILE, nonwoven, s.u., orthopaedic set;MED;Medical Equipment;Linen and protective clothing;Surgical drape single use;Stockable Product;Single;;;Make to Order;Buy;Average Price;;;Linen and protective clothing;ITC;Normal;Y;;;;;;;;;;;;;;no;no;; ;;;;;;;;;;;;;;;;;;;
ELINDRSS5US;DRAPE, STERILE, nonwoven, s.u., universal set;MED;Medical Equipment;Linen and protective clothing;Surgical drape single use;Stockable Product;Single;;;Make to Order;Buy;Average Price;;;Linen and protective clothing;ITC;Normal;Y;;;;;;;;;;;;;;no;no;; ;;;;;;;;;;;;;;;;;;;
ELINMASP001;RESPIRATOR, FFP2 or N95 (Kimberly-Clark PFR95) small;MED;Medical Equipment;Linen and protective clothing;Mask, protection, resp.;Stockable Product;Single;;;Make to Order;Buy;Average Price;;;Linen and protective clothing;ITC;Normal;Y;;;;;;;;;;;;;;no;no;; ;;;;;;;;;;;;;;;;;;;
ELINMASP002;RESPIRATOR, FFP2 or N95 (Kimberly-Clark PFR95) medium;MED;Medical Equipment;Linen and protective clothing;Mask, protection, resp.;Stockable Product;Single;;;Make to Order;Buy;Average Price;1;1;Linen and protective clothing;ITC;Normal;Y;;;;;;;;;;;;;;no;no;; ;;;;;;;;;;;;;;;;;;;
ELINMASP003;RESPIRATOR, FFP2 or N95 (3M-1862);MED;Medical Equipment;Linen and protective clothing;Mask, protection, resp.;Stockable Product;Single;;;Make to Order;Buy;Average Price;;;Linen and protective clothing;ITC;Normal;Y;;;;;;;;;;;;;;no;no;; ;;;;;;;;;;;;;;;;;;;
ELINMASP004;RESPIRATOR, FFP2 or N95 (IMG Europe);MED;Medical Equipment;Linen and protective clothing;Mask, protection, resp.;Stockable Product;Single;;;Make to Order;Buy;Average Price;;;Linen and protective clothing;ITC;Normal;Y;;;;;;;;;;;;;;no;no;; ;;;;;;;;;;;;;;;;;;;
ELINMASP1HF;MASK, RESPIRATORY PROTECTIVE (RESPIRATOR), s.u.;MED;Medical Equipment;Linen and protective clothing;Mask, protection, resp.;Stockable Product;Single;;;Make to Order;Buy;Average Price;;;Linen and protective clothing;ITC;Normal;Y;;;;;;;;;;;;;;no;no;; ;;;;;;;;;;;;;;;;;;;
EMEQCCOLPA1;COLLAR, cervical, paediatric,adjustable, size 1-2;MED;Medical Equipment;Medical equipment;Collar, cervical;Stockable Product;Single;;;Make to Order;Buy;Average Price;;;Medical equipment;ITC;Normal;Y;;;;;;;;;;;;;;no;no;; ;;;;;;;;;;;;;;;;;;;
EMEQCCOLPF1;COLLAR, cervical, paediatric, fixed size, n°1;MED;Medical Equipment;Medical equipment;Collar, cervical;Stockable Product;Single;;;Make to Order;Buy;Average Price;;;Medical equipment;ITC;Normal;Y;;;;;;;;;;;;;;no;no;; ;;;;;;;;;;;;;;;;;;;
EMEQCCOLPF2;COLLAR, cervical, paediatric, fixed size, n°2;MED;Medical Equipment;Medical equipment;Collar, cervical;Stockable Product;Single;;;Make to Order;Buy;Average Price;;;Medical equipment;ITC;Normal;Y;;;;;;;;;;;;;;no;no;; ;;;;;;;;;;;;;;;;;;;
EMEQGLAS2P2;GOGGLES, PROTECTIVE, wraparound, plastic, flat nose (Flexy);MED;Medical Equipment;Medical equipment;Glasses;Stockable Product;Single;;;Make to Order;Buy;Average Price;;;Medical equipment;ITC;Normal;Y;;;;;;;;;;;;;;no;no;; ;;;;;;;;;;;;;;;;;;;
EMEQGLAS2PF;(protective goggles) ANTIMIST SPRAY (Trident 2 ounce);MED;Medical Equipment;Medical equipment;Glasses;Stockable Product;Single;;;Make to Order;Buy;Average Price;;;Medical equipment;ITC;Normal;Y;;;;;;;;;;;;;;no;no;; ;;;;;;;;;;;;;;;;;;;
EMEQGLAS3CO;COVERGLASSES, PROTECTIVE, plastic;MED;Medical Equipment;Medical equipment;Glasses;Stockable Product;Single;;;Make to Order;Buy;Average Price;;;Medical equipment;ITC;Normal;Y;;;;;;;;;;;;;;no;no;; ;;;;;;;;;;;;;;;;;;;
EMEQPUMB1--;BREAST MILK PUMP, manual, caoutchouc + glass, disinfectable;MED;Medical Equipment;Medical equipment;Breast pump;Stockable Product;Single;;;Make to Order;Buy;Average Price;;;Medical equipment;ITC;Normal;Y;;;;;;;;;;;;;;no;no;; ;;;;;;;;;;;;;;;;;;;
EMEQPUMB1P-;BREAST PUMP, manual, plastic;MED;Medical Equipment;Medical equipment;Breast pump;Stockable Product;Single;;;Make to Order;Buy;Average Price;;;Medical equipment;ITC;Normal;Y;;;;;;;;;;;;;;no;no;; ;;;;;;;;;;;;;;;;;;;
EMEQSPAC2MA;(spacer) MASK, silicone;MED;Medical Equipment;Medical equipment;Spacer;Stockable Product;Single;;;Make to Order;Buy;Average Price;;;Medical equipment;ITC;Normal;Y;;;;;;;;;;;;;;no;no;; ;;;;;;;;;;;;;;;;;;;
EMEQSPAC2MO;(spacer) MOUTHPIECE with valve;MED;Medical Equipment;Medical equipment;Spacer;Stockable Product;Single;;;Make to Order;Buy;Average Price;;;Medical equipment;ITC;Normal;Y;;;;;;;;;;;;;;no;no;; ;;;;;;;;;;;;;;;;;;;
ESTEAUTO21A;(autocl. Presto 21 l) GASKET ADAPTER MANOMETER 33136;MED;Medical Equipment;Sterilization;Autoclave;Stockable Product;Single;;;Make to Order;Buy;Average Price;;;Sterilization;ITC;Normal;Y;;;;;;;;;;;;;;no;no;; ;;;;;;;;;;;;;;;;;;;
ESTEAUTO21K;(autocl. Presto 21 l) SEALING RING cover 85141 + PLUG 82117;MED;Medical Equipment;Sterilization;Autoclave;Stockable Product;Single;;;Make to Order;Buy;Average Price;;;Sterilization;ITC;Normal;Y;;;;;;;;;;;;;;no;no;; ;;;;;;;;;;;;;;;;;;;
ESTEAUTO21L;(autocl. Presto 21 l) INTERLOCK ASSEMBLY 85407 for cover;MED;Medical Equipment;Sterilization;Autoclave;Stockable Product;Single;;;Make to Order;Buy;Average Price;;;Sterilization;ITC;Normal;Y;;;;;;;;;;;;;;no;no;; ;;;;;;;;;;;;;;;;;;;
ESTEAUTO21M;(autocl. Presto 21 l) MANOMETER 85374;MED;Medical Equipment;Sterilization;Autoclave;Stockable Product;Single;;;Make to Order;Buy;Average Price;;;Sterilization;ITC;Normal;Y;;;;;;;;;;;;;;no;no;; ;;;;;;;;;;;;;;;;;;;
ESTEAUTO21N;(autocl. Presto 21 l) NUT 24051 for vent pipe;MED;Medical Equipment;Sterilization;Autoclave;Stockable Product;Single;;;Make to Order;Buy;Average Price;;;Sterilization;ITC;Normal;Y;;;;;;;;;;;;;;no;no;; ;;;;;;;;;;;;;;;;;;;
ESTEAUTO21P;(autocl. Presto 21 l) PRESSURE REGULATOR 50294;MED;Medical Equipment;Sterilization;Autoclave;Stockable Product;Single;;;Make to Order;Buy;Average Price;;;Sterilization;ITC;Normal;Y;;;;;;;;;;;;;;no;no;; ;;;;;;;;;;;;;;;;;;;
ESTEAUTO21T;(autocl. Presto 21 l) VENT PIPE 29025;MED;Medical Equipment;Sterilization;Autoclave;Stockable Product;Single;;;Make to Order;Buy;Average Price;;;Sterilization;ITC;Normal;Y;;;;;;;;;;;;;;no;no;; ;;;;;;;;;;;;;;;;;;;
ESTEAUTO21V;(autocl. Presto 21 l) OVERPRESSURE PLUG 82117;MED;Medical Equipment;Sterilization;Autoclave;Stockable Product;Single;;;Make to Order;Buy;Average Price;;;Sterilization;ITC;Normal;Y;;;;;;;;;;;;;;no;no;; ;;;;;;;;;;;;;;;;;;;
ESTEAUTO24B;(autoclave 24 l) ALUMINIUM CONTAINER;MED;Medical Equipment;Sterilization;Autoclave;Stockable Product;Single;;;Make to Order;Buy;Average Price;;;Sterilization;ITC;Normal;Y;;;;;;;;;;;;;;no;no;; ;;;;;;;;;;;;;;;;;;;
ESTEAUTO24T;(autoclave 24 l) VENT PIPE;MED;Medical Equipment;Sterilization;Autoclave;Stockable Product;Single;;;Make to Order;Buy;Average Price;;;Sterilization;ITC;Normal;Y;;;;;;;;;;;;;;no;no;; ;;;;;;;;;;;;;;;;;;;
ESTEAUTO39B;(autoclave 39 l) ALUMINIUM CONTAINER;MED;Medical Equipment;Sterilization;Autoclave;Stockable Product;Single;;;Make to Order;Buy;Average Price;;;Sterilization;ITC;Normal;Y;;;;;;;;;;;;;;no;no;; ;;;;;;;;;;;;;;;;;;;
ESTEAUTO39C;(autoclave 24/39 l) VASELINE for cover;MED;Medical Equipment;Sterilization;Autoclave;Stockable Product;Single;;;Make to Order;Buy;Average Price;;;Sterilization;ITC;Normal;Y;;;;;;;;;;;;;;no;no;; ;;;;;;;;;;;;;;;;;;;
ESTEAUTO39H;(autoclave 24/39 l) HANDLE BAKELITE FOR COVER;MED;Medical Equipment;Sterilization;Autoclave;Stockable Product;Single;;;Make to Order;Buy;Average Price;;;Sterilization;ITC;Normal;Y;;;;;;;;;;;;;;no;no;; ;;;;;;;;;;;;;;;;;;;
ESTEAUTO39K;(autoclave 24/39 l) KNOB, bakelite for lid closing;MED;Medical Equipment;Sterilization;Autoclave;Stockable Product;Single;;;Make to Order;Buy;Average Price;;;Sterilization;ITC;Normal;Y;;;;;;;;;;;;;;no;no;; ;;;;;;;;;;;;;;;;;;;
ESTEAUTO39P;(autoclave 24/39 l) OVERPRESSURE PLUG (red);MED;Medical Equipment;Sterilization;Autoclave;Stockable Product;Single;;;Make to Order;Buy;Average Price;;;Sterilization;ITC;Normal;Y;;;;;;;;;;;;;;no;no;; ;;;;;;;;;;;;;;;;;;;
ESTEAUTO39S;(autoclave 24/39 l) VALVE, PRESSURE;MED;Medical Equipment;Sterilization;Autoclave;Stockable Product;Single;;;Make to Order;Buy;Average Price;;;Sterilization;ITC;Normal;Y;;;;;;;;;;;;;;no;no;; ;;;;;;;;;;;;;;;;;;;
ESTEAUTO39T;(autoclave 39 l) VENT PIPE;MED;Medical Equipment;Sterilization;Autoclave;Stockable Product;Single;;;Make to Order;Buy;Average Price;;;Sterilization;ITC;Normal;Y;;;;;;;;;;;;;;no;no;; ;;;;;;;;;;;;;;;;;;;
ESTEAUTO39V;(autoclave 24/39 l) VALVE CONTROL;MED;Medical Equipment;Sterilization;Autoclave;Stockable Product;Single;;;Make to Order;Buy;Average Price;;;Sterilization;ITC;Normal;Y;;;;;;;;;;;;;;no;no;; ;;;;;;;;;;;;;;;;;;;
ESTEAUTO80-;AUTOCLAVE (Matachana 80LR-1) 83 l, horizontal, elec.380V T+N;MED;Medical Equipment;Sterilization;Autoclave;Stockable Product;Single;;;Make to Order;Buy;Average Price;;;Sterilization;ITC;Normal;Y;13;2;;;;;;;;;;;;no;no;;30 J(P);;;;;;;;;;;;;;;;;;;
ESTEAUTO801;(Matachana 80LR1) 41411 ELECTROVALVE 220V;MED;Medical Equipment;Sterilization;Autoclave;Stockable Product;Single;;;Make to Order;Buy;Average Price;;;Sterilization;ITC;Normal;Y;;;;;;;;;;;;;;no;no;; ;;;;;;;;;;;;;;;;;;;
ESTEAUTO802;(Matachana 80LR1) 41451.6 RETENTION VALVE G3/8' female;MED;Medical Equipment;Sterilization;Autoclave;Stockable Product;Single;;;Make to Order;Buy;Average Price;;;Sterilization;ITC;Normal;Y;;;;;;;;;;;;;;no;no;; ;;;;;;;;;;;;;;;;;;;
ESTEAUTO803;(Matachana 80LR1) 41608.1 AIR FILTER, sterile;MED;Medical Equipment;Sterilization;Autoclave;Stockable Product;Single;;;Make to Order;Buy;Average Price;;;Sterilization;ITC;Normal;Y;;;;;;;;;;;;;;no;no;; ;;;;;;;;;;;;;;;;;;;
ESTEAUTO804;(Matachana 80LR1) 41906.9 HEATING ELEMENT 2000W/380V;MED;Medical Equipment;Sterilization;Autoclave;Stockable Product;Single;;;Make to Order;Buy;Average Price;;;Sterilization;ITC;Normal;Y;;;;;;;;;;;;;;no;no;; ;;;;;;;;;;;;;;;;;;;
ESTEAUTO805;(Matachana 80LR1) 41994.9 HEATING ELEMENT JOINT;MED;Medical Equipment;Sterilization;Autoclave;Stockable Product;Single;;;Make to Order;Buy;Average Price;;;Sterilization;ITC;Normal;Y;;;;;;;;;;;;;;no;no;; ;;;;;;;;;;;;;;;;;;;
ESTEAUTO806;(Matachana 80LR1) 56502 DOOR GASKET;MED;Medical Equipment;Sterilization;Autoclave;Stockable Product;Single;;;Make to Order;Buy;Average Price;;;Sterilization;ITC;Normal;Y;;;;;;;;;;;;;;no;no;; ;;;;;;;;;;;;;;;;;;;
ESTEAUTO807;(Matachana 80LR1) PAPER graphic Yokogawa SR1000;MED;Medical Equipment;Sterilization;Autoclave;Stockable Product;Single;;;Make to Order;Buy;Average Price;;;Sterilization;ITC;Normal;Y;;;;;;;;;;;;;;no;no;; ;;;;;;;;;;;;;;;;;;;
ESTEAUTO808;(Matachana 80LR1) INK VIOLET recorder Yokogawa;MED;Medical Equipment;Sterilization;Autoclave;Stockable Product;Single;;;Make to Order;Buy;Average Price;;;Sterilization;ITC;Normal;Y;;;;;;;;;;;;;;no;no;; ;;;;;;;;;;;;;;;;;;;
ESTEAUTO809;(Matachana 80LR1) INK RED recorder Yokogawa;MED;Medical Equipment;Sterilization;Autoclave;Stockable Product;Single;;;Make to Order;Buy;Average Price;;;Sterilization;ITC;Normal;Y;;;;;;;;;;;;;;no;no;; ;;;;;;;;;;;;;;;;;;;
ESTEAUTO80S;(autoclave Matachana 80LR-1, 380V T+N) KIT SPARE PARTS;MED;Medical Equipment;Sterilization;Autoclave;Stockable Product;Single;;;Make to Order;Buy;Average Price;;;Sterilization;ITC;Normal;Y;134;222;;;;;;;;;;;;no;no;; ;;;;;;;;;;;;;;;;;;;
ESTEAUTO90-;AUTOCLAVE TBM 90 l, vertical, 220V/380V/gas/kerosene, drying;MED;Medical Equipment;Sterilization;Autoclave;Stockable Product;Single;;;Make to Order;Buy;Average Price;;;Sterilization;ITC;Normal;Y;134;222;;;;;;;;;;;;no;no;;30 J(P);;;;;;;;;;;;;;;;;;;
ESTEAUTO90A;(autoclave TBM 90 l) MANOMETER;MED;Medical Equipment;Sterilization;Autoclave;Stockable Product;Single;;;Make to Order;Buy;Average Price;;;Sterilization;ITC;Normal;Y;;;;;;;;;;;;;;no;no;; ;;;;;;;;;;;;;;;;;;;
ESTEAUTO90B;(autoclave TBM 90 l) BASKET, stainless steel;MED;Medical Equipment;Sterilization;Autoclave;Stockable Product;Single;;;Make to Order;Buy;Average Price;132;132;Sterilization;ITC;Normal;Y;;;;;;;;;;;;;;no;no;; ;;;;;;;;;;;;;;;;;;;
ESTEAUTO90C;(autoclave TBM 90 l) CABLE, 5 m flex. 5 cond. + con.;MED;Medical Equipment;Sterilization;Autoclave;Stockable Product;Single;;;Make to Order;Buy;Average Price;;;Sterilization;ITC;Normal;Y;;;;;;;;;;;;;;no;no;; ;;;;;;;;;;;;;;;;;;;
ESTEAUTO90D;(autoclave TBM 90 l) THERMOSTAT 60 to 200 °C;MED;Medical Equipment;Sterilization;Autoclave;Stockable Product;Single;;;Make to Order;Buy;Average Price;;;Sterilization;ITC;Normal;Y;;;;;;;;;;;;;;no;no;; ;;;;;;;;;;;;;;;;;;;
ESTEAUTO90E;(autoclave TBM 90 l) DRAINAGE HOSE reinf. 5 m + collar;MED;Medical Equipment;Sterilization;Autoclave;Stockable Product;Single;;;Make to Order;Buy;Average Price;;;Sterilization;ITC;Normal;Y;;;;;;;;;;;;;;no;no;; ;;;;;;;;;;;;;;;;;;;
ESTEAUTO90H;(autoclave TBM 90 l) HEATER ELEMENT, 4.5 KW;MED;Medical Equipment;Sterilization;Autoclave;Stockable Product;Single;;;Make to Order;Buy;Average Price;;;Sterilization;ITC;Normal;Y;;;;;;;;;;;;;;no;no;; ;;;;;;;;;;;;;;;;;;;
ESTEAUTO90I;(autoclave TBM 90 l) BULB, complete, blue;MED;Medical Equipment;Sterilization;Autoclave;Stockable Product;Single;;;Make to Order;Buy;Average Price;;;Sterilization;ITC;Normal;Y;;;;;;;;;;;;;;no;no;; ;;;;;;;;;;;;;;;;;;;
ESTEAUTO90J;(autoclave TBM 90 l) INSTRUCTIONS FOR REPAIR;MED;Medical Equipment;Sterilization;Autoclave;Stockable Product;Single;;;Make to Order;Buy;Average Price;;;Sterilization;ITC;Normal;Y;;;;;;;;;;;;;;no;no;; ;;;;;;;;;;;;;;;;;;;
ESTEAUTO90K;(autoclave TBM 90 l) GASKET for heater device;MED;Medical Equipment;Sterilization;Autoclave;Stockable Product;Single;;;Make to Order;Buy;Average Price;;;Sterilization;ITC;Normal;Y;;;;;;;;;;;;;;no;no;; ;;;;;;;;;;;;;;;;;;;
ESTEAUTO90L;(autoclave TBM 90 l) USER/INSTALLATION LEAFLET;MED;Medical Equipment;Sterilization;Autoclave;Stockable Product;Single;;;Make to Order;Buy;Average Price;;;Sterilization;ITC;Normal;Y;;;;;;;;;;;;;;no;no;; ;;;;;;;;;;;;;;;;;;;
ESTEAUTO90M;(autoclave TBM 90 l) GASKET cover Boyer 190095, Ø 6 mm;MED;Medical Equipment;Sterilization;Autoclave;Stockable Product;Single;;;Make to Order;Buy;Average Price;;;Sterilization;ITC;Normal;Y;;;;;;;;;;;;;;no;no;; ;;;;;;;;;;;;;;;;;;;
ESTEAUTO90N;(autoclave TBM 90 l) GASKET cover OPA, Ø 9 mm;MED;Medical Equipment;Sterilization;Autoclave;Stockable Product;Single;;;Make to Order;Buy;Average Price;;;Sterilization;ITC;Normal;Y;;;;;;;;;;;;;;no;no;; ;;;;;;;;;;;;;;;;;;;
ESTEAUTO90O;(autoclave TBM 90 l) ELECTRICAL BOX, wiring, complete;MED;Medical Equipment;Sterilization;Autoclave;Stockable Product;Single;;;Make to Order;Buy;Average Price;;;Sterilization;ITC;Normal;Y;;;;;;;;;;;;;;no;no;; ;;;;;;;;;;;;;;;;;;;
ESTEAUTO90Q;(autoclave TBM 90 l) GASKET for cover BOYER >2004, yellow;MED;Medical Equipment;Sterilization;Autoclave;Stockable Product;Single;;;Make to Order;Buy;Average Price;;;Sterilization;ITC;Normal;Y;;;;;;;;;;;;;;no;no;; ;;;;;;;;;;;;;;;;;;;
ESTEAUTO90R;(autoclave TBM 90 l) GASKET for cover TBM <1998, 5x14 mm;MED;Medical Equipment;Sterilization;Autoclave;Stockable Product;Single;;;Make to Order;Buy;Average Price;188;188;Sterilization;ITC;Normal;Y;;;;;;;;;;;;;;no;no;; ;;;;;;;;;;;;;;;;;;;
ESTEAUTO90S;(autoclave TBM 90 l) SAFETY VALVE;MED;Medical Equipment;Sterilization;Autoclave;Stockable Product;Single;;;Make to Order;Buy;Average Price;;;Sterilization;ITC;Normal;Y;;;;;;;;;;;;;;no;no;; ;;;;;;;;;;;;;;;;;;;
ESTEAUTO90T;(autoclave TBM 90 l) TESTING AND MAINTENANCE INSTRUCTIONS;MED;Medical Equipment;Sterilization;Autoclave;Stockable Product;Single;;;Make to Order;Buy;Average Price;;;Sterilization;ITC;Normal;Y;;;;;;;;;;;;;;no;no;; ;;;;;;;;;;;;;;;;;;;
ESTEAUTO90V;(autoclave TBM 90 l) REGULATION VALVE, w/o counterweight;MED;Medical Equipment;Sterilization;Autoclave;Stockable Product;Single;;;Make to Order;Buy;Average Price;;;Sterilization;ITC;Normal;Y;;;;;;;;;;;;;;no;no;; ;;;;;;;;;;;;;;;;;;;
ESTEAUTO90X;(autoclave TBM 90 l) WRENCH 60 mm, heater element take-off;MED;Medical Equipment;Sterilization;Autoclave;Stockable Product;Single;;;Make to Order;Buy;Average Price;48;48;Sterilization;ITC;Normal;Y;;;;;;;;;;;;;;no;no;; ;;;;;;;;;;;;;;;;;;;
ESTEAUTO90Z;(autoclave TBM 90 l) STAND for gaz burner;MED;Medical Equipment;Sterilization;Autoclave;Stockable Product;Single;;;Make to Order;Buy;Average Price;;;Sterilization;ITC;Normal;Y;;4;;;;;;;;;;;;no;no;; ;;;;;;;;;;;;;;;;;;;
ESTEAUTOA39;AUTOCLAVE (All American), w/o burner 39 l, int. Ø 35 cm;MED;Medical Equipment;Sterilization;Autoclave;Stockable Product;Single;;;Make to Order;Buy;Average Price;;;Sterilization;ITC;Normal;Y;;;;;;;;;;;;;;no;no;; ;;;;;;;;;;;;;;;;;;;
ESTEPAPS07-;SHEET, STERILIZATION, CREPE PAPER, 0.75 x 0.75 m;MED;Medical Equipment;Sterilization;Sterilization paper;Stockable Product;Single;;;Make to Order;Buy;Average Price;;;Sterilization;ITC;Normal;Y;;;;;;;;;;;;;;no;no;; ;;;;;;;;;;;;;;;;;;;
ESTEPAPS1--;SHEET, STERILIZATION, CREPE PAPER, 1.2 x 1.2 m;MED;Medical Equipment;Sterilization;Sterilization paper;Stockable Product;Single;;;Make to Order;Buy;Average Price;;;Sterilization;ITC;Normal;Y;;;;;;;;;;;;;;no;no;; ;;;;;;;;;;;;;;;;;;;
ESUDCURGP34;CURETTE, GRACEY, scaler, double end, P3-P4, 351-72-83;MED;Medical Equipment;Dental surgical instruments;Curette of Gracey;Stockable Product;Single;;;Make to Order;Buy;Average Price;;;Dental surgical instruments;ITC;Normal;Y;;;;;;;;;;;;;;no;no;; ;;;;;;;;;;;;;;;;;;;
ESUDCURH2--;CURETTE, HEMINGWAY, double end, 18 cm, n°2, 29-84-02;MED;Medical Equipment;Dental surgical instruments;Curette of Hemingway;Stockable Product;Single;;;Make to Order;Buy;Average Price;;;Dental surgical instruments;ITC;Normal;Y;;;;;;;;;;;;;;no;no;; ;;;;;;;;;;;;;;;;;;;
ESUDELEV51-;ELEVATOR, ROOT, APICAL,  n°2, 325-13-02;MED;Medical Equipment;Dental surgical instruments;Elevator;Stockable Product;Single;;;Make to Order;Buy;Average Price;;;Dental surgical instruments;ITC;Normal;Y;;;;;;;;;;;;;;no;no;; ;;;;;;;;;;;;;;;;;;;
ESUDELEV53-;ELEVATOR, ROOT, APICAL,  n°3, 325-13-03;MED;Medical Equipment;Dental surgical instruments;Elevator;Stockable Product;Single;;;Make to Order;Buy;Average Price;;;Dental surgical instruments;ITC;Normal;Y;;;;;;;;;;;;;;no;no;; ;;;;;;;;;;;;;;;;;;;
ESUDELEV57-;ELEVATOR, ROOT, APICAL,  n°4, 325-13-04;MED;Medical Equipment;Dental surgical instruments;Elevator;Stockable Product;Single;;;Make to Order;Buy;Average Price;;;Dental surgical instruments;ITC;Normal;Y;;;;;;;;;;;;;;no;no;; ;;;;;;;;;;;;;;;;;;;
ESUDFODE02-;FORCEPS, DENTAL, n°2, upper incisors & bicuspids, 300-00-20;MED;Medical Equipment;Dental surgical instruments;Forceps Dental;Stockable Product;Single;;;Make to Order;Buy;Average Price;;;Dental surgical instruments;ITC;Normal;Y;;;;;;;;;;;;;;no;no;; ;;;;;;;;;;;;;;;;;;;
ESUDFODE17-;FORCEPS, DENTAL, n°17, upper right molars, 300-01-70;MED;Medical Equipment;Dental surgical instruments;Forceps Dental;Stockable Product;Single;;;Make to Order;Buy;Average Price;;;Dental surgical instruments;ITC;Normal;Y;;;;;;;;;;;;;;no;no;; ;;;;;;;;;;;;;;;;;;;
ESUDFODE51A;FORCEPS, DENTAL, n°51A, upper roots, 300-05-11;MED;Medical Equipment;Dental surgical instruments;Forceps Dental;Stockable Product;Single;;;Make to Order;Buy;Average Price;;;Dental surgical instruments;ITC;Normal;Y;;;;;;;;;;;;;;no;no;; ;;;;;;;;;;;;;;;;;;;
ESUDFODE74-;FORCEPS, DENTAL, n°74, low. roots, incisors & bic. 300-07-40;MED;Medical Equipment;Dental surgical instruments;Forceps Dental;Stockable Product;Single;;;Make to Order;Buy;Average Price;;;Dental surgical instruments;ITC;Normal;Y;;;;;;;;;;;;;;no;no;; ;;;;;;;;;;;;;;;;;;;
ESUDFODE86B;FORCEPS, DENTAL, n°86B, lower molars, 300-08-62;MED;Medical Equipment;Dental surgical instruments;Forceps Dental;Stockable Product;Single;;;Make to Order;Buy;Average Price;;;Dental surgical instruments;ITC;Normal;Y;;;;;;;;;;;;;;no;no;; ;;;;;;;;;;;;;;;;;;;
ESUFPING410;PIN, self-drilling, Ø 4 mm, 100 mm 2015-1020;MED;Medical Equipment;Surgical instruments for external fixator;PIN;Stockable Product;Single;;;Make to Order;Buy;Average Price;;;Surgical instruments for external fixator;ITC;Normal;Y;;;;;;;;;;;;;;no;no;; ;;;;;;;;;;;;;;;;;;;
ESUFPING511;PIN, self-drilling, Ø 5 mm, 110 mm 2020-1035;MED;Medical Equipment;Surgical instruments for external fixator;PIN;Stockable Product;Single;;;Make to Order;Buy;Average Price;;;Surgical instruments for external fixator;ITC;Normal;Y;;;;;;;;;;;;;;no;no;; ;;;;;;;;;;;;;;;;;;;
ESUFPING514;PIN, self-drilling, Ø 5 mm, 140 mm 2020-1020;MED;Medical Equipment;Surgical instruments for external fixator;PIN;Stockable Product;Single;;;Make to Order;Buy;Average Price;;;Surgical instruments for external fixator;ITC;Normal;Y;;;;;;;;;;;;;;no;no;; ;;;;;;;;;;;;;;;;;;;
ESUFPING517;PIN, self-drilling, Ø 5 mm, 170 mm 2020-1025;MED;Medical Equipment;Surgical instruments for external fixator;PIN;Stockable Product;Single;;;Make to Order;Buy;Average Price;;;Surgical instruments for external fixator;ITC;Normal;Y;;;;;;;;;;;;;;no;no;; ;;;;;;;;;;;;;;;;;;;
ESUFPING521;PIN, self-drilling, Ø 5 mm, 210 mm 2020-1030;MED;Medical Equipment;Surgical instruments for external fixator;PIN;Stockable Product;Single;;;Make to Order;Buy;Average Price;;;Surgical instruments for external fixator;ITC;Normal;Y;;;;;;;;;;;;;;no;no;; ;;;;;;;;;;;;;;;;;;;
ESUFTUCG100;TUBE, carbon, Ø 15 mm, 100 mm 1010-1032;MED;Medical Equipment;Surgical instruments for external fixator;TUBE, carbon;Stockable Product;Single;;;Make to Order;Buy;Average Price;;;Surgical instruments for external fixator;ITC;Normal;Y;;;;;;;;;;;;;;no;no;; ;;;;;;;;;;;;;;;;;;;
ESUFTUCG125;TUBE, carbon, Ø 15 mm, 125 mm 1010-1033;MED;Medical Equipment;Surgical instruments for external fixator;TUBE, carbon;Stockable Product;Single;;;Make to Order;Buy;Average Price;;;Surgical instruments for external fixator;ITC;Normal;Y;;;;;;;;;;;;;;no;no;; ;;;;;;;;;;;;;;;;;;;
ESUFTUCG150;TUBE, carbon, Ø 15 mm, 150 mm 1010-1034;MED;Medical Equipment;Surgical instruments for external fixator;TUBE, carbon;Stockable Product;Single;;;Make to Order;Buy;Average Price;;;Surgical instruments for external fixator;ITC;Normal;Y;;;;;;;;;;;;;;no;no;; ;;;;;;;;;;;;;;;;;;;
ESUFTUCG200;TUBE, carbon, Ø 15 mm, 200 mm 1010-1035;MED;Medical Equipment;Surgical instruments for external fixator;TUBE, carbon;Stockable Product;Single;;;Make to Order;Buy;Average Price;;;Surgical instruments for external fixator;ITC;Normal;Y;;;;;;;;;;;;;;no;no;; ;;;;;;;;;;;;;;;;;;;
ESUFTUCG250;TUBE, carbon, Ø 15 mm, 250 mm 1010-1036;MED;Medical Equipment;Surgical instruments for external fixator;TUBE, carbon;Stockable Product;Single;;;Make to Order;Buy;Average Price;;;Surgical instruments for external fixator;ITC;Normal;Y;;;;;;;;;;;;;;no;no;; ;;;;;;;;;;;;;;;;;;;
ESUOFOHA1--;FORCEPS, HALSTED, straight, serrated jaws, H-2720 / M-2301;MED;Medical Equipment;Ophtalmic surgical instruments;Forceps Of Halstead;Stockable Product;Single;;;Make to Order;Buy;Average Price;;;Ophtalmic surgical instruments;ITC;Normal;Y;;;;;;;;;;;;;;no;no;;37 J(PM);;;;;;;;;;;;;;;;;;;
ESUOFOLE1T-;FORCEPS, LESTER, with teeth, H-3290/M-2280A;MED;Medical Equipment;Ophtalmic surgical instruments;Iris Forceps Of Hess;Stockable Product;Single;;;Make to Order;Buy;Average Price;;;Ophtalmic surgical instruments;ITC;Normal;Y;;;;;;;;;;;;;;no;no;;38 J(PME);;;;;;;;;;;;;;;;;;;
ESUOSCTE1CB;SCISSORS, TENOTOMY, STEVENS, curved, blunt, H-4130/M-4251A;MED;Medical Equipment;Ophtalmic surgical instruments;Tenotomy Scissors;Stockable Product;Single;;;Make to Order;Buy;Average Price;;;Ophtalmic surgical instruments;ITC;Normal;Y;;;;;;;;;;;;;;no;no;;38 J(PME);;;;;;;;;;;;;;;;;;;
ESUOSCTE1SS;SCISSORS, TENOTOMY STEVENS,straight, pointed, H-4121/M-4251B;MED;Medical Equipment;Ophtalmic surgical instruments;Tenotomy Scissors;Stockable Product;Single;;;Make to Order;Buy;Average Price;;;Ophtalmic surgical instruments;ITC;Normal;Y;;;;;;;;;;;;;;no;no;;38 J(PME);;;;;;;;;;;;;;;;;;;
ESURBOWB11-;BOW, WIRE TRACTION, BOEHLER 11 x 21 cm, 76-44-03;MED;Medical Equipment;Surgical instruments;Bow of Boehler;Stockable Product;Single;;;Make to Order;Buy;Average Price;;;Surgical instruments;ITC;Normal;Y;;;;;;;;;;;;;;no;no;; ;;;;;;;;;;;;;;;;;;;
ESURBOWB14-;BOW, WIRE TRACTION, BOEHLER 14 x 21 cm;MED;Medical Equipment;Surgical instruments;Bow of Boehler;Stockable Product;Single;;;Make to Order;Buy;Average Price;;;Surgical instruments;ITC;Normal;Y;;;;;;;;;;;;;;no;no;; ;;;;;;;;;;;;;;;;;;;
ESURBOWB16-;BOW, WIRE TRACTION, BOEHLER 16 x 21 cm;MED;Medical Equipment;Surgical instruments;Bow of Boehler;Stockable Product;Single;;;Make to Order;Buy;Average Price;;;Surgical instruments;ITC;Normal;Y;;;;;;;;;;;;;;no;no;; ;;;;;;;;;;;;;;;;;;;
ESURBOWK1L-;BOW, WIRE TRACTION, KIRSCHNER, adj. spread large 76-40-03;MED;Medical Equipment;Surgical instruments;Bow Of Kirschner;Stockable Product;Single;;;Make to Order;Buy;Average Price;;;Surgical instruments;ITC;Normal;Y;;;;;;;;;;;;;;no;no;; ;;;;;;;;;;;;;;;;;;;
ESURBOWK1S-;BOW, WIRE TRACTION, KIRSCHNER, adj. spread small 76-40-01;MED;Medical Equipment;Surgical instruments;Bow Of Kirschner;Stockable Product;Single;;;Make to Order;Buy;Average Price;;;Surgical instruments;ITC;Normal;Y;;;;;;;;;;;;;;no;no;; ;;;;;;;;;;;;;;;;;;;
ESURBOWKH1L;(bow, wire traction, Kirschner) HOOK, large 76-41-42;MED;Medical Equipment;Surgical instruments;Bow Of Kirschner;Stockable Product;Single;;;Make to Order;Buy;Average Price;;;Surgical instruments;ITC;Normal;Y;;;;;;;;;;;;;;no;no;; ;;;;;;;;;;;;;;;;;;;
ESURBOWKH1S;(bow, wire traction, Kirschner) HOOK, small 76-41-41;MED;Medical Equipment;Surgical instruments;Bow Of Kirschner;Stockable Product;Single;;;Make to Order;Buy;Average Price;;;Surgical instruments;ITC;Normal;Y;;;;;;;;;;;;;;no;no;; ;;;;;;;;;;;;;;;;;;;
ESURBSTE241;BASKET, INSTRUMENTS, for sterilization, wired 24x25x10 cm;MED;Medical Equipment;Surgical instruments;Basket, instruments f sterilization;Stockable Product;Single;;;Make to Order;Buy;Average Price;;;Surgical instruments;ITC;Normal;Y;2;;;;;;;;;;;;;no;no;; ;;;;;;;;;;;;;;;;;;;
ESURBSTE25-;BASKET, INSTRUMENTS, for sterilization, wired 25x15x5 cm;MED;Medical Equipment;Surgical instruments;Basket, instruments f sterilization;Stockable Product;Single;;;Make to Order;Buy;Average Price;;;Surgical instruments;ITC;Normal;Y;2;;;;;;;;;;;;;no;no;; ;;;;;;;;;;;;;;;;;;;
ESURBSTE255;BASKET, INSTRUMENTS, for sterilization, wired 25x25x5cm;MED;Medical Equipment;Surgical instruments;Basket, instruments f sterilization;Stockable Product;Single;;;Make to Order;Buy;Average Price;;;Surgical instruments;ITC;Normal;Y;;;;;;;;;;;;;;no;no;; ;;;;;;;;;;;;;;;;;;;
ESURBSTE35-;BASKET, INSTRUMENTS, for sterilization, wired 35x20x5 cm;MED;Medical Equipment;Surgical instruments;Basket, instruments f sterilization;Stockable Product;Single;;;Make to Order;Buy;Average Price;;;Surgical instruments;ITC;Normal;Y;;;;;;;;;;;;;;no;no;; ;;;;;;;;;;;;;;;;;;;
ESURBSTE40-;BASKET, INSTRUMENTS, for sterilization, wired 40x20x5 cm;MED;Medical Equipment;Surgical instruments;Basket, instruments f sterilization;Stockable Product;Single;;;Make to Order;Buy;Average Price;;;Surgical instruments;ITC;Normal;Y;15;;;;;;;;;;;;;no;no;; ;;;;;;;;;;;;;;;;;;;
ESURBSTE50-;BASKET, INSTRUMENTS, for sterilization, wired 50x25x10 cm;MED;Medical Equipment;Surgical instruments;Basket, instruments f sterilization;Stockable Product;Single;;;Make to Order;Buy;Average Price;;;Surgical instruments;ITC;Normal;Y;;;;;;;;;;;;;;no;no;; ;;;;;;;;;;;;;;;;;;;
ESURBSTEM25;MAT, SILICONE fr very delicate instruments 25x23 cm 49-97-72;MED;Medical Equipment;Surgical instruments;Basket, instruments f sterilization;Stockable Product;Single;;;Make to Order;Buy;Average Price;;;Surgical instruments;ITC;Normal;Y;2;;;;;;;;;;;;;no;no;; ;;;;;;;;;;;;;;;;;;;
ESURCLCD20-;CLAMP, CARDIOVASCULAR, DeBAKEY, atraum. 20 cm,35 mm 55-70-35;MED;Medical Equipment;Surgical instruments;Clamp, Cardiovascular, DeBakey;Stockable Product;Single;;;Make to Order;Buy;Average Price;;;Surgical instruments;ITC;Normal;Y;;;;;;;;;;;;;;no;no;; ;;;;;;;;;;;;;;;;;;;
ESURCLCD25-;CLAMP, CARDIOVASCULAR, DeBAKEY, atraum. 25.5cm,55mm 55-70-55;MED;Medical Equipment;Surgical instruments;Clamp, Cardiovascular, DeBakey;Stockable Product;Single;;;Make to Order;Buy;Average Price;;;Surgical instruments;ITC;Normal;Y;;;;;;;;;;;;;;no;no;; ;;;;;;;;;;;;;;;;;;;
ESURCLCD32-;CLAMP, CARDIOVASCULAR, DeBAKEY, atraum.32 cm,120 mm 55-60-12;MED;Medical Equipment;Surgical instruments;Clamp, Cardiovascular, DeBakey;Stockable Product;Single;;;Make to Order;Buy;Average Price;;;Surgical instruments;ITC;Normal;Y;;;;;;;;;;;;;;no;no;; ;;;;;;;;;;;;;;;;;;;
ESURCONF291;(cont.ster.) FILTER, TEXTILE, 225x225mm 49-91-12, one piece;MED;Medical Equipment;Surgical instruments;Filter for sterilizing container;Stockable Product;Single;;;Make to Order;Buy;Average Price;;;Surgical instruments;ITC;Normal;Y;;;;;;;;;;;;;;no;no;; ;;;;;;;;;;;;;;;;;;;
ESURCONF304;(cont.ster.) FILTER, TEXTILE, 240x120 mm 49-91-13, one piece;MED;Medical Equipment;Surgical instruments;Filter for sterilizing container;Stockable Product;Single;;;Make to Order;Buy;Average Price;;;Surgical instruments;ITC;Normal;Y;;;;;;;;;;;;;;no;no;; ;;;;;;;;;;;;;;;;;;;
ESURCONF325;(cont.ster.) FILTER, TEXTILE, 307x257 mm 46-56-32, 10 pieces;MED;Medical Equipment;Surgical instruments;Filter for sterilizing container;Stockable Product;Single;;;Make to Order;Buy;Average Price;;;Surgical instruments;ITC;Normal;Y;;;;;;;;;;;;;;no;no;; ;;;;;;;;;;;;;;;;;;;
ESURCONF401;(cont.ster.) FILTER, TEXTILE, 385x140 mm 46-92-36, 10 pieces;MED;Medical Equipment;Surgical instruments;Filter for sterilizing container;Stockable Product;Single;;;Make to Order;Buy;Average Price;;;Surgical instruments;ITC;Normal;Y;;;;;;;;;;;;;;no;no;; ;;;;;;;;;;;;;;;;;;;
ESURCONG1GL;(cont.ster.) GLUE FOR GASKET 904-90-00;MED;Medical Equipment;Surgical instruments;Gasket for sterilizing container;Stockable Product;Single;;;Make to Order;Buy;Average Price;;;Surgical instruments;ITC;Normal;Y;;;;;;;;;;;;;;no;no;; ;;;;;;;;;;;;;;;;;;;
ESURCONG291;(cont.ster.) GASKET FOR LID, silicone 904-90-02;MED;Medical Equipment;Surgical instruments;Gasket for sterilizing container;Stockable Product;Single;;;Make to Order;Buy;Average Price;;;Surgical instruments;ITC;Normal;Y;;;;;;;;;;;;;;no;no;; ;;;;;;;;;;;;;;;;;;;
ESURCONG304;(cont.ster.) GASKET FOR LID, silicone 904-90-03;MED;Medical Equipment;Surgical instruments;Gasket for sterilizing container;Stockable Product;Single;;;Make to Order;Buy;Average Price;;;Surgical instruments;ITC;Normal;Y;;;;;;;;;;;;;;no;no;; ;;;;;;;;;;;;;;;;;;;
ESURCUBV03-;CURETTE, BONE, VOLKMANN, 17 cm 3.6 mm, 29-51-33;MED;Medical Equipment;Surgical instruments;Curette, Volkman;Stockable Product;Single;;;Make to Order;Buy;Average Price;;;Surgical instruments;ITC;Normal;Y;;;;;;;;;;;;;;no;no;; ;;;;;;;;;;;;;;;;;;;
ESURCUBV08-;CURETTE, BONE, VOLKMANN, 17 cm 8.5 mm, 29-51-52;MED;Medical Equipment;Surgical instruments;Curette, Volkman;Stockable Product;Single;;;Make to Order;Buy;Average Price;;;Surgical instruments;ITC;Normal;Y;;;;;;;;;;;;;;no;no;; ;;;;;;;;;;;;;;;;;;;
ESURCUBV10-;CURETTE, BONE, VOLKMANN, 17 cm 10 mm, 29-51-53;MED;Medical Equipment;Surgical instruments;Curette, Volkman;Stockable Product;Single;;;Make to Order;Buy;Average Price;;;Surgical instruments;ITC;Normal;Y;;;;;;;;;;;;;;no;no;; ;;;;;;;;;;;;;;;;;;;
ESURCUBV13-;CURETTE, BONE, VOLKMANN, 17 cm 13 mm, 29-51-55;MED;Medical Equipment;Surgical instruments;Curette, Volkman;Stockable Product;Single;;;Make to Order;Buy;Average Price;;;Surgical instruments;ITC;Normal;Y;;;;;;;;;;;;;;no;no;; ;;;;;;;;;;;;;;;;;;;
ESURDIUH02-;DILATOR, UTERINE, HEGAR, single ended 2 mm, 52-30-02;MED;Medical Equipment;Surgical instruments;Dilator, Uterine, Hegar;Stockable Product;Single;;;Make to Order;Buy;Average Price;;;Surgical instruments;ITC;Normal;Y;;;;;;;;;;;;;;no;no;; ;;;;;;;;;;;;;;;;;;;
ESURDIUH04-;DILATOR, UTERINE, HEGAR, single ended 4 mm, 52-30-04;MED;Medical Equipment;Surgical instruments;Dilator, Uterine, Hegar;Stockable Product;Single;;;Make to Order;Buy;Average Price;;;Surgical instruments;ITC;Normal;Y;;;;;;;;;;;;;;no;no;; ;;;;;;;;;;;;;;;;;;;
ESURDIUH06-;DILATOR, UTERINE, HEGAR, single ended 6 mm, 52-30-06;MED;Medical Equipment;Surgical instruments;Dilator, Uterine, Hegar;Stockable Product;Single;;;Make to Order;Buy;Average Price;;;Surgical instruments;ITC;Normal;Y;;;;;;;;;;;;;;no;no;; ;;;;;;;;;;;;;;;;;;;
ESURDIUH08-;DILATOR, UTERINE, HEGAR, single ended 8 mm, 52-30-08;MED;Medical Equipment;Surgical instruments;Dilator, Uterine, Hegar;Stockable Product;Single;;;Make to Order;Buy;Average Price;;;Surgical instruments;ITC;Normal;Y;;;;;;;;;;;;;;no;no;; ;;;;;;;;;;;;;;;;;;;
ESURDIUH10-;DILATOR, UTERINE, HEGAR, single ended 10 mm, 52-30-10;MED;Medical Equipment;Surgical instruments;Dilator, Uterine, Hegar;Stockable Product;Single;;;Make to Order;Buy;Average Price;;;Surgical instruments;ITC;Normal;Y;;;;;;;;;;;;;;no;no;; ;;;;;;;;;;;;;;;;;;;
ESURDIUH12-;DILATOR, UTERINE, HEGAR, single ended 12 mm, 52-30-12;MED;Medical Equipment;Surgical instruments;Dilator, Uterine, Hegar;Stockable Product;Single;;;Make to Order;Buy;Average Price;;;Surgical instruments;ITC;Normal;Y;;;;;;;;;;;;;;no;no;; ;;;;;;;;;;;;;;;;;;;
ESURDIUH14-;DILATOR, UTERINE, HEGAR, single ended 14 mm, 52-30-14;MED;Medical Equipment;Surgical instruments;Dilator, Uterine, Hegar;Stockable Product;Single;;;Make to Order;Buy;Average Price;;;Surgical instruments;ITC;Normal;Y;;;;;;;;;;;;;;no;no;; ;;;;;;;;;;;;;;;;;;;
ESURDIUH16-;DILATOR, UTERINE, HEGAR, single ended 16 mm, 52-30-16;MED;Medical Equipment;Surgical instruments;Dilator, Uterine, Hegar;Stockable Product;Single;;;Make to Order;Buy;Average Price;;;Surgical instruments;ITC;Normal;Y;;;;;;;;;;;;;;no;no;; ;;;;;;;;;;;;;;;;;;;
ESURDIUH18-;DILATOR, UTERINE, HEGAR, single ended 18 mm, 52-30-18;MED;Medical Equipment;Surgical instruments;Dilator, Uterine, Hegar;Stockable Product;Single;;;Make to Order;Buy;Average Price;;;Surgical instruments;ITC;Normal;Y;;;;;;;;;;;;;;no;no;; ;;;;;;;;;;;;;;;;;;;
ESURDIUHD01;DILATOR, UTERINE, HEGAR, double ended 1+2 mm, 52-35-01;MED;Medical Equipment;Surgical instruments;Dilator, Uterine, Hegar;Stockable Product;Single;;;Make to Order;Buy;Average Price;;;Surgical instruments;ITC;Normal;Y;;;;;;;;;;;;;;no;no;; ;;;;;;;;;;;;;;;;;;;
ESURDIUHD03;DILATOR, UTERINE, HEGAR, double ended 3+4 mm, 52-35-03;MED;Medical Equipment;Surgical instruments;Dilator, Uterine, Hegar;Stockable Product;Single;;;Make to Order;Buy;Average Price;;;Surgical instruments;ITC;Normal;Y;;;;;;;;;;;;;;no;no;; ;;;;;;;;;;;;;;;;;;;
ESURDIUHD05;DILATOR, UTERINE, HEGAR, double ended 5+6 mm, 52-35-05;MED;Medical Equipment;Surgical instruments;Dilator, Uterine, Hegar;Stockable Product;Single;;;Make to Order;Buy;Average Price;;;Surgical instruments;ITC;Normal;Y;;;;;;;;;;;;;;no;no;; ;;;;;;;;;;;;;;;;;;;
ESURDIUHD07;DILATOR, UTERINE, HEGAR, double ended 7+8 mm, 52-35-07;MED;Medical Equipment;Surgical instruments;Dilator, Uterine, Hegar;Stockable Product;Single;;;Make to Order;Buy;Average Price;;;Surgical instruments;ITC;Normal;Y;;;;;;;;;;;;;;no;no;; ;;;;;;;;;;;;;;;;;;;
ESURDIUHD09;DILATOR, UTERINE, HEGAR, double ended 9+10 mm, 52-35-09;MED;Medical Equipment;Surgical instruments;Dilator, Uterine, Hegar;Stockable Product;Single;;;Make to Order;Buy;Average Price;;;Surgical instruments;ITC;Normal;Y;;;;;;;;;;;;;;no;no;; ;;;;;;;;;;;;;;;;;;;
ESURDIUHD11;DILATOR, UTERINE, HEGAR, double ended 11+12 mm, 52-35-11;MED;Medical Equipment;Surgical instruments;Dilator, Uterine, Hegar;Stockable Product;Single;;;Make to Order;Buy;Average Price;;;Surgical instruments;ITC;Normal;Y;;;;;;;;;;;;;;no;no;; ;;;;;;;;;;;;;;;;;;;
ESURDIUHD13;DILATOR, UTERINE, HEGAR, double ended 13+14 mm, 52-35-13;MED;Medical Equipment;Surgical instruments;Dilator, Uterine, Hegar;Stockable Product;Single;;;Make to Order;Buy;Average Price;;;Surgical instruments;ITC;Normal;Y;;;;;;;;;;;;;;no;no;; ;;;;;;;;;;;;;;;;;;;
ESURDIUHD15;DILATOR, UTERINE, HEGAR, double ended 15+16 mm, 52-35-15;MED;Medical Equipment;Surgical instruments;Dilator, Uterine, Hegar;Stockable Product;Single;;;Make to Order;Buy;Average Price;;;Surgical instruments;ITC;Normal;Y;;;;;;;;;;;;;;no;no;; ;;;;;;;;;;;;;;;;;;;
ESURDIUHD17;DILATOR, UTERINE, HEGAR, double ended 17+18 mm, 52-35-17;MED;Medical Equipment;Surgical instruments;Dilator, Uterine, Hegar;Stockable Product;Single;;;Make to Order;Buy;Average Price;;;Surgical instruments;ITC;Normal;Y;;;;;;;;;;;;;;no;no;; ;;;;;;;;;;;;;;;;;;;
ESURDIUHS07;DILATOR, UTERINE, HEGAR, single ended 7.5 mm, 52-31-07;MED;Medical Equipment;Surgical instruments;Dilator, Uterine, Hegar;Stockable Product;Single;;;Make to Order;Buy;Average Price;;;Surgical instruments;ITC;Normal;Y;;;;;;;;;;;;;;no;no;; ;;;;;;;;;;;;;;;;;;;
ESURDIUHS08;DILATOR, UTERINE, HEGAR, single ended 8.5 mm, 52-31-08;MED;Medical Equipment;Surgical instruments;Dilator, Uterine, Hegar;Stockable Product;Single;;;Make to Order;Buy;Average Price;;;Surgical instruments;ITC;Normal;Y;;;;;;;;;;;;;;no;no;; ;;;;;;;;;;;;;;;;;;;
ESURDIUHS09;DILATOR, UTERINE, HEGAR, single ended 9.5 mm, 52-31-09;MED;Medical Equipment;Surgical instruments;Dilator, Uterine, Hegar;Stockable Product;Single;;;Make to Order;Buy;Average Price;;;Surgical instruments;ITC;Normal;Y;;;;;;;;;;;;;;no;no;; ;;;;;;;;;;;;;;;;;;;
ESURVENT1C4;(vacuum extract.) SUCTION CUP Bird nº 4, 40 mm complete;MED;Medical Equipment;Surgical instruments;Ventouse;Stockable Product;Single;;;Make to Order;Buy;Average Price;;;Surgical instruments;ITC;Normal;Y;;;;;;;;;;;;;;no;no;; ;;;;;;;;;;;;;;;;;;;
ESURVENT1C5;(vacuum extract.) SUCTION CUP Bird nº 5, 50 mm complete;MED;Medical Equipment;Surgical instruments;Ventouse;Stockable Product;Single;;;Make to Order;Buy;Average Price;;;Surgical instruments;ITC;Normal;Y;;;;;;;;;;;;;;no;no;; ;;;;;;;;;;;;;;;;;;;
ESURVENT1C6;(vacuum extract.) SUCTION CUP Bird nº 6, 60 mm complete;MED;Medical Equipment;Surgical instruments;Ventouse;Stockable Product;Single;;;Make to Order;Buy;Average Price;;;Surgical instruments;ITC;Normal;Y;;;;;;;;;;;;;;no;no;; ;;;;;;;;;;;;;;;;;;;
ESURVENT1S0;(vacuum extractor) set of CONNECTORS, angled, for plug;MED;Medical Equipment;Surgical instruments;Ventouse;Stockable Product;Single;;;Make to Order;Buy;Average Price;;;Surgical instruments;ITC;Normal;Y;;;;;;;;;;;;;;no;no;; ;;;;;;;;;;;;;;;;;;;
ESURVENT1S1;(vacuum extractor) BOTTLE, polypropylene;MED;Medical Equipment;Surgical instruments;Ventouse;Stockable Product;Single;;;Make to Order;Buy;Average Price;;;Surgical instruments;ITC;Normal;Y;;;;;;;;;;;;;;no;no;; ;;;;;;;;;;;;;;;;;;;
ESURVENT1S2;(vacuum extractor) TUBING, silicone rubber, per meter;MED;Medical Equipment;Surgical instruments;Ventouse;Stockable Product;Single;;;Make to Order;Buy;Average Price;;;Surgical instruments;ITC;Normal;Y;;;;;;;;;;;;;;no;no;; ;;;;;;;;;;;;;;;;;;;
ESURVENT1S3;(vacuum ectractor) PLUG, rubber, with 3 holes;MED;Medical Equipment;Surgical instruments;Ventouse;Stockable Product;Single;;;Make to Order;Buy;Average Price;;;Surgical instruments;ITC;Normal;Y;;;;;;;;;;;;;;no;no;; ;;;;;;;;;;;;;;;;;;;
ESURVENT1S4;(vacuum extractor) GASKET, for connector with screw cap;MED;Medical Equipment;Surgical instruments;Ventouse;Stockable Product;Single;;;Make to Order;Buy;Average Price;;;Surgical instruments;ITC;Normal;Y;;;;;;;;;;;;;;no;no;; ;;;;;;;;;;;;;;;;;;;
ESURVENT1S5;(vacuum extractor) VACUUM PUMP;MED;Medical Equipment;Surgical instruments;Ventouse;Stockable Product;Single;;;Make to Order;Buy;Average Price;;;Surgical instruments;ITC;Normal;Y;;;;;;;;;;;;;;no;no;; ;;;;;;;;;;;;;;;;;;;
ESURVENT1S6;(vacuum extractor) VACUUM GAUGE + straight connector;MED;Medical Equipment;Surgical instruments;Ventouse;Stockable Product;Single;;;Make to Order;Buy;Average Price;;;Surgical instruments;ITC;Normal;Y;;;;;;;;;;;;;;no;no;; ;;;;;;;;;;;;;;;;;;;
ESURVENT1S7;(vacuum extractor) VALVE MEMBRANE, silic. rubber,vacuum pump;MED;Medical Equipment;Surgical instruments;Ventouse;Stockable Product;Single;;;Make to Order;Buy;Average Price;;;Surgical instruments;ITC;Normal;Y;;;;;;;;;;;;;;no;no;; ;;;;;;;;;;;;;;;;;;;
ESURVENT1S8;(vacuum extractor) LOCKING RING, silicone rubber, tubing;MED;Medical Equipment;Surgical instruments;Ventouse;Stockable Product;Single;;;Make to Order;Buy;Average Price;;;Surgical instruments;ITC;Normal;Y;;;;;;;;;;;;;;no;no;; ;;;;;;;;;;;;;;;;;;;
ESURVENTCS5;(vacuum extract.) SUCTION SILK CUP , 50 mm, complete;MED;Medical Equipment;Surgical instruments;Ventouse;Stockable Product;Single;;;Make to Order;Buy;Average Price;;;Surgical instruments;ITC;Normal;Y;;;;;;;;;;;;;;no;no;; ;;;;;;;;;;;;;;;;;;;
ESURVENTCS6;(vacuum extract.) SUCTION SILK CUP , 60 mm, complete;MED;Medical Equipment;Surgical instruments;Ventouse;Stockable Product;Single;;;Make to Order;Buy;Average Price;;;Surgical instruments;ITC;Normal;Y;;;;;;;;;;;;;;no;no;; ;;;;;;;;;;;;;;;;;;;
KADMKLIB01E;KIT, MSF EMERGENCY LIBRARY, English;LOG;Kit;Administration Kits;Kit Library;Stockable Product;Kit/module;;;Make to Order;Buy;Average Price;;;Administration Kits;ITC;Normal;Y;64;;;;;;;;;;;;;no;no;; ;;;;;;;;;;;;;;;;;;;
KADMKLIB01F;KIT, MSF EMERGENCY LIBRARY, French;LOG;Kit;Administration Kits;Kit Library;Stockable Product;Kit/module;;;Make to Order;Buy;Average Price;;;Administration Kits;ITC;Normal;Y;64;;;;;;;;;;;;;no;no;; ;;;;;;;;;;;;;;;;;;;
KADMKLIB01S;KIT, MSF EMERGENCY LIBRARY, Spanish;LOG;Kit;Administration Kits;Kit Library;Stockable Product;Kit/module;;;Make to Order;Buy;Average Price;;;Administration Kits;ITC;Normal;Y;18;12;;;;;;;;;;;;no;no;; ;;;;;;;;;;;;;;;;;;;
KADMKLIF02-;KIT, SURVIVAL, explo/evacuation, 2 persons/3 days;LOG;Kit;Administration Kits;Kit Life;Stockable Product;Kit/module;;;Make to Order;Buy;Average Price;;;Administration Kits;ITC;Normal;Y;;;;;;;;;;;;;;no;no;; ;;;;;;;;;;;;;;;;;;;
KADMKLIF08-;KIT, LIFE, TEAM, installation, 8 persons/5 days;LOG;Kit;Administration Kits;Kit Life;Stockable Product;Kit/module;;;Make to Order;Buy;Average Price;;;Administration Kits;ITC;Normal;Y;319;655;;;;;;;;;;;;no;no;; ;;;;;;;;;;;;;;;;;;;
KADMMADM01-;(module administration) MSF INTRODUCTION;LOG;Kit;Administration Kits;Module Administrative;Stockable Product;Kit/module;;;Make to Order;Buy;Average Price;391;391;Administration Kits;ITC;Normal;Y;64;;;;;;;;;;;;;no;no;; ;;;;;;;;;;;;;;;;;;;
KADMMADM02I;(module administration) INTERNATIONAL STANDARD FORMS;LOG;Kit;Administration Kits;Module Administrative;Stockable Product;Kit/module;;;Make to Order;Buy;Average Price;;;Administration Kits;ITC;Normal;Y;32;;;;;;;;;;;;;no;no;; ;;;;;;;;;;;;;;;;;;;
KADMMLIF08B;(module team life, 8 pers.) BEDDING EQUIPMENT;LOG;Kit;Administration Kits;Module Life;Stockable Product;Kit/module;;;Make to Order;Buy;Average Price;;;Administration Kits;ITC;Normal;Y;;;;;;;;;;;;;;no;no;; ;;;;;;;;;;;;;;;;;;;
KADMMLIF08C;(module team life, 8 pers.) COOKING EQUIPMENT;LOG;Kit;Administration Kits;Module Life;Stockable Product;Kit/module;;;Make to Order;Buy;Average Price;;;Administration Kits;ITC;Normal;Y;;;;;;;;;;;;;;no;no;; ;;;;;;;;;;;;;;;;;;;
KADMMLIF08F;(module team life, 8 pers.) FOOD/HYGIENE for 5 days;LOG;Kit;Administration Kits;Module Life;Stockable Product;Kit/module;;;Make to Order;Buy;Average Price;;;Administration Kits;ITC;Normal;Y;;;;;;;;;;;;;;no;no;; ;;;;;;;;;;;;;;;;;;;
KADMMLIF10C;(module life, team 8 persons) COOKING EQUIPMENT;LOG;Kit;Administration Kits;Module Life;Stockable Product;Kit/module;;;Make to Order;Buy;Average Price;;;Administration Kits;ITC;Normal;Y;;;;;;;;;;;;;;no;no;; ;;;;;;;;;;;;;;;;;;;
KADMMPHO1--;MODULE, PHOTOCOPYING MACHINE, small model;LOG;Kit;Administration Kits;Module Photocopy;Stockable Product;Kit/module;;;Make to Order;Buy;Average Price;;;Administration Kits;ITC;Normal;Y;;;;;;;;;;;;;;no;no;; ;;;;;;;;;;;;;;;;;;;
KADMMPHO2--;MODULE, PHOTOCOPYING MACHINE, medium model;LOG;Kit;Administration Kits;Module Photocopy;Stockable Product;Kit/module;;;Make to Order;Buy;Average Price;;;Administration Kits;ITC;Normal;Y;;;;;;;;;;;;;;no;no;; ;;;;;;;;;;;;;;;;;;;
KADMMPHO3--;MODULE, PHOTOCOPYING MACHINE, large model;LOG;Kit;Administration Kits;Module Photocopy;Stockable Product;Kit/module;;;Make to Order;Buy;Average Price;;;Administration Kits;ITC;Normal;Y;;;;;;;;;;;;;;no;no;; ;;;;;;;;;;;;;;;;;;;
KADMMSTA01-;(module administration, office) RENEWABLE STATIONERY;LOG;Kit;Administration Kits;Module Stationnery;Stockable Product;Kit/module;;;Make to Order;Buy;Average Price;;;Administration Kits;ITC;Normal;Y;28;56;;;;;;;;;;;;no;no;; ;;;;;;;;;;;;;;;;;;;
KADMMSTA04-;(module megaphone) STATIONERY;LOG;Kit;Administration Kits;Module Stationnery;Stockable Product;Kit/module;;;Make to Order;Buy;Average Price;;;Administration Kits;ITC;Normal;Y;32;3;;;;;;;;;;;;no;no;; ;;;;;;;;;;;;;;;;;;;
KADMMSTA05-;(module 001) STATIONERY;LOG;Kit;Administration Kits;Module Stationnery;Stockable Product;Kit/module;;;Make to Order;Buy;Average Price;;;Administration Kits;ITC;Normal;Y;96;;;;;;;;;;;;;no;no;; ;;;;;;;;;;;;;;;;;;;
KADMMSTA32-;(module immunization, 10 000 vacc.) STATIONERY;LOG;Kit;Administration Kits;Module Stationnery;Stockable Product;Kit/module;;;Make to Order;Buy;Average Price;;;Administration Kits;ITC;Normal;Y;32;;;;;;;;;;;;;no;no;; ;;;;;;;;;;;;;;;;;;;
KCAMLBUI036;LIST, BUILDING, 6 x 6 m, 36 m²;LOG;Kit;Camps kits;List, Building;Stockable Product;Kit/module;;;Make to Order;Buy;Average Price;;;Camps kits;ITC;Normal;Y;;;;;;;;;;;;;;no;no;; ;;;;;;;;;;;;;;;;;;;
KCAMLBUI084;LIST, BUILDING, 6 x 14 m, 84 m²;LOG;Kit;Camps kits;List, Building;Stockable Product;Kit/module;;;Make to Order;Buy;Average Price;;;Camps kits;ITC;Normal;Y;;;;;;;;;;;;;;no;no;; ;;;;;;;;;;;;;;;;;;;
KCAMLBUI120;LIST, BUILDING, 6 x 20 m, 120 m²;LOG;Kit;Camps kits;List, Building;Stockable Product;Kit/module;;;Make to Order;Buy;Average Price;;;Camps kits;ITC;Normal;Y;;;;;;;;;;;;;;no;no;; ;;;;;;;;;;;;;;;;;;;
KCAMMCOO04-;MODULE, COOKING SET, 4 persons;LOG;Kit;Camps kits;Module Cooking;Stockable Product;Kit/module;;;Make to Order;Buy;Average Price;;;Camps kits;ITC;Normal;Y;;;;;;;;;;;;;;no;no;; ;;;;;;;;;;;;;;;;;;;
KCAMMCOO05-;MODULE, COOKING SET, 5 persons;LOG;Kit;Camps kits;Module Cooking;Stockable Product;Kit/module;;;Make to Order;Buy;Average Price;;;Camps kits;ITC;Normal;Y;;;;;;;;;;;;;;no;no;; ;;;;;;;;;;;;;;;;;;;
KCAMMINS01C;MODULE, CAMP INSTALLATION + BOUNDARY;LOG;Kit;Camps kits;Module Installation;Stockable Product;Kit/module;;;Make to Order;Buy;Average Price;;;Camps kits;ITC;Normal;Y;;98;;;;;;;;;;;;no;no;; ;;;;;;;;;;;;;;;;;;;
KCAMMINS02D;MODULE, HEALTH CENTER INSTALLATION, without tent;LOG;Kit;Camps kits;Module Installation;Stockable Product;Kit/module;;;Make to Order;Buy;Average Price;;;Camps kits;ITC;Normal;Y;186;;;;;;;;;;;;;no;no;; ;;;;;;;;;;;;;;;;;;;
KCAMMSHE08-;MODULE, POLES, PEGS & ROPES, for 8 families;LOG;Kit;Camps kits;Module Shelter;Stockable Product;Kit/module;;;Make to Order;Buy;Average Price;;;Camps kits;ITC;Normal;Y;;;;;;;;;;;;;;no;no;; ;;;;;;;;;;;;;;;;;;;
KCAMMSHE101;(module shelter for 100 families) ROPE;LOG;Kit;Camps kits;Module Shelter;Stockable Product;Kit/module;;;Make to Order;Buy;Average Price;;;Camps kits;ITC;Normal;Y;35;84;;;;;;;;;;;;no;no;; ;;;;;;;;;;;;;;;;;;;
KCOMKHFB60A;KIT HF, TRANSCEIVER, base station, Codan 9360, DIPOLE;LOG;Kit;Communication kits;Kit Hf Base;Stockable Product;Kit/module;;;Make to Order;Buy;Average Price;;;Communication kits;ITC;Normal;Y;;;;;;;;;;;;;;no;no;; ;;;;;;;;;;;;;;;;;;;
KCOMKHFB60B;KIT HF, TRANSCEIVER, base station, Codan 9360, TUNED LOOP;LOG;Kit;Communication kits;Kit Hf Base;Stockable Product;Kit/module;;;Make to Order;Buy;Average Price;;;Communication kits;ITC;Normal;Y;;;;;;;;;;;;;;no;no;; ;;;;;;;;;;;;;;;;;;;
KCOMKHFB7TY;KIT HF, TRANSCEIVER, base station, Icom IC700 TY;LOG;Kit;Communication kits;Kit Hf Base;Stockable Product;Kit/module;;;Make to Order;Buy;Average Price;;;Communication kits;ITC;Normal;Y;;;;;;;;;;;;;;no;no;; ;;;;;;;;;;;;;;;;;;;
KCOMKHFBPRA;KIT HF, TRANSCEIVER, base station (Icom IC-700PRO), DIPOLE;LOG;Kit;Communication kits;Kit Hf Base;Stockable Product;Kit/module;;;Make to Order;Buy;Average Price;32;32;Communication kits;ITC;Normal;Y;;;;;;;;;;;;;;no;no;; ;;;;;;;;;;;;;;;;;;;
KCOMKHFBPRB;KIT HF, TRANSCEIVER, base stat. (Icom IC-700PRO), TUNED LOOP;LOG;Kit;Communication kits;Kit Hf Base;Stockable Product;Kit/module;;;Make to Order;Buy;Average Price;;;Communication kits;ITC;Normal;Y;;;;;;;;;;;;;;no;no;; ;;;;;;;;;;;;;;;;;;;
KCOMKHFBSRA;KIT HF, TRANSCEIVER, base station (Codan NGT SR), DIPOLE;LOG;Kit;Communication kits;Kit Hf Base;Stockable Product;Kit/module;;;Make to Order;Buy;Average Price;;;Communication kits;ITC;Normal;Y;;;;;;;;;;;;;;no;no;; ;;;;;;;;;;;;;;;;;;;
KCOMKHFBSRB;KIT HF, TRANSCEIVER, base station (Codan NGT SR), TUNED LOOP;LOG;Kit;Communication kits;Kit Hf Base;Stockable Product;Kit/module;;;Make to Order;Buy;Average Price;;;Communication kits;ITC;Normal;Y;;;;;;;;;;;;;;no;no;; ;;;;;;;;;;;;;;;;;;;
KCOMKHFM100;KIT HF, TRANSCEIVER, mobile station, MN100 + IC700;LOG;Kit;Communication kits;Kit Hf Mobile;Stockable Product;Kit/module;;;Make to Order;Buy;Average Price;;;Communication kits;ITC;Normal;Y;;;;;;;;;;;;;;no;no;;38 J(PME);;;;;;;;;;;;;;;;;;;
KCOMKHFM28-;KIT HF, TRANSCEIVER, mobile Codan 8528 for BJ/PZJ/HZJ75;LOG;Kit;Communication kits;Kit Hf Mobile;Stockable Product;Kit/module;;;Make to Order;Buy;Average Price;;;Communication kits;ITC;Normal;Y;;;;;;;;;;;;;;no;no;;38 J(PME);;;;;;;;;;;;;;;;;;;
KCOMKHFM28C;KIT HF, TRANSCEIVER, mobile Codan 8528IE complete for Toy.75;LOG;Kit;Communication kits;Kit Hf Mobile;Stockable Product;Kit/module;;;Make to Order;Buy;Average Price;;;Communication kits;ITC;Normal;Y;;;;;;;;;;;;;;no;no;;38 J(PME);;;;;;;;;;;;;;;;;;;
KCOMKHFM700;KIT HF, TRANSCEIVER, mobile IC700 for BJ/PZJ/HZJ75;LOG;Kit;Communication kits;Kit Hf Mobile;Stockable Product;Kit/module;;;Make to Order;Buy;Average Price;;;Communication kits;ITC;Normal;Y;;;;;;;;;;;;;;no;no;;38 J(PME);;;;;;;;;;;;;;;;;;;
KCOMKHFM70W;KIT HF, TRANSCEIVER, mobile IC700 + whip antenna Codan 300;LOG;Kit;Communication kits;Kit Hf Mobile;Stockable Product;Kit/module;;;Make to Order;Buy;Average Price;;;Communication kits;ITC;Normal;Y;;;;;;;;;;;;;;no;no;;38 J(PME);;;;;;;;;;;;;;;;;;;
KCOMKHFM8++;KIT HF, TRANSCEIVER, mobile station, Codan 9780,;LOG;Kit;Communication kits;Kit Hf Mobile;Stockable Product;Kit/module;;;Make to Order;Buy;Average Price;;;Communication kits;ITC;Normal;Y;;;;;;;;;;;;;;no;no;; ;;;;;;;;;;;;;;;;;;;
KCOMKHFM80-;KIT HF, TRANSCEIVER, mobile station, Codan 9780,prewired car;LOG;Kit;Communication kits;Kit Hf Mobile;Stockable Product;Kit/module;;;Make to Order;Buy;Average Price;;;Communication kits;ITC;Normal;Y;;;;;;;;;;;;;;no;no;; ;;;;;;;;;;;;;;;;;;;
KCOMKHFM80C;KIT HF, TRANSCEIVER, mobile station, Codan 9780, complete;LOG;Kit;Communication kits;Kit Hf Mobile;Stockable Product;Kit/module;;;Make to Order;Buy;Average Price;;;Communication kits;ITC;Normal;Y;;;;;;;;;;;;;;no;no;; ;;;;;;;;;;;;;;;;;;;
KCOMKHFMHP2;KIT HF/VHF/UHF, TRANSCEIVER, manpack radio (HP2) 99 channels;LOG;Kit;Communication kits;Kit Hf Mobile;Stockable Product;Kit/module;;;Make to Order;Buy;Average Price;;;Communication kits;ITC;Normal;Y;;22;;;;;;;;;;;;no;no;; ;;;;;;;;;;;;;;;;;;;
KCOMKHFMVRC;KIT HF, TRANSC., MOBILE (Codan NGTVR2011) + tuner + wiring;LOG;Kit;Communication kits;Kit Hf Mobile;Stockable Product;Kit/module;;;Make to Order;Buy;Average Price;;;Communication kits;ITC;Normal;Y;;;;;;;;;;;;;;no;no;; ;;;;;;;;;;;;;;;;;;;
KCOMKVHF10-;KIT VHF, TRANSCEIVER, 5 handsets (ICF3062T) + base (ICF5061);LOG;Kit;Communication kits;Kit Vhf;Stockable Product;Kit/module;;;Make to Order;Buy;Average Price;;;Communication kits;ITC;Normal;Y;;;;;;;;;;;;;;no;no;X;;;;;;;;;;;;;;;;;;;;
KCOMKVHF25-;KIT VHF, TRANSCEIV. TK250 146-172 MHz, 5 handsets +1 base;LOG;Kit;Communication kits;Kit Vhf;Stockable Product;Kit/module;;;Make to Order;Buy;Average Price;;;Communication kits;ITC;Normal;Y;;;;;;;;;;;;;;no;no;;38 J(PME);;;;;;;;;;;;;;;;;;;
KCOMKVHF26-;KIT VHF, TRANSCEIVER, Yaesu 144-172 Mhz, 3 handsets + base;LOG;Kit;Communication kits;Kit Vhf;Stockable Product;Kit/module;;;Make to Order;Buy;Average Price;;;Communication kits;ITC;Normal;Y;;;;;;;;;;;;;;no;no;;38 J(PME);;;;;;;;;;;;;;;;;;;
KCOMKVHF2S-;KIT VHF, TRANSCEIVER, Icom IC2SE 134-174 Mhz, 4 port.+ ampli;LOG;Kit;Communication kits;Kit Vhf;Stockable Product;Kit/module;;;Make to Order;Buy;Average Price;;;Communication kits;ITC;Normal;Y;;;;;;;;;;;;;;no;no;;38 J(PME);;;;;;;;;;;;;;;;;;;
KCOMKVHF30-;KIT VHF, TRANSCEIV. IC F30LT 146-174 MHz, 5 handsets +1 base;LOG;Kit;Communication kits;Kit Vhf;Stockable Product;Kit/module;;;Make to Order;Buy;Average Price;;;Communication kits;ITC;Normal;Y;;;;;;;;;;;;;;no;no;; ;;;;;;;;;;;;;;;;;;;
KCOMKVHF31-;KIT VHF, TRANSCEIV. GP340/GM300 146-174 MHz 5 hands. +1 base;LOG;Kit;Communication kits;Kit Vhf;Stockable Product;Kit/module;;;Make to Order;Buy;Average Price;;;Communication kits;ITC;Normal;Y;;;;;;;;;;;;;;no;no;; ;;;;;;;;;;;;;;;;;;;
KCOMKVHF31I;KIT VHF, TRANSCEIVER (ICF31GT) 136-174 MHz, 5 hands. + base;LOG;Kit;Communication kits;Kit Vhf;Stockable Product;Kit/module;;;Make to Order;Buy;Average Price;62;62;Communication kits;ITC;Normal;Y;;;;;;;;;;;;;;no;no;; ;;;;;;;;;;;;;;;;;;;
KCOMKVHF32-;KIT VHF, TRANSCEIVER, 5 handsets (ICF3062T) + base (2800);LOG;Kit;Communication kits;Kit Vhf;Stockable Product;Kit/module;;;Make to Order;Buy;Average Price;;;Communication kits;ITC;Normal;Y;;;;;;;;;;;;;;no;no;; ;;;;;;;;;;;;;;;;;;;
KCOMKVHFB50;KIT VHF, TRANSCEIVER, base (Icom ICF5061);LOG;Kit;Communication kits;Kit Vhf;Stockable Product;Kit/module;;;Make to Order;Buy;Average Price;;;Communication kits;ITC;Normal;Y;;;;;;;;;;;;;;no;no;; ;;;;;;;;;;;;;;;;;;;
KCOMKVHFM25;KIT VHF, TRANSCEIV. FT 2500, mobile for Toyota;LOG;Kit;Communication kits;Kit Vhf;Stockable Product;Kit/module;;;Make to Order;Buy;Average Price;;;Communication kits;ITC;Normal;Y;;;;;;;;;;;;;;no;no;; ;;;;;;;;;;;;;;;;;;;
KCOMKVHFM26;KIT VHF, TRANSCEIV. FT 2600, mobile for Toyota;LOG;Kit;Communication kits;Kit Vhf;Stockable Product;Kit/module;;;Make to Order;Buy;Average Price;;;Communication kits;ITC;Normal;Y;;;;;;;;;;;;;;no;no;; ;;;;;;;;;;;;;;;;;;;
KCOMKVHFM28;KIT VHF, TRANSCEIVER (Yaesu FT2800M), mobile;LOG;Kit;Communication kits;Kit Vhf;Stockable Product;Kit/module;;;Make to Order;Buy;Average Price;;;Communication kits;ITC;Normal;Y;32;;;;;;;;;;;;;no;no;; ;;;;;;;;;;;;;;;;;;;
KCOMKVHFM50;KIT VHF, TRANSCEIVER, mobile (Icom ICF5061);LOG;Kit;Communication kits;Kit Vhf;Stockable Product;Kit/module;;;Make to Order;Buy;Average Price;;;Communication kits;ITC;Normal;Y;;;;;;;;;;;;;;no;no;; ;;;;;;;;;;;;;;;;;;;
KCOMMHFB28T;(module HF Codan 8528) TRANSCEIVER base Codan 8528IE;LOG;Kit;Communication kits;Module Hf Base;Stockable Product;Kit/module;;;Make to Order;Buy;Average Price;;;Communication kits;ITC;Normal;Y;;;;;;;;;;;;;;no;no;;38 J(PME);;;;;;;;;;;;;;;;;;;
KCOMMHFB60T;(module HF Codan 9360) TRANSCEIVER, base, Codan 9360;LOG;Kit;Communication kits;Module Hf Base;Stockable Product;Kit/module;;;Make to Order;Buy;Average Price;;;Communication kits;ITC;Normal;Y;;;;;;;;;;;;;;no;no;; ;;;;;;;;;;;;;;;;;;;
KCOMMHFBD2T;MODULE, HF, ANTENNA, BASE, D2T;LOG;Kit;Communication kits;Module Hf Base;Stockable Product;Kit/module;;;Make to Order;Buy;Average Price;;;Communication kits;ITC;Normal;Y;16;;;;;;;;;;;;;no;no;; ;;;;;;;;;;;;;;;;;;;
KCOMMHFBDIP;MODULE, HF, ANTENNA, BASE, dipole;LOG;Kit;Communication kits;Module Hf Base;Stockable Product;Kit/module;;;Make to Order;Buy;Average Price;;;Communication kits;ITC;Normal;Y;;;;;;;;;;;;;;no;no;; ;;;;;;;;;;;;;;;;;;;
KCOMMHFBLOP;MODULE, HF, ANTENNA, BASE, tuned loop;LOG;Kit;Communication kits;Module Hf Base;Stockable Product;Kit/module;;;Make to Order;Buy;Average Price;;;Communication kits;ITC;Normal;Y;;;;;;;;;;;;;;no;no;; ;;;;;;;;;;;;;;;;;;;
KCOMMHFBPRT;MODULE, HF, TRANSCEIVER, BASE (Icom IC-700PRO);LOG;Kit;Communication kits;Module Hf Base;Stockable Product;Kit/module;;;Make to Order;Buy;Average Price;;;Communication kits;ITC;Normal;Y;213;;;;;;;;;;;;;no;no;; ;;;;;;;;;;;;;;;;;;;
KCOMMHFBSRT;MODULE, HF, TRANSCEIVER, BASE (Codan NGTVR2011);LOG;Kit;Communication kits;Module Hf Base;Stockable Product;Kit/module;;;Make to Order;Buy;Average Price;;;Communication kits;ITC;Normal;Y;213;;;;;;;;;;;;;no;no;; ;;;;;;;;;;;;;;;;;;;
KCOMMUHF10A;(module UHF transceiver 5 handsets + base) STANDARD ITEMS;LOG;Kit;Communication kits;Module UHF;Stockable Product;Kit/module;;;Make to Order;Buy;Average Price;;;Communication kits;ITC;Normal;Y;;;;;;;;;;;;;;no;no;; ;;;;;;;;;;;;;;;;;;;
KCOMMUHF41I;MODULE UHF, 1 HANDSET (Icom IC F41GT) + accessories;LOG;Kit;Communication kits;Module UHF;Stockable Product;Kit/module;;;Make to Order;Buy;Average Price;;;Communication kits;ITC;Normal;Y;;;;;;;;;;;;;;no;no;; ;;;;;;;;;;;;;;;;;;;
KCOMMUHF42-;MODULE, UHF, 1 HANDSET (ICF4062T) + accessories;LOG;Kit;Communication kits;Module UHF;Stockable Product;Kit/module;;;Make to Order;Buy;Average Price;;;Communication kits;ITC;Normal;Y;;;;;;;;;;;;;;no;no;; ;;;;;;;;;;;;;;;;;;;
KCOMMUHFB36;MODULE, UHF, TRANSCEIVER (Motorola GM 360), base;LOG;Kit;Communication kits;Module UHF;Stockable Product;Kit/module;;;Make to Order;Buy;Average Price;;;Communication kits;ITC;Normal;Y;;;;;;;;;;;;;;no;no;; ;;;;;;;;;;;;;;;;;;;
KCOMMVHF10A;(module VHF transceiver 5 handsets + base) STANDARD ITEMS;LOG;Kit;Communication kits;Module Vhf;Stockable Product;Kit/module;;;Make to Order;Buy;Average Price;;;Communication kits;ITC;Normal;Y;;;;;;;;;;;;;;no;no;; ;;;;;;;;;;;;;;;;;;;
KCOMMVHF10D;(module UHF/VHF transceiver 5 handsets + base) RTR ITEMS;LOG;Kit;Communication kits;Module Vhf;Stockable Product;Kit/module;;;Make to Order;Buy;Average Price;;;Communication kits;ITC;Normal;Y;;;;;;;;;;;;;;no;no;X;;;;;;;;;;;;;;;;;;;;
KCOMMVHF25-;(module VHF Kenwood) 1 HANDSET Kenwood TK250 + accessories;LOG;Kit;Communication kits;Module Vhf;Stockable Product;Kit/module;;;Make to Order;Buy;Average Price;;;Communication kits;ITC;Normal;Y;;;;;;;;;;;;;;no;no;; ;;;;;;;;;;;;;;;;;;;
KCOMMVHF25M;(module VHF veh.) 1 HANDSET Yaesu FT2500 + roof ant. acces.;LOG;Kit;Communication kits;Module Vhf;Stockable Product;Kit/module;;;Make to Order;Buy;Average Price;;;Communication kits;ITC;Normal;Y;;;;;;;;;;;;;;no;no;;38 J(PME);;;;;;;;;;;;;;;;;;;
KCOMMVHF261;(module VHF Yaesu) 1 HANDSET Yaesu FT26A3 + acces.;LOG;Kit;Communication kits;Module Vhf;Stockable Product;Kit/module;;;Make to Order;Buy;Average Price;;;Communication kits;ITC;Normal;Y;;;;;;;;;;;;;;no;no;;38 J(PME);;;;;;;;;;;;;;;;;;;
KCOMMVHF2S1;(module VHF Icom) 1 HANDSET Icom IC2SE + accessories;LOG;Kit;Communication kits;Module Vhf;Stockable Product;Kit/module;;;Make to Order;Buy;Average Price;;;Communication kits;ITC;Normal;Y;;;;;;;;;;;;;;no;no;;38 J(PME);;;;;;;;;;;;;;;;;;;
KCOMMVHF2S2;(module VHF) ANTENNA, BASE + AMPLI & MCOMPOR;LOG;Kit;Communication kits;Module Vhf;Stockable Product;Kit/module;;;Make to Order;Buy;Average Price;;;Communication kits;ITC;Normal;Y;;;;;;;;;;;;;;no;no;;38 J(PME);;;;;;;;;;;;;;;;;;;
KCOMMVHF30-;(module VHF Icom) 1 HANDSET Icom IC F30LT + accessories;LOG;Kit;Communication kits;Module Vhf;Stockable Product;Kit/module;;;Make to Order;Buy;Average Price;;;Communication kits;ITC;Normal;Y;;;;;;;;;;;;;;no;no;; ;;;;;;;;;;;;;;;;;;;
KCOMMVHF31-;(module VHF Motorola) 1 HANDSET GP340 + accessories;LOG;Kit;Communication kits;Module Vhf;Stockable Product;Kit/module;;;Make to Order;Buy;Average Price;;;Communication kits;ITC;Normal;Y;;;;;;;;;;;;;;no;no;; ;;;;;;;;;;;;;;;;;;;
KCOMMVHF31I;MODULE VHF, 1 HANDSET (Icom IC F31GT) + accessories;LOG;Kit;Communication kits;Module Vhf;Stockable Product;Kit/module;;;Make to Order;Buy;Average Price;;;Communication kits;ITC;Normal;Y;;2;;;;;;;;;;;;no;no;; ;;;;;;;;;;;;;;;;;;;
KCOMMVHF32-;MODULE, VHF, 1 HANDSET (ICF3062T) + accessories;LOG;Kit;Communication kits;Module Vhf;Stockable Product;Kit/module;;;Make to Order;Buy;Average Price;;;Communication kits;ITC;Normal;Y;;;;;;;;;;;;;;no;no;; ;;;;;;;;;;;;;;;;;;;
KCOMMVHFB28;MODULE, VHF, TRANSCEIVER (Yaesu FT 2800 M), base;LOG;Kit;Communication kits;Module Vhf;Stockable Product;Kit/module;;;Make to Order;Buy;Average Price;;;Communication kits;ITC;Normal;Y;;;;;;;;;;;;;;no;no;; ;;;;;;;;;;;;;;;;;;;
KMEDKCHO1--;KIT, 001, 625 treatments, COMPLETE (LOG. + MED.) 4 000 L;MED;Kit;Medical kits;Cholera Kit;Stockable Product;Kit/module;;;Make to Order;Buy;Average Price;15197;15197;Medical kits;ITC;Normal;Y;;;;;;;;;;;;;;no;no;Y;37 J(PM);;;;;;;;;;;;;;;;;;;
KMEDKCHO2M-;KIT, 001, 625 treatments, medical modules, 4 000 L;MED;Kit;Medical kits;Cholera Kit;Stockable Product;Kit/module;;;Make to Order;Buy;Average Price;792;792;Medical kits;ITC;Normal;Y;;;;;;;;;;;;;;no;no;;37 J(PM);;;;;;;;;;;;;;;;;;;
KMEDKCHO3M-;KIT, 001, medical modules, 2 000 L;MED;Kit;Medical kits;Cholera Kit;Stockable Product;Kit/module;;;Make to Order;Buy;Average Price;5692;5692;Medical kits;ITC;Normal;Y;;;;;;;;;;;;;;no;no;;37 J(PM);;;;;;;;;;;;;;;;;;;
KMEDKCHO4M-;KIT, 001, medical modules without infusions;MED;Kit;Medical kits;Cholera Kit;Stockable Product;Kit/module;;;Make to Order;Buy;Average Price;;;Medical kits;ITC;Normal;Y;1375;;;;;;;;;;;;;no;no;;37 J(PM);;;;;;;;;;;;;;;;;;;
KMEDMANA101;MODULE, ANAESTHESIA, RENEWABLE SUPPLIES, 100 anaesthesias;MED;Kit;Medical kits;Anaesthesia Module;Stockable Product;Kit/module;;;Make to Order;Buy;Average Price;;;Medical kits;ITC;Normal;Y;25;;;;;;;;;;;*;;no;no;;37 J(PM);;;;;;;;;;;;;;;;;;;
KMEDMANA101A;MODULE, ANAESTHESIA SUPPLIES, x 100, part 1;MED;Kit;Medical kits;Anaesthesia Module;Stockable Product;Kit/module;;;Make to Order;Buy;Average Price;;;Medical kits;ITC;Normal;Y;576;;;;;;;;;;;*;;no;no;;37 J(PM);;;;;;;;;;;;;;;;;;;
KMEDMANA101B;MODULE, ANAESTHESIA SUPPLIES, x 100, part 2 cold chain;MED;Kit;Medical kits;Anaesthesia Module;Stockable Product;Kit/module;;;Make to Order;Buy;Average Price;;;Medical kits;ITC;Normal;Y;;;;;;;;;;;;*;;no;no;;37 J(PM);;;;;;;;;;;;;;;;;;;
KMEDMANA101C;MODULE, ANAESTHESIA SUPPLIES, x 100, part 3, regulated drugs;MED;Kit;Medical kits;Anaesthesia Module;Stockable Product;Kit/module;;;Make to Order;Buy;Average Price;;;Medical kits;ITC;Normal;Y;25;;;;;;;;;;;*;;no;no;;37 J(PM);;;;;;;;;;;;;;;;;;;
KMEDMANA101D;MODULE, ANAESTHESIA SUPPLIES, x 100, part 4, RTR;MED;Kit;Medical kits;Anaesthesia Module;Stockable Product;Kit/module;;;Make to Order;Buy;Average Price;;;Medical kits;ITC;Normal;Y;;4;;;;;;;;;;*;;no;no;;37 J(PM);;;;;;;;;;;;;;;;;;;
KMEDMAUT39-;MODULE, AUTOCLAVE, STEAM, 39 l;MED;Kit;Medical kits;Module, autoclave;Stockable Product;Kit/module;;;Make to Order;Buy;Average Price;;;Medical kits;ITC;Normal;Y;;;;;;;;;;;;;;no;no;; ;;;;;;;;;;;;;;;;;;;
KMEDMAUT80-;MODULE, AUTOCLAVE, STEAM, electric, Matachana 80LR-1 80 l;MED;Kit;Medical kits;Module, autoclave;Stockable Product;Kit/module;;;Make to Order;Buy;Average Price;;;Medical kits;ITC;Normal;Y;;;;;;;;;;;;;;no;no;;30 J(P);;;;;;;;;;;;;;;;;;;
KMEDMAUT90-;MODULE, AUTOCLAVE, STEAM, TBM 90 l;MED;Kit;Medical kits;Module, autoclave;Stockable Product;Kit/module;;;Make to Order;Buy;Average Price;;;Medical kits;ITC;Normal;Y;;;;;;;;;;;;;;no;no;;30 J(P);;;;;;;;;;;;;;;;;;;
KMEDMBAS21-;(basic unit) MEDICINES;MED;Kit;Medical kits;Basic Module;Stockable Product;Kit/module;;;Make to Order;Buy;Average Price;;;Medical kits;ITC;Normal;Y;;;;;;;;;;;;;;no;no;; ;;;;;;;;;;;;;;;;;;;
KMEDMBAS22-;(basic unit) MEDICAL DEVICES, RENEWABLE;MED;Kit;Medical kits;Basic Module;Stockable Product;Kit/module;;;Make to Order;Buy;Average Price;;;Medical kits;ITC;Normal;Y;;;;;;;;;;;;;;no;no;; ;;;;;;;;;;;;;;;;;;;
KMEDMBAS23-;(basic unit) MEDICAL DEVICES, EQUIPMENT;MED;Kit;Medical kits;Basic Module;Stockable Product;Kit/module;;;Make to Order;Buy;Average Price;;;Medical kits;ITC;Normal;Y;;;;;;;;;;;;;;no;no;; ;;;;;;;;;;;;;;;;;;;
KMEDMBAS24M;(basic unit) ANTIMALARIAL ITEMS;MED;Kit;Medical kits;Basic Module;Stockable Product;Kit/module;;;Make to Order;Buy;Average Price;;;Medical kits;ITC;Normal;Y;;;;;;;;;;;;;;no;no;; ;;;;;;;;;;;;;;;;;;;
KMEDMBAS25-;(basic unit) STATIONERY;MED;Kit;Medical kits;Basic Module;Stockable Product;Kit/module;;;Make to Order;Buy;Average Price;;;Medical kits;ITC;Normal;Y;;;;;;;;;;;;;;no;no;; ;;;;;;;;;;;;;;;;;;;
KMEDMCHO01-;(module 001) DRUGS;MED;Kit;Medical kits;Cholera Module;Stockable Product;Kit/module;;;Make to Order;Buy;Average Price;759;759;Medical kits;ITC;Normal;Y;534;;;;;;;;;;;;;no;no;;30 J(P);;;;;;;;;;;;;;;;;;;
KMEDMCHO02-;(module 001) RENEWABLE SUPPLIES;MED;Kit;Medical kits;Cholera Module;Stockable Product;Kit/module;;;Make to Order;Buy;Average Price;275;275;Medical kits;ITC;Normal;Y;;;;;;;;;;;;;;no;no;;30 J(P);;;;;;;;;;;;;;;;;;;
KMEDMCHO03-;(module 001) LOGISTIC EQUIPMENT;MED;Kit;Medical kits;Cholera Module;Stockable Product;Kit/module;;;Make to Order;Buy;Average Price;;;Medical kits;ITC;Normal;Y;;411;;;;;;;;;;;;no;no;;30 J(P);;;;;;;;;;;;;;;;;;;
KMEDMCHO04-;(module 001) STATIONERY;MED;Kit;Medical kits;Cholera Module;Stockable Product;Kit/module;;;Make to Order;Buy;Average Price;;;Medical kits;ITC;Normal;Y;96;;;;;;;;;;;;;no;no;;30 J(P);;;;;;;;;;;;;;;;;;;
KMEDMCHO05-;(module 001) DISINFECTION;MED;Kit;Medical kits;Cholera Module;Stockable Product;Kit/module;;;Make to Order;Buy;Average Price;;;Medical kits;ITC;Normal;Y;;;;;;;;;;;;;;no;no;; ;;;;;;;;;;;;;;;;;;;
KMEDMCHO05D;(module 001) DISINFECTION RTR;MED;Kit;Medical kits;Cholera Module;Stockable Product;Kit/module;;;Make to Order;Buy;Average Price;;;Medical kits;ITC;Normal;Y;;;;;;;;;;;;;;no;no;Y;30 J(P);;;;;;;;;;;;;;;;;;;
KMEDMCHO06-;(module 001) INFUSIONS 2000 L;MED;Kit;Medical kits;Cholera Module;Stockable Product;Kit/module;;;Make to Order;Buy;Average Price;;;Medical kits;ITC;Normal;Y;5979;;;;;;;;;;;;;no;no;;30 J(P);;;;;;;;;;;;;;;;;;;
KMEDMCHO07-;(module 001) 500 BLANKETS;MED;Kit;Medical kits;Cholera Module;Stockable Product;Kit/module;;;Make to Order;Buy;Average Price;243;243;Medical kits;ITC;Normal;Y;;;;;;;;;;;;;;no;no;; ;;;;;;;;;;;;;;;;;;;
KMEDMCOM02-;SUPPLEMENTARY UNIT Interagency Emergency Health Kit 2006;MED;Kit;Medical kits;Module Complementary;Stockable Product;Kit/module;;;Make to Order;Buy;Average Price;;;Medical kits;ITC;Normal;Y;17;431;;;;;;;;;;;;no;no;;30 J(P);;;;;;;;;;;;;;;;;;;
KMEDMCOM21-;(supplementary unit) MEDICINES;MED;Kit;Medical kits;Module Complementary;Stockable Product;Kit/module;;;Make to Order;Buy;Average Price;;;Medical kits;ITC;Normal;Y;;126;;;;;;;;;;;;no;no;;30 J(P);;;;;;;;;;;;;;;;;;;
KMEDMCOM21R;(supplementary unit) REGULATED MEDICINES;MED;Kit;Medical kits;Module Complementary;Stockable Product;Kit/module;;;Make to Order;Buy;Average Price;;;Medical kits;ITC;Normal;Y;;126;;;;;;;;;;;;no;no;;30 J(P);;;;;;;;;;;;;;;;;;;
KMEDMCOM22-;(supplementary unit) INFUSIONS;MED;Kit;Medical kits;Module Complementary;Stockable Product;Kit/module;;;Make to Order;Buy;Average Price;;;Medical kits;ITC;Normal;Y;;186;;;;;;;;;;;;no;no;;30 J(P);;;;;;;;;;;;;;;;;;;
KMEDMCOM23-;(supplementary unit) MEDICAL DEVICES, RENEWABLE;MED;Kit;Medical kits;Module Complementary;Stockable Product;Kit/module;;;Make to Order;Buy;Average Price;;;Medical kits;ITC;Normal;Y;;48;;;;;;;;;;;;no;no;;30 J(P);;;;;;;;;;;;;;;;;;;
KMEDMCOM24-;(supplementary unit) MEDICAL DEVICES, EQUIPMENT;MED;Kit;Medical kits;Module Complementary;Stockable Product;Kit/module;;;Make to Order;Buy;Average Price;;;Medical kits;ITC;Normal;Y;;25;;;;;;;;;;;;no;no;;30 J(P);;;;;;;;;;;;;;;;;;;
KMEDMCOM25M;(supplementary unit) INJ.ANTIMALARIAL ITEMS;MED;Kit;Medical kits;Module Complementary;Stockable Product;Kit/module;;;Make to Order;Buy;Average Price;;;Medical kits;ITC;Normal;Y;32;;;;;;;;;;;;;no;no;;30 J(P);;;;;;;;;;;;;;;;;;;
KMEDMCOM26-;(supplementary unit) GUIDELINES;MED;Kit;Medical kits;Module Complementary;Stockable Product;Kit/module;;;Make to Order;Buy;Average Price;;;Medical kits;ITC;Normal;Y;;25;;;;;;;;;;;;no;no;;30 J(P);;;;;;;;;;;;;;;;;;;
KMEDMCOM27-;(supplementary unit) PATIENT PEP MODULE, 50 treatments;MED;Kit;Medical kits;Module Complementary;Stockable Product;Kit/module;;;Make to Order;Buy;Average Price;;;Medical kits;ITC;Normal;Y;;25;;;;;;;;;;;;no;no;;30 J(P);;;;;;;;;;;;;;;;;;;
KMEDMDIS01-;(module, disaster) DRUGS;MED;Kit;Medical kits;Disaster Module;Stockable Product;Kit/module;;;Make to Order;Buy;Average Price;357;357;Medical kits;ITC;Normal;Y;4;;;;;;;;;;;*;;no;no;;30 J(P);;;;;;;;;;;;;;;;;;;
KMEDMDIS01B;(module, disaster) DRUGS COLD CHAIN;MED;Kit;Medical kits;Disaster Module;Stockable Product;Kit/module;;;Make to Order;Buy;Average Price;;;Medical kits;ITC;Normal;Y;;;;;;;;;;;;*;;no;no;;30 J(P);;;;;;;;;;;;;;;;;;;
KMEDMDIS01C;(module, disaster) REGULATED DRUGS;MED;Kit;Medical kits;Disaster Module;Stockable Product;Kit/module;;;Make to Order;Buy;Average Price;;;Medical kits;ITC;Normal;Y;;;;;;;;;;;;*;;no;no;;30 J(P);;;;;;;;;;;;;;;;;;;
KMEDMDIS01D;(module, disaster) DRUGS RTR;MED;Kit;Medical kits;Disaster Module;Stockable Product;Kit/module;;;Make to Order;Buy;Average Price;;;Medical kits;ITC;Normal;Y;;;;;;;;;;;;;;no;no;X;;;;;;;;;;;;;;;;;;;;
KMEDMDIS02-;(module, disaster) INFUSIONS;MED;Kit;Medical kits;Disaster Module;Stockable Product;Kit/module;;;Make to Order;Buy;Average Price;551;551;Medical kits;ITC;Normal;Y;291;;;;;;;;;;;;;no;no;;30 J(P);;;;;;;;;;;;;;;;;;;
KMEDMDIS03-;(module, disaster) RENEWABLE SUPPLIES;MED;Kit;Medical kits;Disaster Module;Stockable Product;Kit/module;;;Make to Order;Buy;Average Price;178;178;Medical kits;ITC;Normal;Y;144;;;;;;;;;;;;;no;no;;30 J(P);;;;;;;;;;;;;;;;;;;
KMEDMEBO01A;(module VHF isolation) DRUGS;MED;Kit;Medical kits;Ebola module;Stockable Product;Kit/module;;;Make to Order;Buy;Average Price;;;Medical kits;ITC;Normal;Y;;;;;;;;;;;;;;no;no;;38 J(PME);;;;;;;;;;;;;;;;;;;
KMEDMEBO01B;(module VHF isolation) DRUGS COLD CHAIN;MED;Kit;Medical kits;Ebola module;Stockable Product;Kit/module;;;Make to Order;Buy;Average Price;;;Medical kits;ITC;Normal;Y;;;;;;;;;;;;;;no;no;;38 J(PME);;;;;;;;;;;;;;;;;;;
KMEDMEBO01C;(module VHF isolation) REGULATED DRUGS;MED;Kit;Medical kits;Ebola module;Stockable Product;Kit/module;;;Make to Order;Buy;Average Price;;;Medical kits;ITC;Normal;Y;;;;;;;;;;;;;;no;no;;38 J(PME);;;;;;;;;;;;;;;;;;;
KMEDMEBO01D;(module VHF isolation) DRUGS RTR;MED;Kit;Medical kits;Ebola module;Stockable Product;Kit/module;;;Make to Order;Buy;Average Price;;;Medical kits;ITC;Normal;Y;;;;;;;;;;;;;;no;no;;38 J(PME);;;;;;;;;;;;;;;;;;;
KMEDMEBO02-;(module VHF isolation) MEDICAL EQUIPMENT;MED;Kit;Medical kits;Ebola module;Stockable Product;Kit/module;;;Make to Order;Buy;Average Price;;;Medical kits;ITC;Normal;Y;;;;;;;;;;;;;;no;no;;38 J(PME);;;;;;;;;;;;;;;;;;;
KMEDMEBO03-;(module VHF isolation) PROTECTIVE EQUIPMENT;MED;Kit;Medical kits;Ebola module;Stockable Product;Kit/module;;;Make to Order;Buy;Average Price;;;Medical kits;ITC;Normal;Y;;;;;;;;;;;;;;no;no;;38 J(PME);;;;;;;;;;;;;;;;;;;
KMEDMEBO04A;(module VHF isolation) LOGISTIC AND SANITATION;MED;Kit;Medical kits;Ebola module;Stockable Product;Kit/module;;;Make to Order;Buy;Average Price;;;Medical kits;ITC;Normal;Y;;;;;;;;;;;;;;no;no;;38 J(PME);;;;;;;;;;;;;;;;;;;
KMEDMEBO04D;(module VHF isolation) LOGISTIC AND SANITATION, RTR;MED;Kit;Medical kits;Ebola module;Stockable Product;Kit/module;;;Make to Order;Buy;Average Price;;;Medical kits;ITC;Normal;Y;672;165;;;;;;;;;;;;no;no;;38 J(PME);;;;;;;;;;;;;;;;;;;
KMEDMEBO05-;(module ebola) SAMPLING;MED;Kit;Medical kits;Ebola module;Stockable Product;Kit/module;;;Make to Order;Buy;Average Price;;;Medical kits;ITC;Normal;Y;416;;;;;;;;;;;;;no;no;; ;;;;;;;;;;;;;;;;;;;
KMEDMEBO05A;(module VHF) SAMPLING;MED;Kit;Medical kits;Ebola module;Stockable Product;Kit/module;;;Make to Order;Buy;Average Price;;;Medical kits;ITC;Normal;Y;;;;;;;;;;;;;;no;no;;38 J(PME);;;;;;;;;;;;;;;;;;;
KMEDMEBO05D;(module VHF) SAMPLING RTR;MED;Kit;Medical kits;Ebola module;Stockable Product;Kit/module;;;Make to Order;Buy;Average Price;;;Medical kits;ITC;Normal;Y;;4;;;;;;;;;;;;no;no;X;;;;;;;;;;;;;;;;;;;;
KMEDMEBO06-;(module VHF isolation) LIBRARY, FORMS AND STATIONERY;MED;Kit;Medical kits;Ebola module;Stockable Product;Kit/module;;;Make to Order;Buy;Average Price;;;Medical kits;ITC;Normal;Y;64;;;;;;;;;;;;;no;no;;38 J(PME);;;;;;;;;;;;;;;;;;;
KMEDMEBO07-;(module VHF isolation) HEALTH PROMOTION EQUIPMENT;MED;Kit;Medical kits;Ebola module;Stockable Product;Kit/module;;;Make to Order;Buy;Average Price;;;Medical kits;ITC;Normal;Y;64;;;;;;;;;;;;;no;no;;38 J(PME);;;;;;;;;;;;;;;;;;;
KMEDMEBO08-;(module VHF isolation) MEDICAL SUPPLIES;MED;Kit;Medical kits;Ebola module;Stockable Product;Kit/module;;;Make to Order;Buy;Average Price;;;Medical kits;ITC;Normal;Y;;;;;;;;;;;;;;no;no;;38 J(PME);;;;;;;;;;;;;;;;;;;
KMEDMEBO11-;(module VHF) TRAINING MODULE;MED;Kit;Medical kits;Ebola module;Stockable Product;Kit/module;;;Make to Order;Buy;Average Price;;;Medical kits;ITC;Normal;Y;;64;;;;;;;;;;;;no;no;;38 J(PME);;;;;;;;;;;;;;;;;;;
KMEDMEBO12A;(module VHF) MODULE SUPPORT 1 HOSPITAL + 10 PHC;MED;Kit;Medical kits;Ebola module;Stockable Product;Kit/module;;;Make to Order;Buy;Average Price;;;Medical kits;ITC;Normal;Y;;;;;;;;;;;;;;no;no;;38 J(PME);;;;;;;;;;;;;;;;;;;
KMEDMEBO12D;(module VHF) MODULE SUPPORT HOSPITAL+PHC RTR;MED;Kit;Medical kits;Ebola module;Stockable Product;Kit/module;;;Make to Order;Buy;Average Price;;;Medical kits;ITC;Normal;Y;12;;;;;;;;;;;;;no;no;X;;;;;;;;;;;;;;;;;;;;
KMEDMEBO13A;(module VHF) MODULE ENVIRONMENTAL HEALTH;MED;Kit;Medical kits;Ebola module;Stockable Product;Kit/module;;;Make to Order;Buy;Average Price;;;Medical kits;ITC;Normal;Y;;;;;;;;;;;;;;no;no;;38 J(PME);;;;;;;;;;;;;;;;;;;
KMEDMEBO13D;(module VHF) MODULE ENVIRONMENTAL HEALTH RTR;MED;Kit;Medical kits;Ebola module;Stockable Product;Kit/module;;;Make to Order;Buy;Average Price;;;Medical kits;ITC;Normal;Y;72;;;;;;;;;;;;;no;no;;38 J(PME);;;;;;;;;;;;;;;;;;;
KMEDMEBO17A;(module VHF) SAMPLING AND SMALL ISOLATION;MED;Kit;Medical kits;Ebola module;Stockable Product;Kit/module;;;Make to Order;Buy;Average Price;;;Medical kits;ITC;Normal;Y;;;;;;;;;;;;;;no;no;;38 J(PME);;;;;;;;;;;;;;;;;;;
KMEDMEBO17D;(module VHF) SAMPLING & SMALL ISOLATION, RTR;MED;Kit;Medical kits;Ebola module;Stockable Product;Kit/module;;;Make to Order;Buy;Average Price;;;Medical kits;ITC;Normal;Y;;;;;;;;;;;;;;no;no;;38 J(PME);;;;;;;;;;;;;;;;;;;
KMEDMEBO3--;(module ebola) PROTECTION MATERIAL;MED;Kit;Medical kits;Ebola module;Stockable Product;Kit/module;;;Make to Order;Buy;Average Price;;;Medical kits;ITC;Normal;Y;;;;;;;;;;;;;;no;no;; ;;;;;;;;;;;;;;;;;;;
KMEDMEBO7--;(module ebola) ASSESSMENT AND SAMPLING;MED;Kit;Medical kits;Ebola module;Stockable Product;Kit/module;;;Make to Order;Buy;Average Price;;;Medical kits;ITC;Normal;Y;;64;;;;;;;;;;;;no;no;; ;;;;;;;;;;;;;;;;;;;
KMEDMFAI31-;(module, first aid) DRUGS;MED;Kit;Medical kits;First Aid Drugs Module;Stockable Product;Kit/module;;;Make to Order;Buy;Average Price;;;Medical kits;ITC;Normal;Y;2;3;;;;;;;;;;*;;no;no;;;;;;;;;;;;;;;;;;;;;
KMEDMFAI31C;(module, first aid) REGULATED DRUGS;MED;Kit;Medical kits;First Aid Drugs Module;Stockable Product;Kit/module;;;Make to Order;Buy;Average Price;;;Medical kits;ITC;Normal;Y;2;3;;;;;;;;;;*;;no;no;;;;;;;;;;;;;;;;;;;;;
KMEDMFAI32-;(module, first aid) RENEWABLE MEDICAL SUPPLIES;MED;Kit;Medical kits;First Aid Drugs Module;Stockable Product;Kit/module;;;Make to Order;Buy;Average Price;;;Medical kits;ITC;Normal;Y;2;2;;;;;;;;;;;;no;no;; ;;;;;;;;;;;;;;;;;;;
KMEDMFAI33-;(module, first aid) MEDICAL EQUIPMENT;MED;Kit;Medical kits;First Aid Drugs Module;Stockable Product;Kit/module;;;Make to Order;Buy;Average Price;;;Medical kits;ITC;Normal;Y;;;;;;;;;;;;;;no;no;; ;;;;;;;;;;;;;;;;;;;
KMEDMFAI33R;(module, first aid) MEDICAL EQUIPMENT with ruck sack;MED;Kit;Medical kits;First Aid Drugs Module;Stockable Product;Kit/module;;;Make to Order;Buy;Average Price;;;Medical kits;ITC;Normal;Y;;;;;;;;;;;;;;no;no;; ;;;;;;;;;;;;;;;;;;;
KMEDMFAI34-;(module, first aid) VARIOUS LOGISTICS;MED;Kit;Medical kits;First Aid Drugs Module;Stockable Product;Kit/module;;;Make to Order;Buy;Average Price;;;Medical kits;ITC;Normal;Y;;;;;;;;;;;;;;no;no;; ;;;;;;;;;;;;;;;;;;;
KMEDMIMM30-;(module immunization, 10 000 vacc.) REFRIGERATION;MED;Kit;Medical kits;Module Immunization;Stockable Product;Kit/module;;;Make to Order;Buy;Average Price;;;Medical kits;ITC;Normal;Y;2322;;;;;;;;;;;;;no;no;;30 J(P);;;;;;;;;;;;;;;;;;;
KMEDMIMM301;(module refrigeration) REFRIGERATOR MONITORING;MED;Kit;Medical kits;Module Immunization;Stockable Product;Kit/module;;;Make to Order;Buy;Average Price;;;Medical kits;ITC;Normal;Y;;;;;;;;;;;;;;no;no;; ;;;;;;;;;;;;;;;;;;;
KMEDMIMM31-;(module immunization, 10 000 vacc.) PASSIVE COLD CHAIN TPT;MED;Kit;Medical kits;Module Immunization;Stockable Product;Kit/module;;;Make to Order;Buy;Average Price;3192;3192;Medical kits;ITC;Normal;Y;;;;;;;;;;;;;;no;no;;30 J(P);;;;;;;;;;;;;;;;;;;
KMEDMIMM33-;(module immunization, 10 000 vacc.) LOGISTIC EQUIPMENT;MED;Kit;Medical kits;Module Immunization;Stockable Product;Kit/module;;;Make to Order;Buy;Average Price;;;Medical kits;ITC;Normal;Y;796;;;;;;;;;;;;;no;no;;30 J(P);;;;;;;;;;;;;;;;;;;
KMEDMIMM34-;(module immunization 10 000 vacc.) RENEW. MEDICAL SUPPLIES;MED;Kit;Medical kits;Module Immunization;Stockable Product;Kit/module;;;Make to Order;Buy;Average Price;;;Medical kits;ITC;Normal;Y;;114;;;;;;;;;;;;no;no;;30 J(P);;;;;;;;;;;;;;;;;;;
KMEDMIMM35-;(module immunization, 10 000 vacc.) MEDICAL EQUIPMENT;MED;Kit;Medical kits;Module Immunization;Stockable Product;Kit/module;;;Make to Order;Buy;Average Price;;;Medical kits;ITC;Normal;Y;64;;;;;;;;;;;;;no;no;;30 J(P);;;;;;;;;;;;;;;;;;;
KMEDMLAB103;(laboratory module) TUBERCULOSIS, REAGENTS, 1000 tests;MED;Kit;Medical kits;Laboratory Module;Stockable Product;Kit/module;;;Make to Order;Buy;Average Price;;;Medical kits;ITC;Normal;Y;;;;;;;;;;;;;;no;no;Y;30 J(P);;;;;;;;;;;;;;;;;;;
KMEDMLAB104;(laboratory module) MALARIA, REAGENTS, 1000 tests;MED;Kit;Medical kits;Laboratory Module;Stockable Product;Kit/module;;;Make to Order;Buy;Average Price;;;Medical kits;ITC;Normal;Y;;5;;;;;;;;;;;;no;no;X;;;;;;;;;;;;;;;;;;;;
KMEDMLAB110E;(laboratory module) DOCUMENTATION english;MED;Kit;Medical kits;Laboratory Module;Stockable Product;Kit/module;;;Make to Order;Buy;Average Price;;;Medical kits;ITC;Normal;Y;;;;;;;;;;;;;;no;no;; ;;;;;;;;;;;;;;;;;;;
KMEDMLAB110F;(laboratory module) DOCUMENTATION french;MED;Kit;Medical kits;Laboratory Module;Stockable Product;Kit/module;;;Make to Order;Buy;Average Price;;;Medical kits;ITC;Normal;Y;;;;;;;;;;;;;;no;no;; ;;;;;;;;;;;;;;;;;;;
KMEDMLAB110S;(laboratory module) DOCUMENTATION spanish;MED;Kit;Medical kits;Laboratory Module;Stockable Product;Kit/module;;;Make to Order;Buy;Average Price;;;Medical kits;ITC;Normal;Y;;;;;;;;;;;;;;no;no;; ;;;;;;;;;;;;;;;;;;;
KMEDMLAB112;(laboratory module) MICROSCOPE (Olympus CX21), complete;MED;Kit;Medical kits;Laboratory Module;Stockable Product;Kit/module;;;Make to Order;Buy;Average Price;;;Medical kits;ITC;Normal;Y;64;;;;;;;;;;;;;no;no;; ;;;;;;;;;;;;;;;;;;;
KMEDMLAB113;(laboratory module) TUBERCULOSIS EQUIPMENT, 1000 tests;MED;Kit;Medical kits;Laboratory Module;Stockable Product;Kit/module;;;Make to Order;Buy;Average Price;;;Medical kits;ITC;Normal;Y;144;26;;;;;;;;;;;;no;no;;30 J(P);;;;;;;;;;;;;;;;;;;
KMEDMLAB114;(laboratory module) MALARIA EQUIPMENT;MED;Kit;Medical kits;Laboratory Module;Stockable Product;Kit/module;;;Make to Order;Buy;Average Price;;;Medical kits;ITC;Normal;Y;96;;;;;;;;;;;;;no;no;; ;;;;;;;;;;;;;;;;;;;
KMEDMLAB115;(laboratory module) BACTERIOL, HAEMATOL, STOOLS, URINE REAG.;MED;Kit;Medical kits;Laboratory Module;Stockable Product;Kit/module;;;Make to Order;Buy;Average Price;;;Medical kits;ITC;Normal;Y;;;;;;;;;;;;;;no;no;; ;;;;;;;;;;;;;;;;;;;
KMEDMLAB116;(laboratory module) BACTERIOL, HAEMATOL, STOOLS, URINE EQUIP;MED;Kit;Medical kits;Laboratory Module;Stockable Product;Kit/module;;;Make to Order;Buy;Average Price;;;Medical kits;ITC;Normal;Y;144;;;;;;;;;;;;;no;no;; ;;;;;;;;;;;;;;;;;;;
KMEDMLAB118;(laboratory module) MENINGITIS, lumbar puncture, 25 tests;MED;Kit;Medical kits;Laboratory Module;Stockable Product;Kit/module;;;Make to Order;Buy;Average Price;;;Medical kits;ITC;Normal;Y;64;;;;;;;;;;;;;no;no;; ;;;;;;;;;;;;;;;;;;;
KMEDMLAB119;(laboratory module) MENINGITIS, test + accessories, 25 tests;MED;Kit;Medical kits;Laboratory Module;Stockable Product;Kit/module;;;Make to Order;Buy;Average Price;;;Medical kits;ITC;Normal;Y;;;;;;;;;;;;;;no;no;; ;;;;;;;;;;;;;;;;;;;
KMEDMLAB120;(laboratory module) TRANSPORT MEDIUM FOR CSF;MED;Kit;Medical kits;Laboratory Module;Stockable Product;Kit/module;;;Make to Order;Buy;Average Price;;;Medical kits;ITC;Normal;Y;;;;;;;;;;;;*;;no;no;;;;;;;;;;;;;;;;;;;;;
KMEDMMSU01-;(module, medical-surgical) DRUGS;MED;Kit;Medical kits;Medical-Surgical Module;Stockable Product;Kit/module;;;Make to Order;Buy;Average Price;;;Medical kits;ITC;Normal;Y;;;;;;;;;;;;*;;no;no;;37 J(PM);;;;;;;;;;;;;;;;;;;
KMEDMMSU01B;(module, medical-surgical) DRUGS COLD CHAIN;MED;Kit;Medical kits;Medical-Surgical Module;Stockable Product;Kit/module;;;Make to Order;Buy;Average Price;;;Medical kits;ITC;Normal;Y;;;;;;;;;;;;*;;no;no;;37 J(PM);;;;;;;;;;;;;;;;;;;
KMEDMMSU01C;(module, medical-surgical) REGULATED DRUGS;MED;Kit;Medical kits;Medical-Surgical Module;Stockable Product;Kit/module;;;Make to Order;Buy;Average Price;;;Medical kits;ITC;Normal;Y;151;58;;;;;;;;;;*;;no;no;;37 J(PM);;;;;;;;;;;;;;;;;;;
KMEDMMSU02-;(module, medical-surgical) INFUSIONS & ORS;MED;Kit;Medical kits;Medical-Surgical Module;Stockable Product;Kit/module;;;Make to Order;Buy;Average Price;;;Medical kits;ITC;Normal;Y;24;;;;;;;;;;;;;no;no;;37 J(PM);;;;;;;;;;;;;;;;;;;
KMEDMMSU03-;(module, medical-surgical) RENEWABLE SUPPLIES;MED;Kit;Medical kits;Medical-Surgical Module;Stockable Product;Kit/module;;;Make to Order;Buy;Average Price;;;Medical kits;ITC;Normal;Y;;;;;;;;;;;;;;no;no;;37 J(PM);;;;;;;;;;;;;;;;;;;
KMEDMMSU04-;(module, medical-surgical) EQUIPMENT;MED;Kit;Medical kits;Medical-Surgical Module;Stockable Product;Kit/module;;;Make to Order;Buy;Average Price;;;Medical kits;ITC;Normal;Y;64;;;;;;;;;;;;;no;no;;37 J(PM);;;;;;;;;;;;;;;;;;;
KMEDMNUTI11;(module nut. inpatient) REGISTRATION;MED;Kit;Medical kits;Nutrition Module;Stockable Product;Kit/module;;;Make to Order;Buy;Average Price;;;Medical kits;ITC;Normal;Y;;;;;;;;;;;;;;no;no;;30 J(P);;;;;;;;;;;;;;;;;;;
KMEDMNUTI12;(module nut. inpatient) EQUIPMENT;MED;Kit;Medical kits;Nutrition Module;Stockable Product;Kit/module;;;Make to Order;Buy;Average Price;;;Medical kits;ITC;Normal;Y;;;;;;;;;;;;;;no;no;;30 J(P);;;;;;;;;;;;;;;;;;;
KMEDMNUTI13;(module nut. inpatient) MEDICAL SUPPLIES;MED;Kit;Medical kits;Nutrition Module;Stockable Product;Kit/module;;;Make to Order;Buy;Average Price;;;Medical kits;ITC;Normal;Y;;;;;;;;;;;;;;no;no;;30 J(P);;;;;;;;;;;;;;;;;;;
KMEDMNUTI14;(module nut. inpatient) MEDICAL DEVICES;MED;Kit;Medical kits;Nutrition Module;Stockable Product;Kit/module;;;Make to Order;Buy;Average Price;;;Medical kits;ITC;Normal;Y;;;;;;;;;;;;;;no;no;;30 J(P);;;;;;;;;;;;;;;;;;;
KMEDMNUTO11;(module nut. outpatient) REGISTRATION;MED;Kit;Medical kits;Nutrition Module;Stockable Product;Kit/module;;;Make to Order;Buy;Average Price;;;Medical kits;ITC;Normal;Y;;95;;;;;;;;;;;;no;no;;30 J(P);;;;;;;;;;;;;;;;;;;
KMEDMNUTO12;(module nut. outpatient) EQUIPMENT;MED;Kit;Medical kits;Nutrition Module;Stockable Product;Kit/module;;;Make to Order;Buy;Average Price;;;Medical kits;ITC;Normal;Y;;95;;;;;;;;;;;;no;no;;30 J(P);;;;;;;;;;;;;;;;;;;
KMEDMNUTO13;(module nut. outpatient) MEDICAL SUPPLIES;MED;Kit;Medical kits;Nutrition Module;Stockable Product;Kit/module;;;Make to Order;Buy;Average Price;;;Medical kits;ITC;Normal;Y;;95;;;;;;;;;;;;no;no;;30 J(P);;;;;;;;;;;;;;;;;;;
KMEDMSUR01-;(module, surgical, 300 op.) DRUGS;MED;Kit;Medical kits;Surgical Module;Stockable Product;Kit/module;;;Make to Order;Buy;Average Price;;;Medical kits;ITC;Normal;Y;;;;;;;;;;;;;;no;no;;37 J(PM);;;;;;;;;;;;;;;;;;;
KMEDMSUR01B;(module, surgical, 300 op.) DRUGS COLD CHAIN;MED;Kit;Medical kits;Surgical Module;Stockable Product;Kit/module;;;Make to Order;Buy;Average Price;;;Medical kits;ITC;Normal;Y;;;;;;;;;;;;*;;no;no;;37 J(PM);;;;;;;;;;;;;;;;;;;
KMEDMSUR01C;(module, surgical, 300 op.) REGULATED DRUGS;MED;Kit;Medical kits;Surgical Module;Stockable Product;Kit/module;;;Make to Order;Buy;Average Price;;;Medical kits;ITC;Normal;Y;133;438;;;;;;;;;;;;no;no;;37 J(PM);;;;;;;;;;;;;;;;;;;
KMEDMSUR01M;(module, surgical, 300 op.) ANTIMALARIAL DRUGS;MED;Kit;Medical kits;Surgical Module;Stockable Product;Kit/module;;;Make to Order;Buy;Average Price;4364;4364;Medical kits;ITC;Normal;Y;;;;;;;;;;;;;;no;no;;37 J(PM);;;;;;;;;;;;;;;;;;;
KMEDMSUR02-;(module, surgical, 300 op.) INFUSIONS;MED;Kit;Medical kits;Surgical Module;Stockable Product;Kit/module;;;Make to Order;Buy;Average Price;;;Medical kits;ITC;Normal;Y;;;;;;;;;;;;;;no;no;;30 J(P);;;;;;;;;;;;;;;;;;;
KMEDMSUR03-;(module, surgical, 300 op.) RENEWABLE SUPPLIES;MED;Kit;Medical kits;Surgical Module;Stockable Product;Kit/module;;;Make to Order;Buy;Average Price;;;Medical kits;ITC;Normal;Y;393;;;;;;;;;;;;;no;no;;30 J(P);;;;;;;;;;;;;;;;;;;
KMEDMSUR04-;(module, surgical, 300 op.) DRESSINGS, SURGICAL;MED;Kit;Medical kits;Surgical Module;Stockable Product;Kit/module;;;Make to Order;Buy;Average Price;;;Medical kits;ITC;Normal;Y;2219;;;;;;;;;;;;;no;no;;30 J(P);;;;;;;;;;;;;;;;;;;
KMEDMSUR05-;(module, surgical, 300 op.) INJECTION SUPPLIES;MED;Kit;Medical kits;Surgical Module;Stockable Product;Kit/module;;;Make to Order;Buy;Average Price;;;Medical kits;ITC;Normal;Y;1762;;;;;;;;;;;;;no;no;;30 J(P);;;;;;;;;;;;;;;;;;;
KMEDMSUR07-;(module, surgical, 300 op.) CATHETERS AND DRAINS;MED;Kit;Medical kits;Surgical Module;Stockable Product;Kit/module;;;Make to Order;Buy;Average Price;4867;4867;Medical kits;ITC;Normal;Y;384;;;;;;;;;;;;;no;no;;30 J(P);;;;;;;;;;;;;;;;;;;
KMEDMSUR08-;(module, surgical, 300 op.) SUTURES;MED;Kit;Medical kits;Surgical Module;Stockable Product;Kit/module;;;Make to Order;Buy;Average Price;;;Medical kits;ITC;Normal;Y;144;;;;;;;;;;;;;no;no;;30 J(P);;;;;;;;;;;;;;;;;;;
KMEDMSUR09-;(module, surgical, 300 op.) MEDICAL EQUIPMENT;MED;Kit;Medical kits;Surgical Module;Stockable Product;Kit/module;;;Make to Order;Buy;Average Price;;;Medical kits;ITC;Normal;Y;;;;;;;;;;;;;;no;no;;30 J(P);;;;;;;;;;;;;;;;;;;
KMEDMSUR10-;(module, surgical, 300 op.) LINEN AND STERILIZATION;MED;Kit;Medical kits;Surgical Module;Stockable Product;Kit/module;;;Make to Order;Buy;Average Price;;;Medical kits;ITC;Normal;Y;41;;;;;;;;;;;;;no;no;;30 J(P);;;;;;;;;;;;;;;;;;;
KMEDMSUR11-;(module, surgical, 300 op.) SURGICAL INSTRUMENTS;MED;Kit;Medical kits;Surgical Module;Stockable Product;Kit/module;;;Make to Order;Buy;Average Price;;;Medical kits;ITC;Normal;Y;144;27;;;;;;;;;;;;no;no;;38 J(PME);;;;;;;;;;;;;;;;;;;
KMEDMSUR31-;(module, surgical, 25 op.) DRUGS;MED;Kit;Medical kits;Surgical Module;Stockable Product;Kit/module;;;Make to Order;Buy;Average Price;;;Medical kits;ITC;Normal;Y;347;;;;;;;;;;;;;no;no;;37 J(PM);;;;;;;;;;;;;;;;;;;
KMEDMSUR31B;(module, surgical, 25 op.) DRUGS COLD CHAIN;MED;Kit;Medical kits;Surgical Module;Stockable Product;Kit/module;;;Make to Order;Buy;Average Price;;;Medical kits;ITC;Normal;Y;33;6;;;;;;;;;;*;;no;no;;37 J(PM);;;;;;;;;;;;;;;;;;;
KMEDMSUR31C;(module, surgical, 25 op.) REGULATED DRUGS;MED;Kit;Medical kits;Surgical Module;Stockable Product;Kit/module;;;Make to Order;Buy;Average Price;;;Medical kits;ITC;Normal;Y;35;;;;;;;;;;;;;no;no;;37 J(PM);;;;;;;;;;;;;;;;;;;
KMEDMSUR31M;(module, surgical, 25 op.) ANTIMALARIAL DRUGS;MED;Kit;Medical kits;Surgical Module;Stockable Product;Kit/module;;;Make to Order;Buy;Average Price;;;Medical kits;ITC;Normal;Y;64;;;;;;;;;;;;;no;no;;37 J(PM);;;;;;;;;;;;;;;;;;;
KMEDMSUR32-;(module, surgical, 25 op.) INFUSIONS;MED;Kit;Medical kits;Surgical Module;Stockable Product;Kit/module;;;Make to Order;Buy;Average Price;;;Medical kits;ITC;Normal;Y;288;;;;;;;;;;;;;no;no;;30 J(P);;;;;;;;;;;;;;;;;;;
KMEDMSUR33-;(module, surgical, 25 op.) RENEWABLE SUPPLIES;MED;Kit;Medical kits;Surgical Module;Stockable Product;Kit/module;;;Make to Order;Buy;Average Price;;;Medical kits;ITC;Normal;Y;64;;;;;;;;;;;;;no;no;;30 J(P);;;;;;;;;;;;;;;;;;;
KMEDMSUR34-;(module, surgical, 25 op.) DRESSING;MED;Kit;Medical kits;Surgical Module;Stockable Product;Kit/module;;;Make to Order;Buy;Average Price;;;Medical kits;ITC;Normal;Y;;;;;;;;;;;;;;no;no;;30 J(P);;;;;;;;;;;;;;;;;;;
KMEDMSUR35-;(module, surgical, 25 op.) INJECTION SUPPLIES;MED;Kit;Medical kits;Surgical Module;Stockable Product;Kit/module;;;Make to Order;Buy;Average Price;;;Medical kits;ITC;Normal;Y;288;;;;;;;;;;;;;no;no;;30 J(P);;;;;;;;;;;;;;;;;;;
KMEDMSUR36-;(module, surgical, 25 op.) LINEN AND STERILIZATION;MED;Kit;Medical kits;Surgical Module;Stockable Product;Kit/module;;;Make to Order;Buy;Average Price;;;Medical kits;ITC;Normal;Y;144;;;;;;;;;;;;;no;no;;30 J(P);;;;;;;;;;;;;;;;;;;
KMEDMSUR37-;(module, surgical, 25 op.) CATHETERS AND DRAINS;MED;Kit;Medical kits;Surgical Module;Stockable Product;Kit/module;;;Make to Order;Buy;Average Price;;;Medical kits;ITC;Normal;Y;144;;;;;;;;;;;;;no;no;;30 J(P);;;;;;;;;;;;;;;;;;;
KMEDMSUR38-;(module, surgical, 25 op.) SUTURES;MED;Kit;Medical kits;Surgical Module;Stockable Product;Kit/module;;;Make to Order;Buy;Average Price;;;Medical kits;ITC;Normal;Y;32;;;;;;;;;;;;;no;no;;30 J(P);;;;;;;;;;;;;;;;;;;
KMEDMSUR39-;(module, surgical, 25 op.) EQUIPMENT;MED;Kit;Medical kits;Surgical Module;Stockable Product;Kit/module;;;Make to Order;Buy;Average Price;;;Medical kits;ITC;Normal;Y;145;;;;;;;;;;;;;no;no;;30 J(P);;;;;;;;;;;;;;;;;;;
KPROKGEN10P;KIT, GENERATOR, PETROL, 1 KVA, 800 W, 220 V, for std A;LOG;Kit;Programme support kits;Kit Generator;Stockable Product;Kit/module;;;Make to Order;Buy;Average Price;;;Programme support kits;ITC;Normal;Y;;;;;;;;;;;;;;no;no;; ;;;;;;;;;;;;;;;;;;;
KPROKGEN19P;KIT, GENERATOR, PETROL, 1.9 KVA, 1500 W, 220 V;LOG;Kit;Programme support kits;Kit Generator;Stockable Product;Kit/module;;;Make to Order;Buy;Average Price;;;Programme support kits;ITC;Normal;Y;;;;;;;;;;;;;;no;no;; ;;;;;;;;;;;;;;;;;;;
KPROKGEN37D;KIT, GENERATOR, DIESEL (Robin), 220 V, 3000 W, 3.7 kVA;LOG;Kit;Programme support kits;Kit Generator;Stockable Product;Kit/module;;;Make to Order;Buy;Average Price;;;Programme support kits;ITC;Normal;Y;78;13;;;;;;;;;;;;no;no;; ;;;;;;;;;;;;;;;;;;;
KPROKGEN45D;KIT, GENERATOR, DIESEL, 4.5 KVA, 3600 W, 220 V, Lomb15LD;LOG;Kit;Programme support kits;Kit Generator;Stockable Product;Kit/module;;;Make to Order;Buy;Average Price;;;Programme support kits;ITC;Normal;Y;;;;;;;;;;;;;;no;no;; ;;;;;;;;;;;;;;;;;;;
KPROKGEN50D;KIT, GENERATOR, DIESEL (Robin), 220 V, 4000 W, 5 KVA;LOG;Kit;Programme support kits;Kit Generator;Stockable Product;Kit/module;;;Make to Order;Buy;Average Price;;;Programme support kits;ITC;Normal;Y;56;144;;;;;;;;;;;;no;no;; ;;;;;;;;;;;;;;;;;;;
KPROKGEND3-;KIT, GENERATOR, DIESEL, 230 V, 50Hz, 3-4 kVA;LOG;Kit;Programme support kits;Kit Generator;Stockable Product;Kit/module;;;Make to Order;Buy;Average Price;;;Programme support kits;ITC;Normal;Y;;18;;;;;;;;;;;;no;no;X;;;;;;;;;;;;;;;;;;;;
KPROKGEND5-;KIT, GENERATOR, DIESEL, 230 V, 50Hz, 5 KVA;LOG;Kit;Programme support kits;Kit Generator;Stockable Product;Kit/module;;;Make to Order;Buy;Average Price;;;Programme support kits;ITC;Normal;Y;;22;;;;;;;;;;;;no;no;; ;;;;;;;;;;;;;;;;;;;
KPROKGEND5S;KIT, GENERATOR, DIESEL, 230 V, 50Hz, 5-6 kVA, silenced;LOG;Kit;Programme support kits;Kit Generator;Stockable Product;Kit/module;;;Make to Order;Buy;Average Price;;;Programme support kits;ITC;Normal;Y;;;;;;;;;;;;;;no;no;X;;;;;;;;;;;;;;;;;;;;
KPROKGEND7S;KIT, GENERATOR, DIESEL, 7-8 kVA, 230 V, 50Hz, silenced;LOG;Kit;Programme support kits;Kit Generator;Stockable Product;Kit/module;;;Make to Order;Buy;Average Price;;;Programme support kits;ITC;Normal;Y;;;;;;;;;;;;;;no;no;X;;;;;;;;;;;;;;;;;;;;
KPROKGENP06;KIT, GENERATOR/LIGHTING, PETROL, 230 V, 800 VA;LOG;Kit;Programme support kits;Kit Generator;Stockable Product;Kit/module;;;Make to Order;Buy;Average Price;;;Programme support kits;ITC;Normal;Y;;;;;;;;;;;;;;no;no;X;;;;;;;;;;;;;;;;;;;;
KPROKTOO01-;KIT TOOLS, small project (1 or 2 vehicles);LOG;Kit;Programme support kits;Kit Tools;Stockable Product;Kit/module;;;Make to Order;Buy;Average Price;;;Programme support kits;ITC;Normal;Y;;;;;;;;;;;;;;no;no;; ;;;;;;;;;;;;;;;;;;;
KPROKTOO02-;KIT, TOOLS, large project (+ 3 vehicles);LOG;Kit;Programme support kits;Kit Tools;Stockable Product;Kit/module;;;Make to Order;Buy;Average Price;;;Programme support kits;ITC;Normal;Y;122;;;;;;;;;;;;;no;no;; ;;;;;;;;;;;;;;;;;;;
KPROKTOO1--;KIT, TOOLS, basic;LOG;Kit;Programme support kits;Kit Tools;Stockable Product;Kit/module;;;Make to Order;Buy;Average Price;;;Programme support kits;ITC;Normal;Y;;;;;;;;;;;;;;no;no;; ;;;;;;;;;;;;;;;;;;;
KPROKTOO2--;KIT, TOOLS, general / maintenance;LOG;Kit;Programme support kits;Kit Tools;Stockable Product;Kit/module;;;Make to Order;Buy;Average Price;;;Programme support kits;ITC;Normal;Y;418;;;;;;;;;;;;;no;no;; ;;;;;;;;;;;;;;;;;;;
KPROKTOO21-;KIT, TOOLS, consumables;LOG;Kit;Programme support kits;Kit Tools;Stockable Product;Kit/module;;;Make to Order;Buy;Average Price;;;Programme support kits;ITC;Normal;Y;;;;;;;;;;;;;;no;no;; ;;;;;;;;;;;;;;;;;;;
KPROKTOO22-;KIT, TOOLS, additional;LOG;Kit;Programme support kits;Kit Tools;Stockable Product;Kit/module;;;Make to Order;Buy;Average Price;;;Programme support kits;ITC;Normal;Y;;;;;;;;;;;;;;no;no;; ;;;;;;;;;;;;;;;;;;;
KPROKTOO23-;KIT, TOOLS, truck;LOG;Kit;Programme support kits;Kit Tools;Stockable Product;Kit/module;;;Make to Order;Buy;Average Price;;;Programme support kits;ITC;Normal;Y;;;;;;;;;;;;;;no;no;; ;;;;;;;;;;;;;;;;;;;
KPROKTOO3--;KIT, TOOLS, workshop infrastructure;LOG;Kit;Programme support kits;Kit Tools;Stockable Product;Kit/module;;;Make to Order;Buy;Average Price;;;Programme support kits;ITC;Normal;Y;;;;;;;;;;;;;;no;no;; ;;;;;;;;;;;;;;;;;;;
KPROKTOO31-;KIT, TOOLS, compressor 100 litres;LOG;Kit;Programme support kits;Kit Tools;Stockable Product;Kit/module;;;Make to Order;Buy;Average Price;;;Programme support kits;ITC;Normal;Y;;;;;;;;;;;;;;no;no;; ;;;;;;;;;;;;;;;;;;;
KPROKTOO32-;KIT, TOOLS, arc welding unit;LOG;Kit;Programme support kits;Kit Tools;Stockable Product;Kit/module;;;Make to Order;Buy;Average Price;;;Programme support kits;ITC;Normal;Y;;;;;;;;;;;;;;no;no;; ;;;;;;;;;;;;;;;;;;;
KPROKTOO4--;KIT, TOOLS, carpentry;LOG;Kit;Programme support kits;Kit Tools;Stockable Product;Kit/module;;;Make to Order;Buy;Average Price;;;Programme support kits;ITC;Normal;Y;68;;;;;;;;;;;;;no;no;; ;;;;;;;;;;;;;;;;;;;
KTRAKMOD1CO;KIT, MODIFICATION/EXTREME COLD EQUIPMENT, for HZJ;LOG;Kit;Transport kits;Kit Modification;Stockable Product;Kit/module;;;Make to Order;Buy;Average Price;;;Transport kits;ITC;Normal;Y;;;;;;;;;;;;;;no;no;; ;;;;;;;;;;;;;;;;;;;
KTRAKMOD7HT;KIT, MSF STANDARD MODIFICATION, for PZJ/HZJ hard top;LOG;Kit;Transport kits;Kit Modification;Stockable Product;Kit/module;;;Make to Order;Buy;Average Price;;;Transport kits;ITC;Normal;Y;398;8;;;;;;;;;;;;no;no;; ;;;;;;;;;;;;;;;;;;;
KTRAKMOD7PU;KIT, MSF STANDARD MODIFICATION, for PZJ/HZJ pick-up;LOG;Kit;Transport kits;Kit Modification;Stockable Product;Kit/module;;;Make to Order;Buy;Average Price;;;Transport kits;ITC;Normal;Y;377;82;;;;;;;;;;;;no;no;; ;;;;;;;;;;;;;;;;;;;
KTRAKMODHT2;KIT, MSF STANDARD MODIFICATION, for HZJ78 hard top, series 2;LOG;Kit;Transport kits;Kit Modification;Stockable Product;Kit/module;;;Make to Order;Buy;Average Price;;;Transport kits;ITC;Normal;Y;398;8;;;;;;;;;;;;no;no;; ;;;;;;;;;;;;;;;;;;;
KTRAKMODPU2;KIT, MSF STANDARD MODIFICATION, for HZJ79 pick-up, series 2;LOG;Kit;Transport kits;Kit Modification;Stockable Product;Kit/module;;;Make to Order;Buy;Average Price;;;Transport kits;ITC;Normal;Y;377;82;;;;;;;;;;;;no;no;; ;;;;;;;;;;;;;;;;;;;
KTRAMMAI25-;MODULE, MAINTENANCE, for outboard engine Yamaha 25 HP;LOG;Kit;Transport kits;Module Maintenance;Stockable Product;Kit/module;;;Make to Order;Buy;Average Price;;;Transport kits;ITC;Normal;Y;;1;;;;;;;;;;;;no;no;; ;;;;;;;;;;;;;;;;;;;
KTRAMMAI40-;MODULE, MAINTENANCE, for outboard engine Yamaha 40 HP;LOG;Kit;Transport kits;Module Maintenance;Stockable Product;Kit/module;;;Make to Order;Buy;Average Price;;;Transport kits;ITC;Normal;Y;;;;;;;;;;;;;;no;no;; ;;;;;;;;;;;;;;;;;;;
KTRAMMAI7--;MODULE, MAINTENANCE, 10 services, for HZJ78-79;LOG;Kit;Transport kits;Module Maintenance;Stockable Product;Kit/module;;;Make to Order;Buy;Average Price;;;Transport kits;ITC;Normal;Y;228;;;;;;;;;;;;;no;no;; ;;;;;;;;;;;;;;;;;;;
KTRAMMAI72-;MODULE, MAINTENANCE, 10 services, for HZJ78-79;LOG;Kit;Transport kits;Module Maintenance;Stockable Product;Kit/module;;;Make to Order;Buy;Average Price;;;Transport kits;ITC;Normal;Y;;;;;;;;;;;;;;no;no;; ;;;;;;;;;;;;;;;;;;;
KTRAMMAIA2A;MODULE, MAINTENANCE, 10 services, for Hiace 2WD/5L;LOG;Kit;Transport kits;Module Maintenance;Stockable Product;Kit/module;;;Make to Order;Buy;Average Price;;;Transport kits;ITC;Normal;Y;228;;;;;;;;;;;;;no;no;; ;;;;;;;;;;;;;;;;;;;
KTRAMMAIL2A;MODULE, MAINTENANCE, 10 services, for Hilux 2WD/5L;LOG;Kit;Transport kits;Module Maintenance;Stockable Product;Kit/module;;;Make to Order;Buy;Average Price;;;Transport kits;ITC;Normal;Y;;;;;;;;;;;;;;no;no;; ;;;;;;;;;;;;;;;;;;;
KTRAMMAIL2T;MODULE, MAINTENANCE, 10 services, for Hilux 2WD/D4D;LOG;Kit;Transport kits;Module Maintenance;Stockable Product;Kit/module;;;Make to Order;Buy;Average Price;;;Transport kits;ITC;Normal;Y;228;;;;;;;;;;;;;no;no;; ;;;;;;;;;;;;;;;;;;;
KTRAMMAIL4T;MODULE, MAINTENANCE, 10 services, for Hilux 4WD/D4D;LOG;Kit;Transport kits;Module Maintenance;Stockable Product;Kit/module;;;Make to Order;Buy;Average Price;;;Transport kits;ITC;Normal;Y;228;;;;;;;;;;;;;no;no;; ;;;;;;;;;;;;;;;;;;;
KTRAMMAIM59;MODULE, MAINTENANCE, 10 services, for Peugeot Partner M59;LOG;Kit;Transport kits;Module Maintenance;Stockable Product;Kit/module;;;Make to Order;Buy;Average Price;;;Transport kits;ITC;Normal;Y;;;;;;;;;;;;;;no;no;; ;;;;;;;;;;;;;;;;;;;
KWATKPUD024;KIT, MOTOR PUMP DIESEL 24 m3/h max. 30 m max. 2';LOG;Kit;Water and sanitation kits;Kit Motor Pump, Diesel;Stockable Product;Kit/module;;;Make to Order;Buy;Average Price;;;Water and sanitation kits;ITC;Normal;Y;;;;;;;;;;;;;;no;no;; ;;;;;;;;;;;;;;;;;;;
KWATKPUD040;KIT, MOTOR PUMP, DIESEL (40 m3/h) 2';LOG;Kit;Water and sanitation kits;Kit Motor Pump, Diesel;Stockable Product;Kit/module;;;Make to Order;Buy;Average Price;;;Water and sanitation kits;ITC;Normal;Y;;;;;;;;;;;;;;no;no;;38 J(PME);;;;;;;;;;;;;;;;;;;
KWATKPUD060;KIT, MOTOR PUMP, DIESEL, 60 m³/h max, 27 m max, 3';LOG;Kit;Water and sanitation kits;Kit Motor Pump, Diesel;Stockable Product;Kit/module;;;Make to Order;Buy;Average Price;;;Water and sanitation kits;ITC;Normal;Y;966;134;;;;;;;;;;;;no;no;X;;;;;;;;;;;;;;;;;;;;
KWATKPUD062;KIT, MOTOR PUMP, DIESEL, 62 m³/h max, 28 m max, 3';LOG;Kit;Water and sanitation kits;Kit Motor Pump, Diesel;Stockable Product;Kit/module;;;Make to Order;Buy;Average Price;;;Water and sanitation kits;ITC;Normal;Y;1116;;;;;;;;;;;;;no;no;; ;;;;;;;;;;;;;;;;;;;
KWATKPUD100;KIT PUMP DIESEL Oxfam Osprey 422, 100m3/h max. 31 m max. 4';LOG;Kit;Water and sanitation kits;Kit Motor Pump, Diesel;Stockable Product;Kit/module;;;Make to Order;Buy;Average Price;;;Water and sanitation kits;ITC;Normal;Y;;;;;;;;;;;;;;no;no;; ;;;;;;;;;;;;;;;;;;;
KWATKPUD130;KIT, MOTOR PUMP, DIESEL, 130 m³/h max, 42 m max;LOG;Kit;Water and sanitation kits;Kit Motor Pump, Diesel;Stockable Product;Kit/module;;;Make to Order;Buy;Average Price;;;Water and sanitation kits;ITC;Normal;Y;578;;;;;;;;;;;;;no;no;; ;;;;;;;;;;;;;;;;;;;
KWATKPUD18H;KIT, MOTOR PUMP, DIESEL, 18 m³/h max, 70 m max;LOG;Kit;Water and sanitation kits;Kit Motor Pump, Diesel;Stockable Product;Kit/module;;;Make to Order;Buy;Average Price;;;Water and sanitation kits;ITC;Normal;Y;624;126;;;;;;;;;;;;no;no;X;;;;;;;;;;;;;;;;;;;;
KWATKPUDP48;KIT, MOTOR PUMP, DIESEL, 48 m³/h max, 150 m max;LOG;Kit;Water and sanitation kits;Kit Motor Pump, Diesel;Stockable Product;Kit/module;;;Make to Order;Buy;Average Price;;;Water and sanitation kits;ITC;Normal;Y;236;492;;;;;;;;;;;;no;no;; ;;;;;;;;;;;;;;;;;;;
KWATKPUDP56;KIT MOTOR PUMP DIESEL, Atlanta, high head 56 m3 at 65 m;LOG;Kit;Water and sanitation kits;Kit Motor Pump, Diesel;Stockable Product;Kit/module;;;Make to Order;Buy;Average Price;;;Water and sanitation kits;ITC;Normal;Y;;;;;;;;;;;;;;no;no;; ;;;;;;;;;;;;;;;;;;;
KWATKPUE04S;KIT, SURFACE PUMP, ELECTRICAL, 4.5 m³/h max, 48 m max, 1';LOG;Kit;Water and sanitation kits;kit electric pump;Stockable Product;Kit/module;;;Make to Order;Buy;Average Price;;;Water and sanitation kits;ITC;Normal;Y;;;;;;;;;;;;;;no;no;; ;;;;;;;;;;;;;;;;;;;
KWATKPUES03;KIT, SUBMERSIBLE PUMP, ELECTRIC, 3 m³/h at 115 m, 1¼ ';LOG;Kit;Water and sanitation kits;kit electric pump;Stockable Product;Kit/module;;;Make to Order;Buy;Average Price;;;Water and sanitation kits;ITC;Normal;Y;;;;;;;;;;;;;;no;no;;18 J(A);;;;;;;;;;;;;;;;;;;
KWATKPUES07;KIT, SUBMERSIBLE PUMP, ELECTRICAL, 7 m³/h at 40 m, 1½';LOG;Kit;Water and sanitation kits;kit electric pump;Stockable Product;Kit/module;;;Make to Order;Buy;Average Price;;;Water and sanitation kits;ITC;Normal;Y;;;;;;;;;;;;;;no;no;;18 J(A);;;;;;;;;;;;;;;;;;;
KWATKPUES20;KIT, DEWATERING PUMP, ELECTRICAL, 20 m³/h max, 14 m max;LOG;Kit;Water and sanitation kits;kit electric pump;Stockable Product;Kit/module;;;Make to Order;Buy;Average Price;;;Water and sanitation kits;ITC;Normal;Y;336;65;;;;;;;;;;;;no;no;; ;;;;;;;;;;;;;;;;;;;
KWATKTAN02-;KIT, WATER TANK, 2 m³, flexible, connectors 2'';LOG;Kit;Water and sanitation kits;Kit Tank;Stockable Product;Kit/module;;;Make to Order;Buy;Average Price;;;Water and sanitation kits;ITC;Normal;Y;;;;;;;;;;;;;;no;no;; ;;;;;;;;;;;;;;;;;;;
KWATKTAN15-;KIT, WATER TANK, 15 m³, flexible, connectors 2';LOG;Kit;Water and sanitation kits;Kit Tank;Stockable Product;Kit/module;;;Make to Order;Buy;Average Price;;;Water and sanitation kits;ITC;Normal;Y;;;;;;;;;;;;;;no;no;; ;;;;;;;;;;;;;;;;;;;
KWATKTAN30-;KIT, WATER TANK, 30 m3, storage/sedimentation, conn. 2' & 3';LOG;Kit;Water and sanitation kits;Kit Tank;Stockable Product;Kit/module;;;Make to Order;Buy;Average Price;;;Water and sanitation kits;ITC;Normal;Y;128;388;;;;;;;;;;;;no;no;; ;;;;;;;;;;;;;;;;;;;
KWATKTAN30O;KIT, WATER TANK, 30 m³, onion-shaped, storage/treatment;LOG;Kit;Water and sanitation kits;Kit Tank;Stockable Product;Kit/module;;;Make to Order;Buy;Average Price;;;Water and sanitation kits;ITC;Normal;Y;1869;;;;;;;;;;;;;no;no;; ;;;;;;;;;;;;;;;;;;;
KWATKTAN32M;KIT, WATER TANK, 32 m³, mesh structure, storage/sedim.;LOG;Kit;Water and sanitation kits;Kit Tank;Stockable Product;Kit/module;;;Make to Order;Buy;Average Price;;;Water and sanitation kits;ITC;Normal;Y;;336;;;;;;;;;;;;no;no;; ;;;;;;;;;;;;;;;;;;;
KWATKTANO11;KIT, WATER TANK (Oxfam), 10.5 m³, storage/sedim., 3', 1.5m Ø;LOG;Kit;Water and sanitation kits;Kit Tank;Stockable Product;Kit/module;;;Make to Order;Buy;Average Price;1919;1919;Water and sanitation kits;ITC;Normal;Y;;;;;;;;;;;;;;no;no;; ;;;;;;;;;;;;;;;;;;;
KWATKTANO45;KIT, WATER TANK (Oxfam), 45 m³, storage/sedim., 3', 7 m Ø;LOG;Kit;Water and sanitation kits;Kit Tank;Stockable Product;Kit/module;;;Make to Order;Buy;Average Price;;;Water and sanitation kits;ITC;Normal;Y;;564;;;;;;;;;;;;no;no;; ;;;;;;;;;;;;;;;;;;;
KWATKTANO70;KIT, WATER TANK (Oxfam), 70 m³, storage/sedim., 3', 7 m Ø;LOG;Kit;Water and sanitation kits;Kit Tank;Stockable Product;Kit/module;;;Make to Order;Buy;Average Price;;;Water and sanitation kits;ITC;Normal;Y;2811;763;;;;;;;;;;;;no;no;; ;;;;;;;;;;;;;;;;;;;
KWATKTANO90;KIT, WATER TANK (Oxfam), 90 m³, storage/sedim., 3', 7 m Ø;LOG;Kit;Water and sanitation kits;Kit Tank;Stockable Product;Kit/module;;;Make to Order;Buy;Average Price;;;Water and sanitation kits;ITC;Normal;Y;;768;;;;;;;;;;;;no;no;; ;;;;;;;;;;;;;;;;;;;
KWATKTANS30;KIT, WATER TANK, storage/sedimentation, 30 m³, conn. 2' & 3';LOG;Kit;Water and sanitation kits;Kit Tank;Stockable Product;Kit/module;;;Make to Order;Buy;Average Price;;;Water and sanitation kits;ITC;Normal;Y;;;;;;;;;;;;;;no;no;; ;;;;;;;;;;;;;;;;;;;
KWATKTANT01;KIT, WATER TANK, transport, 0.85 m³, flexible, conn. 2';LOG;Kit;Water and sanitation kits;Kit Tank;Stockable Product;Kit/module;;;Make to Order;Buy;Average Price;;;Water and sanitation kits;ITC;Normal;Y;;;;;;;;;;;;;;no;no;; ;;;;;;;;;;;;;;;;;;;
KWATKTANT05;KIT, WATER TANK, transport, 5 m³, flexible, conn. 2';LOG;Kit;Water and sanitation kits;Kit Tank;Stockable Product;Kit/module;;;Make to Order;Buy;Average Price;;;Water and sanitation kits;ITC;Normal;Y;;;;;;;;;;;;;;no;no;; ;;;;;;;;;;;;;;;;;;;
L001DICB01F;Dictionnaire des termes de médecine;LOG;Library;MEDICINE GENERAL INFORMATION;Dictionnary, Medical terms, Book;Stockable Product;Single;;;Make to Order;Buy;Average Price;;;MEDICINE GENERAL INFORMATION;ITC;Normal;Y;;;;;;;;;;;;;;no;no;; ;;;;;;;;;;;;;;;;;;;
L001DICB02E;Stedman's medical dictionary;LOG;Library;MEDICINE GENERAL INFORMATION;Dictionnary, Medical terms, Book;Stockable Product;Single;;;Make to Order;Buy;Average Price;;;MEDICINE GENERAL INFORMATION;ITC;Normal;Y;;;;;;;;;;;;;;no;no;; ;;;;;;;;;;;;;;;;;;;
L001DICB03EF;Dictionary of medical terms english/french;LOG;Library;MEDICINE GENERAL INFORMATION;Dictionnary, Medical terms, Book;Stockable Product;Single;;;Make to Order;Buy;Average Price;;;MEDICINE GENERAL INFORMATION;ITC;Normal;Y;;;;;;;;;;;;;;no;no;; ;;;;;;;;;;;;;;;;;;;
L002MEDB04E;The Merck manual;LOG;Library;INTERNAL MEDICINE;Medical, Book;Stockable Product;Single;;;Make to Order;Buy;Average Price;;;INTERNAL MEDICINE;ITC;Normal;Y;;;;;;;;;;;;;;no;no;; ;;;;;;;;;;;;;;;;;;;
L003DENB01S;Dengue hemorragico;LOG;Library;VIRAL INFECTIOUS DISEASES;Dengue, Book;Stockable Product;Single;;;Make to Order;Buy;Average Price;;;VIRAL INFECTIOUS DISEASES;ITC;Normal;Y;;;;;;;;;;;;;;no;no;; ;;;;;;;;;;;;;;;;;;;
L003MEAG02E;Measle Epidemics;LOG;Library;VIRAL INFECTIOUS DISEASES;Measle, Guide;Stockable Product;Single;;;Make to Order;Buy;Average Price;;;VIRAL INFECTIOUS DISEASES;ITC;Normal;Y;;;;;;;;;;;;;;no;no;; ;;;;;;;;;;;;;;;;;;;
PCOLBOXC01E;VACCINE CARRIER, 0.6 l, Electrolux RCW2 + 2 icepacks 0.3 l;LOG;Programm Support;Cold chain;Box, Cold Box, Ice Box;Stockable Product;Single;;;Make to Order;Buy;Average Price;;;Cold chain;ITC;Normal;Y;;;;;;;;;;;;;;no;no;; ;;;;;;;;;;;;;;;;;;;
PCOLBOXC08E;COLD BOX, 8.5 l (Electrolux RCW 12/CF) + 14 icepacks 0.6 l;LOG;Programm Support;Cold chain;Box, Cold Box, Ice Box;Stockable Product;Single;;;Make to Order;Buy;Average Price;;;Cold chain;ITC;Normal;Y;;;;;;;;;;;;;;no;no;; ;;;;;;;;;;;;;;;;;;;
PCOLBOXC08G;(cold box Electrolux RCW12/CF) GASKET for lid;LOG;Programm Support;Cold chain;Box, Cold Box, Ice Box;Stockable Product;Single;;;Make to Order;Buy;Average Price;;;Cold chain;ITC;Normal;Y;;;;;;;;;;;;;;no;no;; ;;;;;;;;;;;;;;;;;;;
PCOLBOXC22E;COLD BOX, 20.7 l (Electrolux RCW 25/CF) + 24 icepacks 0.6 l;LOG;Programm Support;Cold chain;Box, Cold Box, Ice Box;Stockable Product;Single;;;Make to Order;Buy;Average Price;;;Cold chain;ITC;Normal;Y;;;;;;;;;;;;;;no;no;; ;;;;;;;;;;;;;;;;;;;
PCOLBOXC22G;(cold box Electrolux RCW25/CF) GASKET for lid;LOG;Programm Support;Cold chain;Box, Cold Box, Ice Box;Stockable Product;Single;;;Make to Order;Buy;Average Price;;;Cold chain;ITC;Normal;Y;;;;;;;;;;;;;;no;no;; ;;;;;;;;;;;;;;;;;;;
PCOLBURN08-;BURNER, complete Kosmos 8 , for RCW42 EK;LOG;Programm Support;Cold chain;Burner;Stockable Product;Single;;;Make to Order;Buy;Average Price;;;Cold chain;ITC;Normal;Y;;;;;;;;;;;;;;no;no;; ;;;;;;;;;;;;;;;;;;;
PCOLBURN08C;(burner Kosmos 8) CYLINDER, metal, substitute for GLASS;LOG;Programm Support;Cold chain;Burner;Stockable Product;Single;;;Make to Order;Buy;Average Price;;;Cold chain;ITC;Normal;Y;;;;;;;;;;;;;;no;no;; ;;;;;;;;;;;;;;;;;;;
PCOLBURN08G;(burner Kosmos 8) GLASS, spare;LOG;Programm Support;Cold chain;Burner;Stockable Product;Single;;;Make to Order;Buy;Average Price;;;Cold chain;ITC;Normal;Y;;;;;;;;;;;;;;no;no;; ;;;;;;;;;;;;;;;;;;;
PCOLBURN08I;(burner Kosmos 8) metal INSERT, glass/flue;LOG;Programm Support;Cold chain;Burner;Stockable Product;Single;;;Make to Order;Buy;Average Price;;;Cold chain;ITC;Normal;Y;;;;;;;;;;;;;;no;no;; ;;;;;;;;;;;;;;;;;;;
PCOLBURN08P;(burner, Kosmos 8) SPRING;LOG;Programm Support;Cold chain;Burner;Stockable Product;Single;;;Make to Order;Buy;Average Price;;;Cold chain;ITC;Normal;Y;;;;;;;;;;;;;;no;no;; ;;;;;;;;;;;;;;;;;;;
PCOLBURN08W;(burner Kosmos 8) WICK, COTTON;LOG;Programm Support;Cold chain;Burner;Stockable Product;Single;;;Make to Order;Buy;Average Price;;;Cold chain;ITC;Normal;Y;;;;;;;;;;;;;;no;no;; ;;;;;;;;;;;;;;;;;;;
PCOLBURN10-;BURNER, complete Kosmos 10;LOG;Programm Support;Cold chain;Burner;Stockable Product;Single;;;Make to Order;Buy;Average Price;;;Cold chain;ITC;Normal;Y;;;;;;;;;;;;;;no;no;; ;;;;;;;;;;;;;;;;;;;
PCOLBURN10G;(burner Kosmos 10) GLASS, spare;LOG;Programm Support;Cold chain;Burner;Stockable Product;Single;;;Make to Order;Buy;Average Price;;;Cold chain;ITC;Normal;Y;;;;;;;;;;;;;;no;no;; ;;;;;;;;;;;;;;;;;;;
PCOLBURN10I;(burner Kosmos 10) metal INSERT, glass/flue;LOG;Programm Support;Cold chain;Burner;Stockable Product;Single;;;Make to Order;Buy;Average Price;;;Cold chain;ITC;Normal;Y;;;;;;;;;;;;;;no;no;; ;;;;;;;;;;;;;;;;;;;
PCOLBURN10W;(burner Kosmos 10)  WICK, COTTON;LOG;Programm Support;Cold chain;Burner;Stockable Product;Single;;;Make to Order;Buy;Average Price;;;Cold chain;ITC;Normal;Y;;;;;;;;;;;;;;no;no;; ;;;;;;;;;;;;;;;;;;;
PCOLBURN23A;(burner Aladdin 23) GALLERY;LOG;Programm Support;Cold chain;Burner;Stockable Product;Single;;;Make to Order;Buy;Average Price;;;Cold chain;ITC;Normal;Y;;;;;;;;;;;;;;no;no;; ;;;;;;;;;;;;;;;;;;;
PCOLBURN32-;BURNER, complete, Aladdin 32, for SIBIR V240KE;LOG;Programm Support;Cold chain;Burner;Stockable Product;Single;;;Make to Order;Buy;Average Price;;;Cold chain;ITC;Normal;Y;;;;;;;;;;;;;;no;no;; ;;;;;;;;;;;;;;;;;;;
PCOLBURN32A;(burner Aladdin 32) GALLERY;LOG;Programm Support;Cold chain;Burner;Stockable Product;Single;;;Make to Order;Buy;Average Price;;;Cold chain;ITC;Normal;Y;;;;;;;;;;;;;;no;no;; ;;;;;;;;;;;;;;;;;;;
PCOLBURN32G;(burner Aladdin 32) GLASS, spare;LOG;Programm Support;Cold chain;Burner;Stockable Product;Single;;;Make to Order;Buy;Average Price;;;Cold chain;ITC;Normal;Y;;;;;;;;;;;;;;no;no;; ;;;;;;;;;;;;;;;;;;;
PCOLBURN32L;(burner Aladdin 32) WICK CLEANER;LOG;Programm Support;Cold chain;Burner;Stockable Product;Single;;;Make to Order;Buy;Average Price;;;Cold chain;ITC;Normal;Y;;;;;;;;;;;;;;no;no;; ;;;;;;;;;;;;;;;;;;;
PCOLBURN32S;(burner Aladdin 32) FLAME SPREADER;LOG;Programm Support;Cold chain;Burner;Stockable Product;Single;;;Make to Order;Buy;Average Price;;;Cold chain;ITC;Normal;Y;;;;;;;;;;;;;;no;no;; ;;;;;;;;;;;;;;;;;;;
PCOLBURN32U;(burner Aladdin 32) WICK TUBE;LOG;Programm Support;Cold chain;Burner;Stockable Product;Single;;;Make to Order;Buy;Average Price;;;Cold chain;ITC;Normal;Y;;;;;;;;;;;;;;no;no;; ;;;;;;;;;;;;;;;;;;;
PCOLBURN32W;(burner Aladdin 32) WICK, cotton;LOG;Programm Support;Cold chain;Burner;Stockable Product;Single;;;Make to Order;Buy;Average Price;;;Cold chain;ITC;Normal;Y;;;;;;;;;;;;;;no;no;; ;;;;;;;;;;;;;;;;;;;
PCOLCONT1CF;MONITOR CARD, cold chain, French;LOG;Programm Support;Cold chain;Control;Stockable Product;Single;;;Make to Order;Buy;Average Price;;;Cold chain;ITC;Normal;Y;;;;;;;;;;;;;;no;no;; ;;;;;;;;;;;;;;;;;;;
PCOLCONT1CR;MONITOR CARD, cold chain, Russian;LOG;Programm Support;Cold chain;Control;Stockable Product;Single;;;Make to Order;Buy;Average Price;;;Cold chain;ITC;Normal;Y;;;;;;;;;;;;;;no;no;; ;;;;;;;;;;;;;;;;;;;
PCOLCONT1CS;MONITOR CARD, cold chain, Spanish;LOG;Programm Support;Cold chain;Control;Stockable Product;Single;;;Make to Order;Buy;Average Price;;;Cold chain;ITC;Normal;Y;;;;;;;;;;;;;;no;no;; ;;;;;;;;;;;;;;;;;;;
PCOLCONT2R-;MONITOR CARD, refrigerator (Stop!Watch®);LOG;Programm Support;Cold chain;Control;Stockable Product;Single;;;Make to Order;Buy;Average Price;;;Cold chain;ITC;Normal;Y;;;;;;;;;;;;;;no;no;; ;;;;;;;;;;;;;;;;;;;
PCOLCONT3FR;CONTROL, FREEZE watch INDICATOR, reversible;LOG;Programm Support;Cold chain;Control;Stockable Product;Single;;;Make to Order;Buy;Average Price;;;Cold chain;ITC;Normal;Y;;;;;;;;;;;;;;no;no;; ;;;;;;;;;;;;;;;;;;;
PCOLCONT3FT;FREEZING INDICATOR, electronic (Freeze-tag®);LOG;Programm Support;Cold chain;Control;Stockable Product;Single;;;Make to Order;Buy;Average Price;;;Cold chain;ITC;Normal;Y;;;;;;;;;;;;;;no;no;; ;;;;;;;;;;;;;;;;;;;
PCOLCONT4CT;CARD, temperature monitor, twice-daily;LOG;Programm Support;Cold chain;Control;Stockable Product;Single;;;Make to Order;Buy;Average Price;;;Cold chain;ITC;Normal;Y;;;;;;;;;;;;;;no;no;; ;;;;;;;;;;;;;;;;;;;
PCOLFREE1E-;FREEZER, 111 litres (Vestfrost MF 114), 230 V;LOG;Programm Support;Cold chain;Freezer;Stockable Product;Single;;;Make to Order;Buy;Average Price;;;Cold chain;ITC;Normal;Y;;64;;;;;;;;;;;;no;no;; ;;;;;;;;;;;;;;;;;;;
PCOLFREE1EB;(freezer Vestfrost MF 114) BASKET, for icepacks;LOG;Programm Support;Cold chain;Freezer;Stockable Product;Single;;;Make to Order;Buy;Average Price;;;Cold chain;ITC;Normal;Y;;;;;;;;;;;;;;no;no;; ;;;;;;;;;;;;;;;;;;;
PCOLFREE1ED;FREEZER, 128 l net, Vestfrost SB140 , 220 V., domestic;LOG;Programm Support;Cold chain;Freezer;Stockable Product;Single;;;Make to Order;Buy;Average Price;;;Cold chain;ITC;Normal;Y;;;;;;;;;;;;;;no;no;; ;;;;;;;;;;;;;;;;;;;
PCOLFREE1EE;(freezer Vestfrost SB140) THERMOMETER, external;LOG;Programm Support;Cold chain;Freezer;Stockable Product;Single;;;Make to Order;Buy;Average Price;;;Cold chain;ITC;Normal;Y;;;;;;;;;;;;;;no;no;; ;;;;;;;;;;;;;;;;;;;
PCOLFREE1EG;(freezer Vestfrost MF 114) GASKET for lid;LOG;Programm Support;Cold chain;Freezer;Stockable Product;Single;;;Make to Order;Buy;Average Price;;;Cold chain;ITC;Normal;Y;;;;;;;;;;;;;;no;no;; ;;;;;;;;;;;;;;;;;;;
PCOLFREE1EL;(freezer Vestfrost MF 114) RELAY compr. Danfoss FR8.5G;LOG;Programm Support;Cold chain;Freezer;Stockable Product;Single;;;Make to Order;Buy;Average Price;;;Cold chain;ITC;Normal;Y;;;;;;;;;;;;;;no;no;; ;;;;;;;;;;;;;;;;;;;
PCOLFREE1EP;(Vestfrost SB140 freezer) ICE-PACK BASKET;LOG;Programm Support;Cold chain;Freezer;Stockable Product;Single;;;Make to Order;Buy;Average Price;;;Cold chain;ITC;Normal;Y;;;;;;;;;;;;;;no;no;; ;;;;;;;;;;;;;;;;;;;
PCOLFREE2E-;FREEZER, 213 litres (Vestfrost MF 214), 230 V;LOG;Programm Support;Cold chain;Freezer;Stockable Product;Single;;;Make to Order;Buy;Average Price;;;Cold chain;ITC;Normal;Y;;84;;;;;;;;;;;;no;no;; ;;;;;;;;;;;;;;;;;;;
PCOLFREE2EB;(freezer Vestfrost MF 214) BASKET, for icepacks;LOG;Programm Support;Cold chain;Freezer;Stockable Product;Single;;;Make to Order;Buy;Average Price;;;Cold chain;ITC;Normal;Y;;;;;;;;;;;;;;no;no;; ;;;;;;;;;;;;;;;;;;;
PCOLFREE2EG;(freezer Vestfrost MF 214) GASKET for lid;LOG;Programm Support;Cold chain;Freezer;Stockable Product;Single;;;Make to Order;Buy;Average Price;;;Cold chain;ITC;Normal;Y;;;;;;;;;;;;;;no;no;; ;;;;;;;;;;;;;;;;;;;
PCOLFREE2EL;(freezer Vestfrost MF 214) RELAY compr. Danfoss FR8.5G;LOG;Programm Support;Cold chain;Freezer;Stockable Product;Single;;;Make to Order;Buy;Average Price;;;Cold chain;ITC;Normal;Y;;;;;;;;;;;;;;no;no;; ;;;;;;;;;;;;;;;;;;;
PCOLFREE2ET;(freezer Vestfrost SB & MF models) THERMOSTAT;LOG;Programm Support;Cold chain;Freezer;Stockable Product;Single;;;Make to Order;Buy;Average Price;;;Cold chain;ITC;Normal;Y;;;;;;;;;;;;;;no;no;; ;;;;;;;;;;;;;;;;;;;
PCOLFREE3E-;FREEZER, 323 litres (Vestfrost MF 314), 230 V;LOG;Programm Support;Cold chain;Freezer;Stockable Product;Single;;;Make to Order;Buy;Average Price;;;Cold chain;ITC;Normal;Y;;116;;;;;;;;;;;;no;no;; ;;;;;;;;;;;;;;;;;;;
PCOLFREE3EB;(freezer Vestfrost MF 314) BASKET, for icepacks;LOG;Programm Support;Cold chain;Freezer;Stockable Product;Single;;;Make to Order;Buy;Average Price;;;Cold chain;ITC;Normal;Y;;;;;;;;;;;;;;no;no;; ;;;;;;;;;;;;;;;;;;;
PCOLFREE3EG;(freezer Vestfrost MF 314) GASKET for lid;LOG;Programm Support;Cold chain;Freezer;Stockable Product;Single;;;Make to Order;Buy;Average Price;;;Cold chain;ITC;Normal;Y;;;;;;;;;;;;;;no;no;; ;;;;;;;;;;;;;;;;;;;
PCOLFREE3EL;(freezer Vestfrost MF 314) RELAY compr. Danfoss FR10G;LOG;Programm Support;Cold chain;Freezer;Stockable Product;Single;;;Make to Order;Buy;Average Price;;;Cold chain;ITC;Normal;Y;;;;;;;;;;;;;;no;no;; ;;;;;;;;;;;;;;;;;;;
PCOLFREE5E-;FREEZER, 500 l, Liebherr, 220 V.;LOG;Programm Support;Cold chain;Freezer;Stockable Product;Single;;;Make to Order;Buy;Average Price;;;Cold chain;ITC;Normal;Y;;;;;;;;;;;;;;no;no;; ;;;;;;;;;;;;;;;;;;;
PCOLFREE6G-;FREEZER, 155 l, Electrolux RC65G , gas;LOG;Programm Support;Cold chain;Freezer;Stockable Product;Single;;;Make to Order;Buy;Average Price;;;Cold chain;ITC;Normal;Y;;;;;;;;;;;;;;no;no;;38 J(PME);;;;;;;;;;;;;;;;;;;
PCOLFREE6K-;FREEZER, 155 l, Electrolux RC65K , kerosene;LOG;Programm Support;Cold chain;Freezer;Stockable Product;Single;;;Make to Order;Buy;Average Price;;;Cold chain;ITC;Normal;Y;;;;;;;;;;;;;;no;no;;38 J(PME);;;;;;;;;;;;;;;;;;;
PCOLFRID1EB;(refrigerators Vestfrost MK models) BASKET, bottom;LOG;Programm Support;Cold chain;Refrigerator;Stockable Product;Single;;;Make to Order;Buy;Average Price;;;Cold chain;ITC;Normal;Y;;;;;;;;;;;;;;no;no;; ;;;;;;;;;;;;;;;;;;;
PCOLFRID1EC;(refrigerators Vestfrost MK models) BASKET, top, 400x220x270;LOG;Programm Support;Cold chain;Refrigerator;Stockable Product;Single;;;Make to Order;Buy;Average Price;;;Cold chain;ITC;Normal;Y;;;;;;;;;;;;;;no;no;; ;;;;;;;;;;;;;;;;;;;
PCOLFRID1ED;(refrigerator Vestfrost MK 144) RELAY compr. Danfoss TLG5;LOG;Programm Support;Cold chain;Refrigerator;Stockable Product;Single;;;Make to Order;Buy;Average Price;;;Cold chain;ITC;Normal;Y;;;;;;;;;;;;;;no;no;; ;;;;;;;;;;;;;;;;;;;
PCOLFRID1EE;(refriger. Vestfrost MK142/202/302) THERMOMETER, external;LOG;Programm Support;Cold chain;Refrigerator;Stockable Product;Single;;;Make to Order;Buy;Average Price;;;Cold chain;ITC;Normal;Y;;;;;;;;;;;;;;no;no;; ;;;;;;;;;;;;;;;;;;;
PCOLFRID1EG;(refrigerator Vestfrost MK 144) GASKET for lid;LOG;Programm Support;Cold chain;Refrigerator;Stockable Product;Single;;;Make to Order;Buy;Average Price;;;Cold chain;ITC;Normal;Y;27;;;;;;;;;;;;;no;no;; ;;;;;;;;;;;;;;;;;;;
PCOLFRID1EL;(refriger. Vestfrost MK142/202) RELAY compres. Danfos TFS4AT;LOG;Programm Support;Cold chain;Refrigerator;Stockable Product;Single;;;Make to Order;Buy;Average Price;;;Cold chain;ITC;Normal;Y;;;;;;;;;;;;;;no;no;; ;;;;;;;;;;;;;;;;;;;
PCOLFRID1ER;(refriger. Vestfrost MK142/202/302) vaccine TRAY;LOG;Programm Support;Cold chain;Refrigerator;Stockable Product;Single;;;Make to Order;Buy;Average Price;;;Cold chain;ITC;Normal;Y;;;;;;;;;;;;;;no;no;; ;;;;;;;;;;;;;;;;;;;
PCOLFRID2ED;(refrigerator Vestfrost MK 204) RELAY compr. Danfoss FR6G;LOG;Programm Support;Cold chain;Refrigerator;Stockable Product;Single;;;Make to Order;Buy;Average Price;;;Cold chain;ITC;Normal;Y;;;;;;;;;;;;;;no;no;; ;;;;;;;;;;;;;;;;;;;
PCOLFRID2EG;(refrigerator Vestfrost MK 204) GASKET for lid;LOG;Programm Support;Cold chain;Refrigerator;Stockable Product;Single;;;Make to Order;Buy;Average Price;;;Cold chain;ITC;Normal;Y;;;;;;;;;;;;;;no;no;; ;;;;;;;;;;;;;;;;;;;
PCOLFRID3E-;REFRIGERATOR, 204 litres (Vestfrost MK 304), 230 V;LOG;Programm Support;Cold chain;Refrigerator;Stockable Product;Single;;;Make to Order;Buy;Average Price;;;Cold chain;ITC;Normal;Y;;;;;;;;;;;;;;no;no;; ;;;;;;;;;;;;;;;;;;;
PCOLFRID3ED;(refrigerator Vestfrost MK 304) RELAY compr. Danfoss FR8.5G;LOG;Programm Support;Cold chain;Refrigerator;Stockable Product;Single;;;Make to Order;Buy;Average Price;;;Cold chain;ITC;Normal;Y;;;;;;;;;;;;;;no;no;; ;;;;;;;;;;;;;;;;;;;
PCOLFRID3EG;(refrigerator Vestfrost MK 304) GASKET for lid;LOG;Programm Support;Cold chain;Refrigerator;Stockable Product;Single;;;Make to Order;Buy;Average Price;;;Cold chain;ITC;Normal;Y;;;;;;;;;;;;;;no;no;; ;;;;;;;;;;;;;;;;;;;
PCOLFRID3EL;(refriger. Vestfrost MK302) RELAY compres. Danfos TFS5AT;LOG;Programm Support;Cold chain;Refrigerator;Stockable Product;Single;;;Make to Order;Buy;Average Price;;;Cold chain;ITC;Normal;Y;;;;;;;;;;;;;;no;no;; ;;;;;;;;;;;;;;;;;;;
PCOLFRID4GE;REFRIGERATOR 24 l net, Electrolux RCW42 EG, 12, 220 V./gas;LOG;Programm Support;Cold chain;Refrigerator;Stockable Product;Single;;;Make to Order;Buy;Average Price;;;Cold chain;ITC;Normal;Y;;;;;;;;;;;;;;no;no;; ;;;;;;;;;;;;;;;;;;;
PCOLFRID4GF;(refriger. Electrolux RCW42 EG) jet FAILURE DEVICE;LOG;Programm Support;Cold chain;Refrigerator;Stockable Product;Single;;;Make to Order;Buy;Average Price;;;Cold chain;ITC;Normal;Y;;;;;;;;;;;;;;no;no;; ;;;;;;;;;;;;;;;;;;;
PCOLFRID4GH;(refriger. Electrolux RCW42 EG/EK) HEATER, 220 V. 85 W.;LOG;Programm Support;Cold chain;Refrigerator;Stockable Product;Single;;;Make to Order;Buy;Average Price;;;Cold chain;ITC;Normal;Y;;;;;;;;;;;;;;no;no;; ;;;;;;;;;;;;;;;;;;;
PCOLFRID4GJ;(refriger. Electrolux RCW42 EG) gas JET, 30 mbar;LOG;Programm Support;Cold chain;Refrigerator;Stockable Product;Single;;;Make to Order;Buy;Average Price;;;Cold chain;ITC;Normal;Y;;;;;;;;;;;;;;no;no;; ;;;;;;;;;;;;;;;;;;;
PCOLFRID4GM;(refriger. Electrolux RCW42 EG/EK) MODIFICATION set;LOG;Programm Support;Cold chain;Refrigerator;Stockable Product;Single;;;Make to Order;Buy;Average Price;;;Cold chain;ITC;Normal;Y;;;;;;;;;;;;;;no;no;; ;;;;;;;;;;;;;;;;;;;
PCOLFRID4GO;(refriger. Electrolux RCW42 EG) THERMOCOUPLE;LOG;Programm Support;Cold chain;Refrigerator;Stockable Product;Single;;;Make to Order;Buy;Average Price;;;Cold chain;ITC;Normal;Y;;;;;;;;;;;;;;no;no;; ;;;;;;;;;;;;;;;;;;;
PCOLFRID4GT;(refriger. Electrolux RCW42 EG/EK) THERMOSTAT;LOG;Programm Support;Cold chain;Refrigerator;Stockable Product;Single;;;Make to Order;Buy;Average Price;;;Cold chain;ITC;Normal;Y;;;;;;;;;;;;;;no;no;; ;;;;;;;;;;;;;;;;;;;
PCOLFRID4KE;REFRIGER. 24 l net, Electrolux RCW42 EK, 12, 220 V./kerosene;LOG;Programm Support;Cold chain;Refrigerator;Stockable Product;Single;;;Make to Order;Buy;Average Price;;;Cold chain;ITC;Normal;Y;27;42;;;;;;;;;;;;no;no;; ;;;;;;;;;;;;;;;;;;;
PCOLFRID4KF;(refriger. Electrolux RCW42 EK) BRUSH, flue;LOG;Programm Support;Cold chain;Refrigerator;Stockable Product;Single;;;Make to Order;Buy;Average Price;;;Cold chain;ITC;Normal;Y;;;;;;;;;;;;;;no;no;; ;;;;;;;;;;;;;;;;;;;
PCOLFRID4KT;(refriger. Electrolux RCW42 EK) TANK, kerosene;LOG;Programm Support;Cold chain;Refrigerator;Stockable Product;Single;;;Make to Order;Buy;Average Price;;;Cold chain;ITC;Normal;Y;;;;;;;;;;;;;;no;no;; ;;;;;;;;;;;;;;;;;;;
PCOLFRID4MG;(refrig./freezer Electrolux RCW42) GASKET for lid all models;LOG;Programm Support;Cold chain;Refrigerator;Stockable Product;Single;;;Make to Order;Buy;Average Price;;;Cold chain;ITC;Normal;Y;;;;;;;;;;;;;;no;no;; ;;;;;;;;;;;;;;;;;;;
PCOLFRID5S-;REFRIGER. 38 l/FREEZ. BPsolar VR50  solar KIT (batt.+panels);LOG;Programm Support;Cold chain;Refrigerator;Stockable Product;Single;;;Make to Order;Buy;Average Price;;;Cold chain;ITC;Normal;Y;219;38;;;;;;;;;;;;no;no;; ;;;;;;;;;;;;;;;;;;;
PCOLFRIF1DF;(refrig./freezer Sibir V170 KE) DOOR, freezer;LOG;Programm Support;Cold chain;Refrigerator Freezer;Stockable Product;Single;;;Make to Order;Buy;Average Price;;;Cold chain;ITC;Normal;Y;;;;;;;;;;;;;;no;no;; ;;;;;;;;;;;;;;;;;;;
PCOLFRIF1DR;(refrig./freezer Sibir V170 KE) DOOR, refrigerator;LOG;Programm Support;Cold chain;Refrigerator Freezer;Stockable Product;Single;;;Make to Order;Buy;Average Price;;;Cold chain;ITC;Normal;Y;;;;;;;;;;;;;;no;no;; ;;;;;;;;;;;;;;;;;;;
PCOLFRIF1E1;REFRIGER./FREEZER, Engel, 12, 220 V., compression;LOG;Programm Support;Cold chain;Refrigerator Freezer;Stockable Product;Single;;;Make to Order;Buy;Average Price;;;Cold chain;ITC;Normal;Y;;3;;;;;;;;;;;;no;no;;38 J(PME);;;;;;;;;;;;;;;;;;;
PCOLFRIF1GG;(refrig./freezer Sibir V170 GE) THERMOSTAT GASKET;LOG;Programm Support;Cold chain;Refrigerator Freezer;Stockable Product;Single;;;Make to Order;Buy;Average Price;;;Cold chain;ITC;Normal;Y;;;;;;;;;;;;;;no;no;; ;;;;;;;;;;;;;;;;;;;
PCOLFRIF1GH;(refrig./freezer Sibir V170 GE) HEATER 240 V, 300 W;LOG;Programm Support;Cold chain;Refrigerator Freezer;Stockable Product;Single;;;Make to Order;Buy;Average Price;;;Cold chain;ITC;Normal;Y;;;;;;;;;;;;;;no;no;; ;;;;;;;;;;;;;;;;;;;
PCOLFRIF1GJ;(refrig./freezer Sibir V170 GE) JET gas, complete;LOG;Programm Support;Cold chain;Refrigerator Freezer;Stockable Product;Single;;;Make to Order;Buy;Average Price;;;Cold chain;ITC;Normal;Y;;;;;;;;;;;;;;no;no;; ;;;;;;;;;;;;;;;;;;;
PCOLFRIF1GO;(refrig./freezer Sibir V170 GE) THERMOCOUPLE gas;LOG;Programm Support;Cold chain;Refrigerator Freezer;Stockable Product;Single;;;Make to Order;Buy;Average Price;;;Cold chain;ITC;Normal;Y;;;;;;;;;;;;;;no;no;; ;;;;;;;;;;;;;;;;;;;
PCOLFRIF1GP;(refrig./freezer Sibir V170 GE) PIEZO-ELECTRIC IGNITER;LOG;Programm Support;Cold chain;Refrigerator Freezer;Stockable Product;Single;;;Make to Order;Buy;Average Price;;;Cold chain;ITC;Normal;Y;;;;;;;;;;;;;;no;no;; ;;;;;;;;;;;;;;;;;;;
PCOLFRIF1GT;(refrig./freezer Sibir V170 GE) THERMOSTAT gas/electricity;LOG;Programm Support;Cold chain;Refrigerator Freezer;Stockable Product;Single;;;Make to Order;Buy;Average Price;;;Cold chain;ITC;Normal;Y;;;;;;;;;;;;;;no;no;; ;;;;;;;;;;;;;;;;;;;
PCOLFRIF1GV;(refrig./freezer Sibir V170 GE) SAFETY VALVE;LOG;Programm Support;Cold chain;Refrigerator Freezer;Stockable Product;Single;;;Make to Order;Buy;Average Price;;;Cold chain;ITC;Normal;Y;;;;;;;;;;;;;;no;no;; ;;;;;;;;;;;;;;;;;;;
PCOLFRIF1KE;REFRIGERATOR/FREEZER (Sibir V170 KE), 230 V or kerosene;LOG;Programm Support;Cold chain;Refrigerator Freezer;Stockable Product;Single;;;Make to Order;Buy;Average Price;;;Cold chain;ITC;Normal;Y;;117;;;;;;;;;;;;no;no;; ;;;;;;;;;;;;;;;;;;;
PCOLFRIF1KH;(refrig./freezer Sibir V170 KE) HEATER 240 V, 300 W;LOG;Programm Support;Cold chain;Refrigerator Freezer;Stockable Product;Single;;;Make to Order;Buy;Average Price;;;Cold chain;ITC;Normal;Y;;;;;;;;;;;;;;no;no;; ;;;;;;;;;;;;;;;;;;;
PCOLFRIF1KT;(refrig./freezer Sibir V170 KE) THERMOSTAT electricity;LOG;Programm Support;Cold chain;Refrigerator Freezer;Stockable Product;Single;;;Make to Order;Buy;Average Price;;;Cold chain;ITC;Normal;Y;;;;;;;;;;;;;;no;no;; ;;;;;;;;;;;;;;;;;;;
PCOLFRIF1TG;(refrig./freezer Sibir V170 GE) THERMOSTAT GASKET;LOG;Programm Support;Cold chain;Refrigerator Freezer;Stockable Product;Single;;;Make to Order;Buy;Average Price;;;Cold chain;ITC;Normal;Y;;;;;;;;;;;;;;no;no;; ;;;;;;;;;;;;;;;;;;;
PCOLFRIF2GE;REFRIGER. 68 l/FREEZ., Sibir V240 GE , 220 V./gas, for vacc.;LOG;Programm Support;Cold chain;Refrigerator Freezer;Stockable Product;Single;;;Make to Order;Buy;Average Price;;;Cold chain;ITC;Normal;Y;81;98;;;;;;;;;;;;no;no;; ;;;;;;;;;;;;;;;;;;;
PCOLFRIF2GH;(refrig./freezer Sibir V240 GE) HEATER 240 V, 220 W;LOG;Programm Support;Cold chain;Refrigerator Freezer;Stockable Product;Single;;;Make to Order;Buy;Average Price;;;Cold chain;ITC;Normal;Y;;;;;;;;;;;;;;no;no;; ;;;;;;;;;;;;;;;;;;;
PCOLFRIF2GJ;(refrig./freezer Sibir V240 GE) JET gas, complete;LOG;Programm Support;Cold chain;Refrigerator Freezer;Stockable Product;Single;;;Make to Order;Buy;Average Price;;;Cold chain;ITC;Normal;Y;;;;;;;;;;;;;;no;no;; ;;;;;;;;;;;;;;;;;;;
PCOLFRIF2GO;(refrig./freezer Sibir V240 GE) THERMOCOUPLE gas;LOG;Programm Support;Cold chain;Refrigerator Freezer;Stockable Product;Single;;;Make to Order;Buy;Average Price;;;Cold chain;ITC;Normal;Y;;;;;;;;;;;;;;no;no;; ;;;;;;;;;;;;;;;;;;;
PCOLFRIF2GT;(refrig./freezer Sibir V240 GE) THERMOSTAT gas/electricity;LOG;Programm Support;Cold chain;Refrigerator Freezer;Stockable Product;Single;;;Make to Order;Buy;Average Price;;;Cold chain;ITC;Normal;Y;;;;;;;;;;;;;;no;no;; ;;;;;;;;;;;;;;;;;;;
PCOLFRIF2GV;(refrig./freezer Sibir V240 GE) SAFETY VALVE;LOG;Programm Support;Cold chain;Refrigerator Freezer;Stockable Product;Single;;;Make to Order;Buy;Average Price;;;Cold chain;ITC;Normal;Y;;;;;;;;;;;;;;no;no;; ;;;;;;;;;;;;;;;;;;;
PCOLFRIF2KE;REFRIGER. 68 l/FREEZ., Sibir V240 KE , 220 V./kerosene vacci;LOG;Programm Support;Cold chain;Refrigerator Freezer;Stockable Product;Single;;;Make to Order;Buy;Average Price;;;Cold chain;ITC;Normal;Y;;11;;;;;;;;;;;;no;no;; ;;;;;;;;;;;;;;;;;;;
PCOLFRIF2KF;(refrig./freezer Sibir V170/240 KE) BRUSH, flue;LOG;Programm Support;Cold chain;Refrigerator Freezer;Stockable Product;Single;;;Make to Order;Buy;Average Price;;;Cold chain;ITC;Normal;Y;;;;;;;;;;;;;;no;no;; ;;;;;;;;;;;;;;;;;;;
PCOLFRIF2KH;(refrig./freezer Sibir V240 KE) HEATER 240 V, 220 W;LOG;Programm Support;Cold chain;Refrigerator Freezer;Stockable Product;Single;;;Make to Order;Buy;Average Price;;;Cold chain;ITC;Normal;Y;;;;;;;;;;;;;;no;no;; ;;;;;;;;;;;;;;;;;;;
PCOLFRIF2KT;(refrig./freezer Sibir V240 KE) THERMOSTAT electricity;LOG;Programm Support;Cold chain;Refrigerator Freezer;Stockable Product;Single;;;Make to Order;Buy;Average Price;;;Cold chain;ITC;Normal;Y;;;;;;;;;;;;;;no;no;; ;;;;;;;;;;;;;;;;;;;
PCOLFRIF2M1;(refrig./freezer Sibir V240) GASKET refrig. door, all models;LOG;Programm Support;Cold chain;Refrigerator Freezer;Stockable Product;Single;;;Make to Order;Buy;Average Price;;;Cold chain;ITC;Normal;Y;;;;;;;;;;;;;;no;no;; ;;;;;;;;;;;;;;;;;;;
PCOLFRIF2M2;(refrig./freezer Sibir V240) GASKET, freezer door all models;LOG;Programm Support;Cold chain;Refrigerator Freezer;Stockable Product;Single;;;Make to Order;Buy;Average Price;;;Cold chain;ITC;Normal;Y;;;;;;;;;;;;;;no;no;; ;;;;;;;;;;;;;;;;;;;
PCOLFRIF4E1;REFRIGER. 14 l/FREEZER, Electrolux RCW42 DC  12 V. compress.;LOG;Programm Support;Cold chain;Refrigerator Freezer;Stockable Product;Single;;;Make to Order;Buy;Average Price;1727;1727;Cold chain;ITC;Normal;Y;;42;;;;;;;;;;;;no;no;; ;;;;;;;;;;;;;;;;;;;
PCOLFRIF4E2;REFRIGER. 12 l/FREEZ., Electrolux RCW42 AC  220 V. compress.;LOG;Programm Support;Cold chain;Refrigerator Freezer;Stockable Product;Single;;;Make to Order;Buy;Average Price;141;141;Cold chain;ITC;Normal;Y;27;42;;;;;;;;;;;;no;no;; ;;;;;;;;;;;;;;;;;;;
PCOLFRIF4ER;(refriger./freezer RCW42 AC/DC) THERMOSTAT for freezer;LOG;Programm Support;Cold chain;Refrigerator Freezer;Stockable Product;Single;;;Make to Order;Buy;Average Price;;;Cold chain;ITC;Normal;Y;;;;;;;;;;;;;;no;no;; ;;;;;;;;;;;;;;;;;;;
PCOLFRIF4ET;(refriger./freezer RCW42 AC/DC) THERMOSTAT for refriger.;LOG;Programm Support;Cold chain;Refrigerator Freezer;Stockable Product;Single;;;Make to Order;Buy;Average Price;;;Cold chain;ITC;Normal;Y;;;;;;;;;;;;;;no;no;; ;;;;;;;;;;;;;;;;;;;
PCOLFRIF5E-;REFRIGER. 200 l/FREEZ., Electrolux TCW1151/CF, Icelined 230V;LOG;Programm Support;Cold chain;Refrigerator Freezer;Stockable Product;Single;;;Make to Order;Buy;Average Price;;;Cold chain;ITC;Normal;Y;787;53;;;;;;;;;;;;no;no;; ;;;;;;;;;;;;;;;;;;;
PCOLFRIF5EG;(refr./freez. Electrolux TCW1151/1990) GASKET for lid;LOG;Programm Support;Cold chain;Refrigerator Freezer;Stockable Product;Single;;;Make to Order;Buy;Average Price;;;Cold chain;ITC;Normal;Y;;;;;;;;;;;;;;no;no;; ;;;;;;;;;;;;;;;;;;;
PCOLFRIF5EL;(refr./freezer TCW1151/1990) RELAY compressor Danfoss FR8/5B;LOG;Programm Support;Cold chain;Refrigerator Freezer;Stockable Product;Single;;;Make to Order;Buy;Average Price;;;Cold chain;ITC;Normal;Y;;;;;;;;;;;;;;no;no;; ;;;;;;;;;;;;;;;;;;;
PCOLFRIF5ER;(refrig./freez. TCW1151/1990) THERMOSTAT for freezer;LOG;Programm Support;Cold chain;Refrigerator Freezer;Stockable Product;Single;;;Make to Order;Buy;Average Price;;;Cold chain;ITC;Normal;Y;;;;;;;;;;;;;;no;no;; ;;;;;;;;;;;;;;;;;;;
PCOLFRIF5ET;(refriger./freezer TCW1151) THERMOSTAT for refriger.;LOG;Programm Support;Cold chain;Refrigerator Freezer;Stockable Product;Single;;;Make to Order;Buy;Average Price;;;Cold chain;ITC;Normal;Y;;;;;;;;;;;;;;no;no;; ;;;;;;;;;;;;;;;;;;;
PCOLFRIF6EI;REFRIGER. 40 l/FREEZER., Vestfrost MF/MK4010 Icelined 220 V.;LOG;Programm Support;Cold chain;Refrigerator Freezer;Stockable Product;Single;;;Make to Order;Buy;Average Price;;;Cold chain;ITC;Normal;Y;4;;;;;;;;;;;;;no;no;; ;;;;;;;;;;;;;;;;;;;
PCOLFRIF7S-;REFRIGER. 30 l/FREEZER., Unitechnica Tropic, solar;LOG;Programm Support;Cold chain;Refrigerator Freezer;Stockable Product;Single;;;Make to Order;Buy;Average Price;;;Cold chain;ITC;Normal;Y;;;;;;;;;;;;;;no;no;;38 J(PME);;;;;;;;;;;;;;;;;;;
PCOLFRIF8GE;REFRIGER./FREEZER.,Sibir V250 GE, 220 V./gas, for team;LOG;Programm Support;Cold chain;Refrigerator Freezer;Stockable Product;Single;;;Make to Order;Buy;Average Price;;;Cold chain;ITC;Normal;Y;81;98;;;;;;;;;;;;no;no;;38 J(PME);;;;;;;;;;;;;;;;;;;
PCOLFRIF8KE;REFRIG./FREEZER (Sibir V250 KE), 220 V/kerosene, for team;LOG;Programm Support;Cold chain;Refrigerator Freezer;Stockable Product;Single;;;Make to Order;Buy;Average Price;1324;1324;Cold chain;ITC;Normal;Y;917;98;;;;;;;;;;;;no;no;; ;;;;;;;;;;;;;;;;;;;
PCOLFRIF9EI;REFRIGER. 60 l/FREEZER., Electrolux TCW1990  Icelined 220 V.;LOG;Programm Support;Cold chain;Refrigerator Freezer;Stockable Product;Single;;;Make to Order;Buy;Average Price;;;Cold chain;ITC;Normal;Y;;82;;;;;;;;;;;;no;no;; ;;;;;;;;;;;;;;;;;;;
PCOLFRIS1--;REFRIGERATOR, SolarChill, 40 l (Vestfrost MKS044), solar;LOG;Programm Support;Cold chain;SOLAR REFRIGERATOR;Stockable Product;Single;;;Make to Order;Buy;Average Price;1;1;Cold chain;ITC;Normal;Y;;89;;;;;;;;;;;;no;no;; ;;;;;;;;;;;;;;;;;;;
PCOLFRIS1D-;(solar chill) LID for refrigerator,  ref. 5000011942;LOG;Programm Support;Cold chain;SOLAR REFRIGERATOR;Stockable Product;Single;;;Make to Order;Buy;Average Price;;;Cold chain;ITC;Normal;Y;;;;;;;;;;;;;;no;no;; ;;;;;;;;;;;;;;;;;;;
PCOLFRIS1GD;(solar chill) RUBBER GASKET, ref. 3020102-0502;LOG;Programm Support;Cold chain;SOLAR REFRIGERATOR;Stockable Product;Single;;;Make to Order;Buy;Average Price;;;Cold chain;ITC;Normal;Y;;;;;;;;;;;;;;no;no;; ;;;;;;;;;;;;;;;;;;;
PCOLFRIS1R-;(solar chill) RELAY, Danfoss BD 35K, ref. 8-036510214;LOG;Programm Support;Cold chain;SOLAR REFRIGERATOR;Stockable Product;Single;;;Make to Order;Buy;Average Price;;;Cold chain;ITC;Normal;Y;;;;;;;;;;;;;;no;no;; ;;;;;;;;;;;;;;;;;;;
PCOLFRIS1T-;(solar chill) THERMOSTAT, ref. 6520128-01;LOG;Programm Support;Cold chain;SOLAR REFRIGERATOR;Stockable Product;Single;;;Make to Order;Buy;Average Price;;;Cold chain;ITC;Normal;Y;;;;;;;;;;;;;;no;no;; ;;;;;;;;;;;;;;;;;;;
PCOLFRIS1TH;(solar chill) THERMOMETER, external, ref. 7020037-0401;LOG;Programm Support;Cold chain;SOLAR REFRIGERATOR;Stockable Product;Single;;;Make to Order;Buy;Average Price;;;Cold chain;ITC;Normal;Y;;;;;;;;;;;;;;no;no;; ;;;;;;;;;;;;;;;;;;;
PCOLFRIS1VT;(solar chill) vaccine TRAY;LOG;Programm Support;Cold chain;SOLAR REFRIGERATOR;Stockable Product;Single;;;Make to Order;Buy;Average Price;;;Cold chain;ITC;Normal;Y;;;;;;;;;;;;;;no;no;; ;;;;;;;;;;;;;;;;;;;
PCOLFRIS2CB;(SolarChill) ELECTRICAL CABLE, 10 meters, 2 x10 mm², black;LOG;Programm Support;Cold chain;SOLAR REFRIGERATOR;Stockable Product;Single;;;Make to Order;Buy;Average Price;;;Cold chain;ITC;Normal;Y;;;;;;;;;;;;;;no;no;; ;;;;;;;;;;;;;;;;;;;
PCOLFRIS2CR;(SolarChill) ELECTRICAL CABLE, 10 meters, 2 x10 mm², red;LOG;Programm Support;Cold chain;SOLAR REFRIGERATOR;Stockable Product;Single;;;Make to Order;Buy;Average Price;;;Cold chain;ITC;Normal;Y;;;;;;;;;;;;;;no;no;; ;;;;;;;;;;;;;;;;;;;
PCOLFRIS2MS;(SolarChill) MOUNTING STRUCTURE for 2 panels;LOG;Programm Support;Cold chain;SOLAR REFRIGERATOR;Stockable Product;Single;;;Make to Order;Buy;Average Price;;;Cold chain;ITC;Normal;Y;;;;;;;;;;;;;;no;no;; ;;;;;;;;;;;;;;;;;;;
PCOLFRIS2PB;(SolarChill) ELECTRICAL CABLE, 90 cm, 2 x10 mm², black;LOG;Programm Support;Cold chain;SOLAR REFRIGERATOR;Stockable Product;Single;;;Make to Order;Buy;Average Price;;;Cold chain;ITC;Normal;Y;;;;;;;;;;;;;;no;no;; ;;;;;;;;;;;;;;;;;;;
PCOLFRIS2PR;(SolarChill) ELECTRICAL CABLE, 90 cm, 2 x10 mm², red;LOG;Programm Support;Cold chain;SOLAR REFRIGERATOR;Stockable Product;Single;;;Make to Order;Buy;Average Price;;;Cold chain;ITC;Normal;Y;;;;;;;;;;;;;;no;no;; ;;;;;;;;;;;;;;;;;;;
PCOLFRIS2SP;(SolarChill) SOLAR PANEL 80 Wc;LOG;Programm Support;Cold chain;SOLAR REFRIGERATOR;Stockable Product;Single;;;Make to Order;Buy;Average Price;;;Cold chain;ITC;Normal;Y;;;;;;;;;;;;;;no;no;; ;;;;;;;;;;;;;;;;;;;
PCOLFRISF15;(solar chill) , FUSE, 15 A., ref.7260066-01;LOG;Programm Support;Cold chain;SOLAR REFRIGERATOR;Stockable Product;Single;;;Make to Order;Buy;Average Price;;;Cold chain;ITC;Normal;Y;;;;;;;;;;;;;;no;no;; ;;;;;;;;;;;;;;;;;;;
PCOLFRISF2-;(solar chill) , FUSE, 15 A., ref. 7260067-01;LOG;Programm Support;Cold chain;SOLAR REFRIGERATOR;Stockable Product;Single;;;Make to Order;Buy;Average Price;;;Cold chain;ITC;Normal;Y;;;;;;;;;;;;;;no;no;; ;;;;;;;;;;;;;;;;;;;
PCOLPACK03E;ICE PACK, 0.3 l, Electrolux, empty, to be filled with water;LOG;Programm Support;Cold chain;Pack;Stockable Product;Single;;;Make to Order;Buy;Average Price;;;Cold chain;ITC;Normal;Y;;;;;;;;;;;;;;no;no;; ;;;;;;;;;;;;;;;;;;;
PCOLPACK03T;ICE PACK, 0.3 l, Thermos, empty, to be filled with water;LOG;Programm Support;Cold chain;Pack;Stockable Product;Single;;;Make to Order;Buy;Average Price;;;Cold chain;ITC;Normal;Y;;;;;;;;;;;;;;no;no;; ;;;;;;;;;;;;;;;;;;;
PCOLPACKS02;COOLING PACK, 0º C  (Sensigrade), 0.25 l;LOG;Programm Support;Cold chain;Pack;Stockable Product;Single;;;Make to Order;Buy;Average Price;;;Cold chain;ITC;Normal;Y;;;;;;;;;;;;;;no;no;; ;;;;;;;;;;;;;;;;;;;
PCOLPACKS06;COOLING PACK, 0º C  (Sensigrade), 0.6 l;LOG;Programm Support;Cold chain;Pack;Stockable Product;Single;;;Make to Order;Buy;Average Price;;;Cold chain;ITC;Normal;Y;;;;;;;;;;;;;;no;no;; ;;;;;;;;;;;;;;;;;;;
PCOLPACKTR-;GEL PACK, THERMAL REGULATOR (Sensigrade), 0º C, 0.14 l;LOG;Programm Support;Cold chain;Pack;Stockable Product;Single;;;Make to Order;Buy;Average Price;;;Cold chain;ITC;Normal;Y;;;;;;;;;;;;;;no;no;; ;;;;;;;;;;;;;;;;;;;
PCOLTHER2B-;THERMOMETER, BIMETAL, Moëller 102475, -30º to +50º C;LOG;Programm Support;Cold chain;Thermometer;Stockable Product;Single;;;Make to Order;Buy;Average Price;;;Cold chain;ITC;Normal;Y;;;;;;;;;;;;;;no;no;; ;;;;;;;;;;;;;;;;;;;
PCOLTHER3C-;THERMOMETER, LIQUID CRISTAL, LCD, 0º to 20º C;LOG;Programm Support;Cold chain;Thermometer;Stockable Product;Single;;;Make to Order;Buy;Average Price;;;Cold chain;ITC;Normal;Y;;;;;;;;;;;;;;no;no;; ;;;;;;;;;;;;;;;;;;;
PCOLTHER4P-;THERMOMETER, PROBE, Galtier, -40º to +40º C;LOG;Programm Support;Cold chain;Thermometer;Stockable Product;Single;;;Make to Order;Buy;Average Price;;;Cold chain;ITC;Normal;Y;;;;;;;;;;;;;;no;no;; ;;;;;;;;;;;;;;;;;;;
PCOLTHER6MM;THERMOMETER, MINI-MAXI, alcohol -40º to +50º C;LOG;Programm Support;Cold chain;Thermometer;Stockable Product;Single;;;Make to Order;Buy;Average Price;;;Cold chain;ITC;Normal;Y;;;;;;;;;;;;;;no;no;; ;;;;;;;;;;;;;;;;;;;
PCOLTHER7R-;THERMOMETER RECORDING, 7 days, -40° to +70°C (615 WHO);LOG;Programm Support;Cold chain;Thermometer;Stockable Product;Single;;;Make to Order;Buy;Average Price;;;Cold chain;ITC;Normal;Y;;;;;;;;;;;;;;no;no;; ;;;;;;;;;;;;;;;;;;;
PCOLTHER7RA;(recording thermometer) CASE for transport;LOG;Programm Support;Cold chain;Thermometer;Stockable Product;Single;;;Make to Order;Buy;Average Price;;;Cold chain;ITC;Normal;Y;;;;;;;;;;;;;;no;no;; ;;;;;;;;;;;;;;;;;;;
PCOLTHER7RC;(recording thermometer) CARD, 7 days, -40° to +70°C;LOG;Programm Support;Cold chain;Thermometer;Stockable Product;Single;;;Make to Order;Buy;Average Price;;;Cold chain;ITC;Normal;Y;;;;;;;;;;;;;;no;no;; ;;;;;;;;;;;;;;;;;;;
PCOLTHER8H-;THERMOMETER - HYGROMETER, digital display;LOG;Programm Support;Cold chain;Thermometer;Stockable Product;Single;;;Make to Order;Buy;Average Price;;;Cold chain;ITC;Normal;Y;;;;;;;;;;;;;;no;no;; ;;;;;;;;;;;;;;;;;;;
PCOLTHER8HS;(thermometer- hygrometer) TEMPERATURE SENSOR;LOG;Programm Support;Cold chain;Thermometer;Stockable Product;Single;;;Make to Order;Buy;Average Price;;;Cold chain;ITC;Normal;Y;;;;;;;;;;;;;;no;no;; ;;;;;;;;;;;;;;;;;;;
PCOLTHER8RG;THERMOMETER, RECORDING, Tiny TTM type G, w/o software;LOG;Programm Support;Cold chain;Thermometer;Stockable Product;Single;;;Make to Order;Buy;Average Price;;;Cold chain;ITC;Normal;Y;;;;;;;;;;;;;;no;no;; ;;;;;;;;;;;;;;;;;;;
PCOLTHER8RI;THERMOMETER, RECORDING, Tiny TTM G IP68, w/o software;LOG;Programm Support;Cold chain;Thermometer;Stockable Product;Single;;;Make to Order;Buy;Average Price;;;Cold chain;ITC;Normal;Y;;;;;;;;;;;;;;no;no;; ;;;;;;;;;;;;;;;;;;;
PCOLTHER8RS;(recording thermometer) SOFTWARE, Tiny TTM;LOG;Programm Support;Cold chain;Thermometer;Stockable Product;Single;;;Make to Order;Buy;Average Price;;;Cold chain;ITC;Normal;Y;;;;;;;;;;;;;;no;no;; ;;;;;;;;;;;;;;;;;;;
PCOMADAC1FF;ADAPTOR, COAXIAL, UHF PL female/female;LOG;Programm Support;Communication;Adaptor Coaxial;Stockable Product;Single;;;Make to Order;Buy;Average Price;;;Communication;ITC;Normal;Y;;;;;;;;;;;;;;no;no;; ;;;;;;;;;;;;;;;;;;;
PCOMADAC2FF;ADAPTOR, COAXIAL, UHF PL female/BNC female;LOG;Programm Support;Communication;Adaptor Coaxial;Stockable Product;Single;;;Make to Order;Buy;Average Price;;;Communication;ITC;Normal;Y;;;;;;;;;;;;;;no;no;; ;;;;;;;;;;;;;;;;;;;
PCOMADAC3FM;ADAPTOR, COAXIAL, UHF PL female/BNC male;LOG;Programm Support;Communication;Adaptor Coaxial;Stockable Product;Single;;;Make to Order;Buy;Average Price;;;Communication;ITC;Normal;Y;;;;;;;;;;;;;;no;no;; ;;;;;;;;;;;;;;;;;;;
PCOMADAC4MF;ADAPTOR, COAXIAL, UHF PL male/BNC female;LOG;Programm Support;Communication;Adaptor Coaxial;Stockable Product;Single;;;Make to Order;Buy;Average Price;;;Communication;ITC;Normal;Y;;;;;;;;;;;;;;no;no;; ;;;;;;;;;;;;;;;;;;;
PCOMADAC5IC;(transc. Icom) ADAPTOR, COAXIAL, Icom/BNC fem.;LOG;Programm Support;Communication;Adaptor Coaxial;Stockable Product;Single;;;Make to Order;Buy;Average Price;;;Communication;ITC;Normal;Y;;;;;;;;;;;;;;no;no;; ;;;;;;;;;;;;;;;;;;;
PCOMADAC9MF;ADAPTOR, COAXIAL, ELBOW 90°, UHF PL male/female;LOG;Programm Support;Communication;Adaptor Coaxial;Stockable Product;Single;;;Make to Order;Buy;Average Price;;;Communication;ITC;Normal;Y;;;;;;;;;;;;;;no;no;; ;;;;;;;;;;;;;;;;;;;
PCOMANHF120;TUNER AT120 for Icom radio wide band antenna;LOG;Programm Support;Communication;Antenna Hf;Stockable Product;Single;;;Make to Order;Buy;Average Price;;;Communication;ITC;Normal;Y;;;;;;;;;;;;;;no;no;;38 J(PME);;;;;;;;;;;;;;;;;;;
PCOMANHF1D-;ANTENNA, HF, FOLDED DIPOLE, wide band 3 to 30 MHz;LOG;Programm Support;Communication;Antenna Hf;Stockable Product;Single;;;Make to Order;Buy;Average Price;;;Communication;ITC;Normal;Y;33;4;;;;;;;;;;;;no;no;; ;;;;;;;;;;;;;;;;;;;
PCOMANHF1DF;(antenna, HF, folded dipole) INSTALLATION KIT FDMK B&W;LOG;Programm Support;Communication;Antenna Hf;Stockable Product;Single;;;Make to Order;Buy;Average Price;28;28;Communication;ITC;Normal;Y;;;;;;;;;;;;;;no;no;; ;;;;;;;;;;;;;;;;;;;
PCOMANHF1DG;(antenna, HF, folded dipole) ASSEMBLY LEAFLET B&W;LOG;Programm Support;Communication;Antenna Hf;Stockable Product;Single;;;Make to Order;Buy;Average Price;;;Communication;ITC;Normal;Y;;;;;;;;;;;;;;no;no;; ;;;;;;;;;;;;;;;;;;;
PCOMANHF23C;(ant. HF base) CABLE COAXIAL,  25 m for SG 230;LOG;Programm Support;Communication;Antenna Hf;Stockable Product;Single;;;Make to Order;Buy;Average Price;;;Communication;ITC;Normal;Y;;;;;;;;;;;;;;no;no;; ;;;;;;;;;;;;;;;;;;;
PCOMANHF2T-;ANTENNA HF/VHF D2T, wide band 1.5 to 200 MHz + 70m coaxial;LOG;Programm Support;Communication;Antenna Hf;Stockable Product;Single;;;Make to Order;Buy;Average Price;;;Communication;ITC;Normal;Y;;;;;;;;;;;;;;no;no;; ;;;;;;;;;;;;;;;;;;;
PCOMANHF2TM;(antenna D2T) INSTALLATION LEAFLET;LOG;Programm Support;Communication;Antenna Hf;Stockable Product;Single;;;Make to Order;Buy;Average Price;;;Communication;ITC;Normal;Y;;;;;;;;;;;;;;no;no;; ;;;;;;;;;;;;;;;;;;;
PCOMANHF50R;(ant. HF mobile) CABLE, CONTROL 6.2 m for antenna Codan 9350;LOG;Programm Support;Communication;Antenna Hf;Stockable Product;Single;;;Make to Order;Buy;Average Price;;;Communication;ITC;Normal;Y;;;;;;;;;;;;;;no;no;; ;;;;;;;;;;;;;;;;;;;
PCOMANHFD2T;ANTENNA, HF, D2T 1.5 / 200 MHz;LOG;Programm Support;Communication;Antenna Hf;Stockable Product;Single;;;Make to Order;Buy;Average Price;;;Communication;ITC;Normal;Y;;;;;;;;;;;;;;no;no;; ;;;;;;;;;;;;;;;;;;;
PCOMANTA2SW;SWITCH, coaxial, 2 positions, connectors UHF PL female;LOG;Programm Support;Communication;Antenna Accessories;Stockable Product;Single;;;Make to Order;Buy;Average Price;;;Communication;ITC;Normal;Y;;;;;;;;;;;;;;no;no;; ;;;;;;;;;;;;;;;;;;;
PCOMANTAFUF;(lightning arrestor for antenna)  FUSE BOX;LOG;Programm Support;Communication;Antenna Accessories;Stockable Product;Single;;;Make to Order;Buy;Average Price;;;Communication;ITC;Normal;Y;;;;;;;;;;;;;;no;no;; ;;;;;;;;;;;;;;;;;;;
PCOMANTAFUH;(lightning arrestor for antenna) BOLTS AND NUTS;LOG;Programm Support;Communication;Antenna Accessories;Stockable Product;Single;;;Make to Order;Buy;Average Price;;;Communication;ITC;Normal;Y;1;;;;;;;;;;;;;no;no;; ;;;;;;;;;;;;;;;;;;;
PCOMANTAFUP;(lightning arrestor for antenna) FIXING PLATE;LOG;Programm Support;Communication;Antenna Accessories;Stockable Product;Single;;;Make to Order;Buy;Average Price;;;Communication;ITC;Normal;Y;2;;;;;;;;;;;;;no;no;; ;;;;;;;;;;;;;;;;;;;
PCOMANTASW+;SWR METER + 0.5 m coaxial cable Aircell 5;LOG;Programm Support;Communication;Antenna Accessories;Stockable Product;Single;;;Make to Order;Buy;Average Price;;;Communication;ITC;Normal;Y;;;;;;;;;;;;;;no;no;; ;;;;;;;;;;;;;;;;;;;
PCOMANTASWR;SWR METER + 0.5 m coaxial cable Aircell 5 HF/VHF;LOG;Programm Support;Communication;Antenna Accessories;Stockable Product;Single;;;Make to Order;Buy;Average Price;;;Communication;ITC;Normal;Y;;;;;;;;;;;;;;no;no;; ;;;;;;;;;;;;;;;;;;;
PCOMANTASWU;SWR METER + 0.5 m coaxial cable Aircell 5 UHF;LOG;Programm Support;Communication;Antenna Accessories;Stockable Product;Single;;;Make to Order;Buy;Average Price;;;Communication;ITC;Normal;Y;;;;;;;;;;;;;;no;no;; ;;;;;;;;;;;;;;;;;;;
PCOMANUH14G;ANTENNA, UHF, handset, whip, 1/4 wave (Ic. FA-SC57U), 10 cm;LOG;Programm Support;Communication;Antenna UHF;Stockable Product;Single;;;Make to Order;Buy;Average Price;;;Communication;ITC;Normal;Y;;;;;;;;;;;;;;no;no;; ;;;;;;;;;;;;;;;;;;;
PCOMANUH14S;ANTENNA UHF, portable, whip, 1/4 wave, screw type, 30 cm;LOG;Programm Support;Communication;Antenna UHF;Stockable Product;Single;;;Make to Order;Buy;Average Price;;;Communication;ITC;Normal;Y;;;;;;;;;;;;;;no;no;; ;;;;;;;;;;;;;;;;;;;
PCOMANUHFIX;ANTENNA, UHF, base station (Kathrein 751121) + ad. N/PL m/f;LOG;Programm Support;Communication;Antenna UHF;Stockable Product;Single;;;Make to Order;Buy;Average Price;;;Communication;ITC;Normal;Y;12;75;;;;;;;;;;;;no;no;; ;;;;;;;;;;;;;;;;;;;
PCOMANVHFIX;ANTENNA, VHF, base station (Kathrein K711530) + ad. N/PL m/f;LOG;Programm Support;Communication;Antenna Vhf;Stockable Product;Single;;;Make to Order;Buy;Average Price;;;Communication;ITC;Normal;Y;;;;;;;;;;;;;;no;no;; ;;;;;;;;;;;;;;;;;;;
PCOMANVHM15;ANTENNA, VHF, mobile, 1/4 wave, magnetic base + cable;LOG;Programm Support;Communication;Antenna Vhf;Stockable Product;Single;;;Make to Order;Buy;Average Price;119;119;Communication;ITC;Normal;Y;;;;;;;;;;;;;;no;no;; ;;;;;;;;;;;;;;;;;;;
PCOMANVHM59;ANTENNA, VHF mob. 5/8 wave + coax. cable PL259, screw type;LOG;Programm Support;Communication;Antenna Vhf;Stockable Product;Single;;;Make to Order;Buy;Average Price;;;Communication;ITC;Normal;Y;;;;;;;;;;;;;;no;no;; ;;;;;;;;;;;;;;;;;;;
PCOMCABL214;CABLE, COAXIAL, RG214/U, per meter, conn. to specify;LOG;Programm Support;Communication;Cable, telecom;Stockable Product;Single;;;Make to Order;Buy;Average Price;;;Communication;ITC;Normal;Y;;;;;;;;;;;;;;no;no;; ;;;;;;;;;;;;;;;;;;;
PCOMCABL3MP;(Trx Mot. GM300) CABLE, COAXIAL, RG 58, miniPL male/PL male;LOG;Programm Support;Communication;Cable, telecom;Stockable Product;Single;;;Make to Order;Buy;Average Price;;;Communication;ITC;Normal;Y;;;;;;;;;;;;;;no;no;; ;;;;;;;;;;;;;;;;;;;
PCOMCABL5PF;CABLE, COAXIAL, RG58, 2 m, connectors UHF PL female/BNC male;LOG;Programm Support;Communication;Cable, telecom;Stockable Product;Single;;;Make to Order;Buy;Average Price;;;Communication;ITC;Normal;Y;;;;;;;;;;;;;;no;no;; ;;;;;;;;;;;;;;;;;;;
PCOMCABL5PP;CABLE, COAXIAL, RG58, 50 cm, connectors UHF PL male/male;LOG;Programm Support;Communication;Cable, telecom;Stockable Product;Single;;;Make to Order;Buy;Average Price;16;16;Communication;ITC;Normal;Y;;;;;;;;;;;;;;no;no;; ;;;;;;;;;;;;;;;;;;;
PCOMCABL5UP;CABLE, COAXIAL, RG213, 2 m, connectors UHF PL male/ PL male;LOG;Programm Support;Communication;Cable, telecom;Stockable Product;Single;;;Make to Order;Buy;Average Price;;;Communication;ITC;Normal;Y;;;;;;;;;;;;;;no;no;; ;;;;;;;;;;;;;;;;;;;
PCOMCABL7PP;CABLE, COAXIAL, RG213, 70 m, connectors UHF PL m/m;LOG;Programm Support;Communication;Cable, telecom;Stockable Product;Single;;;Make to Order;Buy;Average Price;;;Communication;ITC;Normal;Y;;;;;;;;;;;;;;no;no;; ;;;;;;;;;;;;;;;;;;;
PCOMCONC5B-;CONNECTOR, COAXIAL, BNC male, for RG58, to solder;LOG;Programm Support;Communication;Connector Coaxial;Stockable Product;Single;;;Make to Order;Buy;Average Price;;;Communication;ITC;Normal;Y;;;;;;;;;;;;;;no;no;; ;;;;;;;;;;;;;;;;;;;
PCOMCONC5P-;CONNECTOR, COAXIAL, UHF PL male, for RG58/RG213, to solder;LOG;Programm Support;Communication;Connector Coaxial;Stockable Product;Single;;;Make to Order;Buy;Average Price;;;Communication;ITC;Normal;Y;;;;;;;;;;;;;;no;no;; ;;;;;;;;;;;;;;;;;;;
PCOMPOWS20-;POWER SUPPLY, Icom PS30, 20 A., 220 V./13.6 V.;LOG;Programm Support;Communication;Power Supply;Stockable Product;Single;;;Make to Order;Buy;Average Price;;;Communication;ITC;Normal;Y;;;;;;;;;;;;;;no;no;;38 J(PME);;;;;;;;;;;;;;;;;;;
PCOMPOWS24A;POWER SUPPLY, Icom PS55, for aviation, 24 V./13.6 V.;LOG;Programm Support;Communication;Power Supply;Stockable Product;Single;;;Make to Order;Buy;Average Price;;;Communication;ITC;Normal;Y;;;;;;;;;;;;;;no;no;;38 J(PME);;;;;;;;;;;;;;;;;;;
PCOMPOWS30-;POWER SUPPLY, Icom PS60, 30 A., 220 V./13.6 V.;LOG;Programm Support;Communication;Power Supply;Stockable Product;Single;;;Make to Order;Buy;Average Price;;;Communication;ITC;Normal;Y;;;;;;;;;;;;;;no;no;;38 J(PME);;;;;;;;;;;;;;;;;;;
PCOMPOWS35-;POWER SUPPLY, Icom PS35, 35 A., 220 V./13.6 V.;LOG;Programm Support;Communication;Power Supply;Stockable Product;Single;;;Make to Order;Buy;Average Price;;;Communication;ITC;Normal;Y;;;;;;;;;;;;;;no;no;;38 J(PME);;;;;;;;;;;;;;;;;;;
PCOMRTLX1C-;COMPUTER PC portable +power cable for Radiotlx & Standard C;LOG;Programm Support;Communication;Radio Telex;Stockable Product;Single;;;Make to Order;Buy;Average Price;;;Communication;ITC;Normal;Y;;;;;;;;;;;;;;no;no;; ;;;;;;;;;;;;;;;;;;;
PCOMRTLX1MO;MODEM Amtor, + cables for radiotlx;LOG;Programm Support;Communication;Radio Telex;Stockable Product;Single;;;Make to Order;Buy;Average Price;;;Communication;ITC;Normal;Y;;;;;;;;;;;;;;no;no;; ;;;;;;;;;;;;;;;;;;;
PCOMRTLX2C1;(modem PACTOR II) CONTROL CABLE, Codan;LOG;Programm Support;Communication;Radio Telex;Stockable Product;Single;;;Make to Order;Buy;Average Price;;;Communication;ITC;Normal;Y;;;;;;;;;;;;;;no;no;; ;;;;;;;;;;;;;;;;;;;
PCOMRTLX2CA;(modem PACTOR II) SET OF 2 CONTROL CABLES for Codan 9360;LOG;Programm Support;Communication;Radio Telex;Stockable Product;Single;;;Make to Order;Buy;Average Price;;;Communication;ITC;Normal;Y;;;;;;;;;;;;;;no;no;; ;;;;;;;;;;;;;;;;;;;
PCOMRTLX2CB;(modem PACTOR II) SET OF 2 CONTROL CABLES for Icom 700TY;LOG;Programm Support;Communication;Radio Telex;Stockable Product;Single;;;Make to Order;Buy;Average Price;;;Communication;ITC;Normal;Y;;;;;;;;;;;;;;no;no;; ;;;;;;;;;;;;;;;;;;;
PCOMRTLX2MC;(modem Pactor II) CABLE DB9, for connection to PC;LOG;Programm Support;Communication;Radio Telex;Stockable Product;Single;;;Make to Order;Buy;Average Price;;;Communication;ITC;Normal;Y;;;;;;;;;;;;;;no;no;; ;;;;;;;;;;;;;;;;;;;
PCOMRTLX2MM;(modem Pactor II) PROGRAMMING LEAFLET;LOG;Programm Support;Communication;Radio Telex;Stockable Product;Single;;;Make to Order;Buy;Average Price;;;Communication;ITC;Normal;Y;;;;;;;;;;;;;;no;no;; ;;;;;;;;;;;;;;;;;;;
PCOMRTLX2MO;MODEM PACTOR II;LOG;Programm Support;Communication;Radio Telex;Stockable Product;Single;;;Make to Order;Buy;Average Price;;;Communication;ITC;Normal;Y;;;;;;;;;;;;;;no;no;; ;;;;;;;;;;;;;;;;;;;
PCOMRTLX2MT;MODEM PACTOR II, level III;LOG;Programm Support;Communication;Radio Telex;Stockable Product;Single;;;Make to Order;Buy;Average Price;;;Communication;ITC;Normal;Y;;;;;;;;;;;;;;no;no;; ;;;;;;;;;;;;;;;;;;;
PCOMRTLX2T1;(modem PACTOR II) TRANSCEIVER CABLE, Codan;LOG;Programm Support;Communication;Radio Telex;Stockable Product;Single;;;Make to Order;Buy;Average Price;;;Communication;ITC;Normal;Y;;;;;;;;;;;;;;no;no;; ;;;;;;;;;;;;;;;;;;;
PCOMRTLX2T2;(modem PACTOR II) TRANSCEIVER CABLE, Icom;LOG;Programm Support;Communication;Radio Telex;Stockable Product;Single;;;Make to Order;Buy;Average Price;;;Communication;ITC;Normal;Y;;;;;;;;;;;;;;no;no;; ;;;;;;;;;;;;;;;;;;;
PCOMTELF01-;TELEPHONE, with loud speaker;LOG;Programm Support;Communication;Telephone, Fax;Stockable Product;Single;;;Make to Order;Buy;Average Price;;;Communication;ITC;Normal;Y;;;;;;;;;;;;;;no;no;; ;;;;;;;;;;;;;;;;;;;
PCOMTELF02-;(teleph./telefax) EXTENSION CORD,15 m, RJ11 female connect.;LOG;Programm Support;Communication;Telephone, Fax;Stockable Product;Single;;;Make to Order;Buy;Average Price;;;Communication;ITC;Normal;Y;;;;;;;;;;;;;;no;no;; ;;;;;;;;;;;;;;;;;;;
PCOMTELF03-;(teleph./telefax) ADAPTOR  RJ11 female/RJ11 female;LOG;Programm Support;Communication;Telephone, Fax;Stockable Product;Single;;;Make to Order;Buy;Average Price;;;Communication;ITC;Normal;Y;;;;;;;;;;;;;;no;no;; ;;;;;;;;;;;;;;;;;;;
PCOMTRHF28-;TRANSCEIVER HF, Codan 8528, + micro & AD/LU/TXE/R options;LOG;Programm Support;Communication;Transceiver Hf;Stockable Product;Single;;;Make to Order;Buy;Average Price;;;Communication;ITC;Normal;Y;;;;;;;;;;;;;;no;no;; ;;;;;;;;;;;;;;;;;;;
PCOMTRHF281;TRANSCEIVER HF, Codan 8528IE, + micro & TXEoptions;LOG;Programm Support;Communication;Transceiver Hf;Stockable Product;Single;;;Make to Order;Buy;Average Price;;;Communication;ITC;Normal;Y;;;;;;;;;;;;;;no;no;; ;;;;;;;;;;;;;;;;;;;
PCOMTRHF28B;(transc. Codan) FUSE BOX + FUSE, Codan 711;LOG;Programm Support;Communication;Transceiver Hf;Stockable Product;Single;;;Make to Order;Buy;Average Price;;;Communication;ITC;Normal;Y;;;;;;;;;;;;;;no;no;; ;;;;;;;;;;;;;;;;;;;
PCOMTRHF28C;(transc. Codan) POWER CABLE, 12V DC;LOG;Programm Support;Communication;Transceiver Hf;Stockable Product;Single;;;Make to Order;Buy;Average Price;;;Communication;ITC;Normal;Y;1;;;;;;;;;;;;;no;no;; ;;;;;;;;;;;;;;;;;;;
PCOMTRHF28F;(transc. Codan [except NGT]) LARGE FUSE, 32 A;LOG;Programm Support;Communication;Transceiver Hf;Stockable Product;Single;;;Make to Order;Buy;Average Price;;;Communication;ITC;Normal;Y;;;;;;;;;;;;;;no;no;; ;;;;;;;;;;;;;;;;;;;
PCOMTRHF28L;(transc. Codan) LOUDSPEAKER, Codan 649;LOG;Programm Support;Communication;Transceiver Hf;Stockable Product;Single;;;Make to Order;Buy;Average Price;;;Communication;ITC;Normal;Y;;;;;;;;;;;;;;no;no;; ;;;;;;;;;;;;;;;;;;;
PCOMTRHF28R;(transceiver Codan 8528) REMOTE CONTROL, codan 8532;LOG;Programm Support;Communication;Transceiver Hf;Stockable Product;Single;;;Make to Order;Buy;Average Price;;;Communication;ITC;Normal;Y;;;;;;;;;;;;;;no;no;; ;;;;;;;;;;;;;;;;;;;
PCOMTRHF2A-;TRANSCEIVER VHF, aviation, Icom IC2A 100-128 Mhz;LOG;Programm Support;Communication;Transceiver Hf;Stockable Product;Single;;;Make to Order;Buy;Average Price;;;Communication;ITC;Normal;Y;;;;;;;;;;;;;;no;no;; ;;;;;;;;;;;;;;;;;;;
PCOMTRHF60-;TRANSC. HF, Codan 9360, front ctrl, S, USB/LSB, keypad mic.;LOG;Programm Support;Communication;Transceiver Hf;Stockable Product;Single;;;Make to Order;Buy;Average Price;2893;2893;Communication;ITC;Normal;Y;;7;;;;;;;;;;;;no;no;; ;;;;;;;;;;;;;;;;;;;
PCOMTRHF60C;(transc. Codan 9360) POWER CABLE, 12V DC;LOG;Programm Support;Communication;Transceiver Hf;Stockable Product;Single;;;Make to Order;Buy;Average Price;;;Communication;ITC;Normal;Y;;;;;;;;;;;;;;no;no;; ;;;;;;;;;;;;;;;;;;;
PCOMTRHF700;TRANSCEIVER HF, Icom IC700, + power cable &  microphone;LOG;Programm Support;Communication;Transceiver Hf;Stockable Product;Single;;;Make to Order;Buy;Average Price;;;Communication;ITC;Normal;Y;;;;;;;;;;;;;;no;no;;38 J(PME);;;;;;;;;;;;;;;;;;;
PCOMTRHF7TY;TRANSCEIVER, HF, Icom IC700TY + power cable & microph.;LOG;Programm Support;Communication;Transceiver Hf;Stockable Product;Single;;;Make to Order;Buy;Average Price;;;Communication;ITC;Normal;Y;22;;;;;;;;;;;;;no;no;; ;;;;;;;;;;;;;;;;;;;
PCOMTRHF80-;TRANSC. HF, Codan 9780, front ctrl, S, USB/LSB, keypad mic.;LOG;Programm Support;Communication;Transceiver Hf;Stockable Product;Single;;;Make to Order;Buy;Average Price;;;Communication;ITC;Normal;Y;5;6;;;;;;;;;;;;no;no;; ;;;;;;;;;;;;;;;;;;;
PCOMTRHF80M;(transc. Codan 9360/9780) MICROPHONE, with keypad;LOG;Programm Support;Communication;Transceiver Hf;Stockable Product;Single;;;Make to Order;Buy;Average Price;;;Communication;ITC;Normal;Y;;;;;;;;;;;;;;no;no;; ;;;;;;;;;;;;;;;;;;;
PCOMTRHF80R;(transc. Codan 9780) REMOTE CONTROL;LOG;Programm Support;Communication;Transceiver Hf;Stockable Product;Single;;;Make to Order;Buy;Average Price;;;Communication;ITC;Normal;Y;;;;;;;;;;;;;;no;no;; ;;;;;;;;;;;;;;;;;;;
PCOMTRHF80S;(transc. Codan 9780) CABLE, for remote control;LOG;Programm Support;Communication;Transceiver Hf;Stockable Product;Single;;;Make to Order;Buy;Average Price;;;Communication;ITC;Normal;Y;;;;;;;;;;;;;;no;no;; ;;;;;;;;;;;;;;;;;;;
PCOMTRHF80T;(transc. Codan 9780) ADAPTER, for remote control cable;LOG;Programm Support;Communication;Transceiver Hf;Stockable Product;Single;;;Make to Order;Buy;Average Price;;;Communication;ITC;Normal;Y;;;;;;;;;;;;;;no;no;; ;;;;;;;;;;;;;;;;;;;
PCOMTRHFHP2;TRANSCEIVER HF/VHF (HP2) manpack radio, 99 channels + bag;LOG;Programm Support;Communication;Transceiver Hf;Stockable Product;Single;;;Make to Order;Buy;Average Price;;;Communication;ITC;Normal;Y;;;;;;;;;;;;;;no;no;; ;;;;;;;;;;;;;;;;;;;
PCOMTRHFHPA;(transc. HP2) BATTERY, gelified, internal, 12V/12A;LOG;Programm Support;Communication;Transceiver Hf;Stockable Product;Single;;;Make to Order;Buy;Average Price;;;Communication;ITC;Normal;Y;;;;;;;;;;;;;;no;no;; ;;;;;;;;;;;;;;;;;;;
PCOMTRHFHPB;(transc. HP2) BATTERY, gelified, internal, 12V/7A;LOG;Programm Support;Communication;Transceiver Hf;Stockable Product;Single;;;Make to Order;Buy;Average Price;;;Communication;ITC;Normal;Y;;;;;;;;;;;;;;no;no;; ;;;;;;;;;;;;;;;;;;;
PCOMTRHFHPC;(transc. HP2) POWER CABLE, solar panel/HP2, 2 m;LOG;Programm Support;Communication;Transceiver Hf;Stockable Product;Single;;;Make to Order;Buy;Average Price;;;Communication;ITC;Normal;Y;;;;;;;;;;;;;;no;no;; ;;;;;;;;;;;;;;;;;;;
PCOMTRHFHPD;(transc. HP2) POWER CABLE, solar panel/ext. battery., 2 m;LOG;Programm Support;Communication;Transceiver Hf;Stockable Product;Single;;;Make to Order;Buy;Average Price;;;Communication;ITC;Normal;Y;;;;;;;;;;;;;;no;no;; ;;;;;;;;;;;;;;;;;;;
PCOMTRHFHPE;(transc. HP2) POWER CABLE, 12V DC;LOG;Programm Support;Communication;Transceiver Hf;Stockable Product;Single;;;Make to Order;Buy;Average Price;;;Communication;ITC;Normal;Y;;;;;;;;;;;;;;no;no;; ;;;;;;;;;;;;;;;;;;;
PCOMTRHFHPF;(transc. HP2) FUSE, 15 A, jumper type;LOG;Programm Support;Communication;Transceiver Hf;Stockable Product;Single;;;Make to Order;Buy;Average Price;;;Communication;ITC;Normal;Y;;;;;;;;;;;;;;no;no;; ;;;;;;;;;;;;;;;;;;;
PCOMTRHFHPG;(transc. HP2) GROUNDING SET;LOG;Programm Support;Communication;Transceiver Hf;Stockable Product;Single;;;Make to Order;Buy;Average Price;;;Communication;ITC;Normal;Y;;;;;;;;;;;;;;no;no;; ;;;;;;;;;;;;;;;;;;;
PCOMTRHFHPI;(transc. HP2) HANDBAG;LOG;Programm Support;Communication;Transceiver Hf;Stockable Product;Single;;;Make to Order;Buy;Average Price;;;Communication;ITC;Normal;Y;;;;;;;;;;;;;;no;no;; ;;;;;;;;;;;;;;;;;;;
PCOMTRHFHPJ;(transc. HP2) FUSE, 20 A, jumper type;LOG;Programm Support;Communication;Transceiver Hf;Stockable Product;Single;;;Make to Order;Buy;Average Price;;;Communication;ITC;Normal;Y;;;;;;;;;;;;;;no;no;; ;;;;;;;;;;;;;;;;;;;
PCOMTRHFHPK;(transc. HP2) FUSE, glass, 30 A, 3 cm long;LOG;Programm Support;Communication;Transceiver Hf;Stockable Product;Single;;;Make to Order;Buy;Average Price;;;Communication;ITC;Normal;Y;;;;;;;;;;;;;;no;no;; ;;;;;;;;;;;;;;;;;;;
PCOMTRHFHPL;(transc. HP2) ANTENNA, HF, long wire + clamp;LOG;Programm Support;Communication;Transceiver Hf;Stockable Product;Single;;;Make to Order;Buy;Average Price;;;Communication;ITC;Normal;Y;;;;;;;;;;;;;;no;no;; ;;;;;;;;;;;;;;;;;;;
PCOMTRHFHPM;(transc. HP2) FUSE, glass, 4 A, 3 cm long;LOG;Programm Support;Communication;Transceiver Hf;Stockable Product;Single;;;Make to Order;Buy;Average Price;;;Communication;ITC;Normal;Y;;;;;;;;;;;;;;no;no;; ;;;;;;;;;;;;;;;;;;;
PCOMTRHFHPO;(transc. HP2) BULB, spare, 12 V / 5 W 37R;LOG;Programm Support;Communication;Transceiver Hf;Stockable Product;Single;;;Make to Order;Buy;Average Price;;;Communication;ITC;Normal;Y;;;;;;;;;;;;;;no;no;; ;;;;;;;;;;;;;;;;;;;
PCOMTRHFHPP;(transc. HP2) PROGRAMMATION AND USER'S LEAFLET;LOG;Programm Support;Communication;Transceiver Hf;Stockable Product;Single;;;Make to Order;Buy;Average Price;;;Communication;ITC;Normal;Y;;;;;;;;;;;;;;no;no;; ;;;;;;;;;;;;;;;;;;;
PCOMTRHFHPS;(transc. HP2) SOLAR PANEL, 12V, 0.9 A, 11W;LOG;Programm Support;Communication;Transceiver Hf;Stockable Product;Single;;;Make to Order;Buy;Average Price;;;Communication;ITC;Normal;Y;;;;;;;;;;;;;;no;no;; ;;;;;;;;;;;;;;;;;;;
PCOMTRHFHPT;(transc. HP2) ANTENNA, VHF, telescopic;LOG;Programm Support;Communication;Transceiver Hf;Stockable Product;Single;;;Make to Order;Buy;Average Price;;;Communication;ITC;Normal;Y;;;;;;;;;;;;;;no;no;; ;;;;;;;;;;;;;;;;;;;
PCOMTRHFHPW;(transc. HP2) ANTENNA, HF, whip;LOG;Programm Support;Communication;Transceiver Hf;Stockable Product;Single;;;Make to Order;Buy;Average Price;;;Communication;ITC;Normal;Y;;;;;;;;;;;;;;no;no;; ;;;;;;;;;;;;;;;;;;;
PCOMTRHFHPZ;(transc. HP2) BACKPACK;LOG;Programm Support;Communication;Transceiver Hf;Stockable Product;Single;;;Make to Order;Buy;Average Price;;;Communication;ITC;Normal;Y;;;;;;;;;;;;;;no;no;; ;;;;;;;;;;;;;;;;;;;
PCOMTRHFPRH;(transc. Icom IC-M700PRO) USER GUIDE;LOG;Programm Support;Communication;Transceiver Hf;Stockable Product;Single;;;Make to Order;Buy;Average Price;;;Communication;ITC;Normal;Y;;;;;;;;;;;;;;no;no;; ;;;;;;;;;;;;;;;;;;;
PCOMTRHFPRM;(transc. Icom IC-M700PRO) MICROPHONE;LOG;Programm Support;Communication;Transceiver Hf;Stockable Product;Single;;;Make to Order;Buy;Average Price;;;Communication;ITC;Normal;Y;;79;;;;;;;;;;;;no;no;; ;;;;;;;;;;;;;;;;;;;
PCOMTRHFPRO;TRANSCEIVER, HF (Icom IC-M700PRO), 150 channels;LOG;Programm Support;Communication;Transceiver Hf;Stockable Product;Single;;;Make to Order;Buy;Average Price;;;Communication;ITC;Normal;Y;;;;;;;;;;;;;;no;no;; ;;;;;;;;;;;;;;;;;;;
PCOMTRHFPRP;(transc. Icom IC-M700PRO) PROGRAMMATION LEAFLET, Fr/En;LOG;Programm Support;Communication;Transceiver Hf;Stockable Product;Single;;;Make to Order;Buy;Average Price;;;Communication;ITC;Normal;Y;;;;;;;;;;;;;;no;no;; ;;;;;;;;;;;;;;;;;;;
PCOMTRHFSEC;SELCALL (Call One), for transceiver Icom IC-700 series;LOG;Programm Support;Communication;Transceiver Hf;Stockable Product;Single;;;Make to Order;Buy;Average Price;;;Communication;ITC;Normal;Y;;;;;;;;;;;;;;no;no;; ;;;;;;;;;;;;;;;;;;;
PCOMTRHFSR-;TRANSCEIVER, HF (Codan NGT SRX), 400 channels;LOG;Programm Support;Communication;Transceiver Hf;Stockable Product;Single;;;Make to Order;Buy;Average Price;2893;2893;Communication;ITC;Normal;Y;;7;;;;;;;;;;;;no;no;; ;;;;;;;;;;;;;;;;;;;
PCOMTRHFSRB;(transc. Codan NGT) SMALL FUSE HOLDER;LOG;Programm Support;Communication;Transceiver Hf;Stockable Product;Single;;;Make to Order;Buy;Average Price;;;Communication;ITC;Normal;Y;;;;;;;;;;;;;;no;no;; ;;;;;;;;;;;;;;;;;;;
PCOMTRHFSRC;(transc. Codan) POWER CABLE, 12V DC;LOG;Programm Support;Communication;Transceiver Hf;Stockable Product;Single;;;Make to Order;Buy;Average Price;;;Communication;ITC;Normal;Y;;;;;;;;;;;;;;no;no;; ;;;;;;;;;;;;;;;;;;;
PCOMTRHFSRD;(transc. Codan NGT 2010)  DESK 471;LOG;Programm Support;Communication;Transceiver Hf;Stockable Product;Single;;;Make to Order;Buy;Average Price;;;Communication;ITC;Normal;Y;;;;;;;;;;;;;;no;no;; ;;;;;;;;;;;;;;;;;;;
PCOMTRHFSRE;(transc. Codan NGT 2011) DESK 766;LOG;Programm Support;Communication;Transceiver Hf;Stockable Product;Single;;;Make to Order;Buy;Average Price;;;Communication;ITC;Normal;Y;;;;;;;;;;;;;;no;no;; ;;;;;;;;;;;;;;;;;;;
PCOMTRHFSRF;(transc. Codan NGT) FAN, separated;LOG;Programm Support;Communication;Transceiver Hf;Stockable Product;Single;;;Make to Order;Buy;Average Price;;;Communication;ITC;Normal;Y;;;;;;;;;;;;;;no;no;; ;;;;;;;;;;;;;;;;;;;
PCOMTRHFSRH;(transc. Codan NGT) USER GUIDE;LOG;Programm Support;Communication;Transceiver Hf;Stockable Product;Single;;;Make to Order;Buy;Average Price;;;Communication;ITC;Normal;Y;;7;;;;;;;;;;;;no;no;; ;;;;;;;;;;;;;;;;;;;
PCOMTRHFSRJ;(transc. Codan NGT VR) junction box, ref. 2030;LOG;Programm Support;Communication;Transceiver Hf;Stockable Product;Single;;;Make to Order;Buy;Average Price;;;Communication;ITC;Normal;Y;;7;;;;;;;;;;;;no;no;; ;;;;;;;;;;;;;;;;;;;
PCOMTRHFSRK;(transc. Codan NGT) SMALL FUSE, 32 A;LOG;Programm Support;Communication;Transceiver Hf;Stockable Product;Single;;;Make to Order;Buy;Average Price;;;Communication;ITC;Normal;Y;;;;;;;;;;;;;;no;no;; ;;;;;;;;;;;;;;;;;;;
PCOMTRHFSRL;(transc. Codan mobile station) ASSEMBLY LEAFLET;LOG;Programm Support;Communication;Transceiver Hf;Stockable Product;Single;;;Make to Order;Buy;Average Price;;;Communication;ITC;Normal;Y;;7;;;;;;;;;;;;no;no;; ;;;;;;;;;;;;;;;;;;;
PCOMTRHFSRM;(transc. Codan NGT SR or VR) MICRO-HANDSET 2020;LOG;Programm Support;Communication;Transceiver Hf;Stockable Product;Single;;;Make to Order;Buy;Average Price;;;Communication;ITC;Normal;Y;;;;;;;;;;;;;;no;no;; ;;;;;;;;;;;;;;;;;;;
PCOMTRHFSRN;(transc. Codan NGT SR or VR) BRACKET MICROPHONE 2020;LOG;Programm Support;Communication;Transceiver Hf;Stockable Product;Single;;;Make to Order;Buy;Average Price;9;9;Communication;ITC;Normal;Y;;;;;;;;;;;;;;no;no;; ;;;;;;;;;;;;;;;;;;;
PCOMTRHFSRO;(transc. Codan NGT SR or VR)  MICRO-HANDSET 2020;LOG;Programm Support;Communication;Transceiver Hf;Stockable Product;Single;;;Make to Order;Buy;Average Price;217;217;Communication;ITC;Normal;Y;;;;;;;;;;;;;;no;no;; ;;;;;;;;;;;;;;;;;;;
PCOMTRHFSRP;(transc. Codan NGT VR/SR) CABLE, PROGRAMMING 08-05123-001;LOG;Programm Support;Communication;Transceiver Hf;Stockable Product;Single;;;Make to Order;Buy;Average Price;;;Communication;ITC;Normal;Y;;;;;;;;;;;;;;no;no;; ;;;;;;;;;;;;;;;;;;;
PCOMTRHFSRQ;(transc. Codan NGT) USE  AND PROGRAMMING, En/Fr;LOG;Programm Support;Communication;Transceiver Hf;Stockable Product;Single;;;Make to Order;Buy;Average Price;;;Communication;ITC;Normal;Y;;;;;;;;;;;;;;no;no;; ;;;;;;;;;;;;;;;;;;;
PCOMTRHFVR-;TRANSCEIVER, HF (Codan NGT VR 2011), 20 channels;LOG;Programm Support;Communication;Transceiver Hf;Stockable Product;Single;;;Make to Order;Buy;Average Price;;;Communication;ITC;Normal;Y;;;;;;;;;;;;;;no;no;; ;;;;;;;;;;;;;;;;;;;
PCOMTRHFVRC;(transc. Codan NGT VR) CABLE, micro/junction box, 5m;LOG;Programm Support;Communication;Transceiver Hf;Stockable Product;Single;;;Make to Order;Buy;Average Price;145;145;Communication;ITC;Normal;Y;;;;;;;;;;;;;;no;no;; ;;;;;;;;;;;;;;;;;;;
PCOMTRHFVRD;(transc. Codan NGT VR) CABLE for micro-handset, 0.65 m;LOG;Programm Support;Communication;Transceiver Hf;Stockable Product;Single;;;Make to Order;Buy;Average Price;;;Communication;ITC;Normal;Y;;;;;;;;;;;;;;no;no;; ;;;;;;;;;;;;;;;;;;;
PCOMTRHFVRE;(transc. Codan NGT) ADAPTER for tuner 9350;LOG;Programm Support;Communication;Transceiver Hf;Stockable Product;Single;;;Make to Order;Buy;Average Price;;;Communication;ITC;Normal;Y;;;;;;;;;;;;;;no;no;; ;;;;;;;;;;;;;;;;;;;
PCOMTRHFVRF;(transc. Codan NGT VR) MOUNTING KIT for vehicle;LOG;Programm Support;Communication;Transceiver Hf;Stockable Product;Single;;;Make to Order;Buy;Average Price;;;Communication;ITC;Normal;Y;;;;;;;;;;;;;;no;no;; ;;;;;;;;;;;;;;;;;;;
PCOMTRHFVRH;(transc. Codan NGT VR) CABLE, micr./speaker/transceiver;LOG;Programm Support;Communication;Transceiver Hf;Stockable Product;Single;;;Make to Order;Buy;Average Price;;;Communication;ITC;Normal;Y;5;6;;;;;;;;;;;;no;no;; ;;;;;;;;;;;;;;;;;;;
PCOMTRSA1A-;TRANSCEIVER SATELLITE, Standard A + accessories;LOG;Programm Support;Communication;Transceiver Satellite;Stockable Product;Asset;Telecommunication;;Make to Order;Buy;Average Price;;;Communication;ITC;Normal;Y;;;;;;;;;;;;;;no;no;; ;;;;;;;;;;;;;;;;;;;
PCOMTRSA1C-;TRANSCEIVER SATELLITE, Standard C + accessories;LOG;Programm Support;Communication;Transceiver Satellite;Stockable Product;Asset;Telecommunication;;Make to Order;Buy;Average Price;;;Communication;ITC;Normal;Y;;;;;;;;;;;;;;no;no;; ;;;;;;;;;;;;;;;;;;;
PCOMTRSA1M-;TRANSCEIVER SATELLITE, Standard M + accessories;LOG;Programm Support;Communication;Transceiver Satellite;Stockable Product;Asset;Telecommunication;;Make to Order;Buy;Average Price;;;Communication;ITC;Normal;Y;35;;;;;;;;;;;;;no;no;; ;;;;;;;;;;;;;;;;;;;
PCOMTRSA2M-;TRANSCEIVER, SATELLITE, Mini-M (TT-3060 B);LOG;Programm Support;Communication;Transceiver Satellite;Stockable Product;Asset;Telecommunication;;Make to Order;Buy;Average Price;;;Communication;ITC;Normal;Y;;;;;;;;;;;;;;no;no;; ;;;;;;;;;;;;;;;;;;;
PCOMTRSA2MA;(transceiver Mini-M) ANTENNA, Thrane&Thrane TT-3007A;LOG;Programm Support;Communication;Transceiver Satellite;Stockable Product;Asset;Telecommunication;;Make to Order;Buy;Average Price;;;Communication;ITC;Normal;Y;;;;;;;;;;;;;;no;no;; ;;;;;;;;;;;;;;;;;;;
PCOMTRSA2MB;(transceiver Mini-M) BATTERY, Thrane&Thrane TT-3686D;LOG;Programm Support;Communication;Transceiver Satellite;Stockable Product;Asset;Telecommunication;;Make to Order;Buy;Average Price;;;Communication;ITC;Normal;Y;;;;;;;;;;;;;;no;no;; ;;;;;;;;;;;;;;;;;;;
PCOMTRSA2MC;(transc. Mini-M) COAXIAL CABLE, 5 m, SMB connect.;LOG;Programm Support;Communication;Transceiver Satellite;Stockable Product;Single;;;Make to Order;Buy;Average Price;;;Communication;ITC;Normal;Y;;;;;;;;;;;;;;no;no;; ;;;;;;;;;;;;;;;;;;;
PCOMTRSA2MD;(transc. Mini-M) COAXIAL CABLE, 10 m, SMB connectors;LOG;Programm Support;Communication;Transceiver Satellite;Stockable Product;Single;;;Make to Order;Buy;Average Price;;;Communication;ITC;Normal;Y;;;;;;;;;;;;;;no;no;; ;;;;;;;;;;;;;;;;;;;
PCOMTRSA2ME;(transc. Mini-M) COAXIAL CABLE, 20 m, SMB connectors;LOG;Programm Support;Communication;Transceiver Satellite;Stockable Product;Single;;;Make to Order;Buy;Average Price;;;Communication;ITC;Normal;Y;;;;;;;;;;;;;;no;no;; ;;;;;;;;;;;;;;;;;;;
PCOMTRSA2MF;(transc. Mini-M) ANTENNA, BIG DISH, with cable;LOG;Programm Support;Communication;Transceiver Satellite;Stockable Product;Single;;;Make to Order;Buy;Average Price;;;Communication;ITC;Normal;Y;;;;;;;;;;;;;;no;no;; ;;;;;;;;;;;;;;;;;;;
PCOMTRSA2MG;(transc. Mini-M) CARRYING BAG;LOG;Programm Support;Communication;Transceiver Satellite;Stockable Product;Single;;;Make to Order;Buy;Average Price;;;Communication;ITC;Normal;Y;;;;;;;;;;;;;;no;no;; ;;;;;;;;;;;;;;;;;;;
PCOMTRSA2MJ;(transc. Mini-M) COAXIAL CABLE, 0.15 m, SMB connectors;LOG;Programm Support;Communication;Transceiver Satellite;Stockable Product;Single;;;Make to Order;Buy;Average Price;;;Communication;ITC;Normal;Y;;;;;;;;;;;;;;no;no;; ;;;;;;;;;;;;;;;;;;;
PCOMTRSA2MK;(tranceiver Mini-M) CABLE, COAXIAL, 5 m, SMB connectors;LOG;Programm Support;Communication;Transceiver Satellite;Stockable Product;Single;;;Make to Order;Buy;Average Price;;;Communication;ITC;Normal;Y;;1;;;;;;;;;;;;no;no;; ;;;;;;;;;;;;;;;;;;;
PCOMTRSA2ML;(transc. Mini-M) CIGAR LIGHTER ADAPTOR, 12V DC;LOG;Programm Support;Communication;Transceiver Satellite;Stockable Product;Single;;;Make to Order;Buy;Average Price;;;Communication;ITC;Normal;Y;;;;;;;;;;;;;;no;no;; ;;;;;;;;;;;;;;;;;;;
PCOMTRSA2MP;(transc. Mini-M) POWER CABLE, 12V DC;LOG;Programm Support;Communication;Transceiver Satellite;Stockable Product;Single;;;Make to Order;Buy;Average Price;;;Communication;ITC;Normal;Y;;;;;;;;;;;;;;no;no;; ;;;;;;;;;;;;;;;;;;;
PCOMTRSA2MR;(transc. Mini-M) FAST CHARGER, Thr&Thr TT-3682B;LOG;Programm Support;Communication;Transceiver Satellite;Stockable Product;Single;;;Make to Order;Buy;Average Price;168;168;Communication;ITC;Normal;Y;;;;;;;;;;;;;;no;no;; ;;;;;;;;;;;;;;;;;;;
PCOMTRSA3B-;TRANSCEIVER, SATELLITE, BGAN Explorer 700 (TT-3732A);LOG;Programm Support;Communication;Transceiver Satellite;Stockable Product;Asset;Telecommunication;;Make to Order;Buy;Average Price;;;Communication;ITC;Normal;Y;;;;;;;;;;;;;;no;no;; ;;;;;;;;;;;;;;;;;;;
PCOMTRSA3BA;(transceiver BGAN 700) ANTENNA, TT-3703A;LOG;Programm Support;Communication;Transceiver Satellite;Stockable Product;Asset;Telecommunication;;Make to Order;Buy;Average Price;;;Communication;ITC;Normal;Y;;;;;;;;;;;;;;no;no;; ;;;;;;;;;;;;;;;;;;;
PCOMTRSA3BB;(transceiver BGAN 700) BATTERY, Li-Ion 4.4 Ah, TT-3720A;LOG;Programm Support;Communication;Transceiver Satellite;Stockable Product;Single;;;Make to Order;Buy;Average Price;;;Communication;ITC;Normal;Y;;;;;;;;;;;;;;no;no;X;;;;;;;;;;;;;;;;;;;;
PCOMTRSA3BC;(transceiver BGAN 700) COAXIAL CABLE, 0.45 m, TT-QN/TNC;LOG;Programm Support;Communication;Transceiver Satellite;Stockable Product;Single;;;Make to Order;Buy;Average Price;;;Communication;ITC;Normal;Y;;;;;;;;;;;;;;no;no;; ;;;;;;;;;;;;;;;;;;;
PCOMTRSA3BD;(transceiver BGAN 700) COAXIAL CABLE, 10 m, TT-QN/TNC;LOG;Programm Support;Communication;Transceiver Satellite;Stockable Product;Single;;;Make to Order;Buy;Average Price;;;Communication;ITC;Normal;Y;;;;;;;;;;;;;;no;no;; ;;;;;;;;;;;;;;;;;;;
PCOMTRSA3BE;(transceiver BGAN 700) COAXIAL CABLE, 30 m, TT-QN/TNC;LOG;Programm Support;Communication;Transceiver Satellite;Stockable Product;Single;;;Make to Order;Buy;Average Price;;;Communication;ITC;Normal;Y;;;;;;;;;;;;;;no;no;; ;;;;;;;;;;;;;;;;;;;
PCOMTRSA3BF;(transceiver BGAN 700) AC/DC POWER ADAPTOR;LOG;Programm Support;Communication;Transceiver Satellite;Stockable Product;Single;;;Make to Order;Buy;Average Price;;;Communication;ITC;Normal;Y;;;;;;;;;;;;;;no;no;; ;;;;;;;;;;;;;;;;;;;
PCOMTRSA3BG;(transceiver BGAN 700) CIGAR LIGHTER ADAPTOR, 12V DC;LOG;Programm Support;Communication;Transceiver Satellite;Stockable Product;Single;;;Make to Order;Buy;Average Price;;;Communication;ITC;Normal;Y;;;;;;;;;;;;;;no;no;; ;;;;;;;;;;;;;;;;;;;
PCOMTRSA3BH;(transceiver BGAN 700) HANDSET, 2 wires;LOG;Programm Support;Communication;Transceiver Satellite;Stockable Product;Single;;;Make to Order;Buy;Average Price;;;Communication;ITC;Normal;Y;;;;;;;;;;;;;;no;no;; ;;;;;;;;;;;;;;;;;;;
PCOMTRSA3BI;(transceiver BGAN 700) USB CABLE, 2 m;LOG;Programm Support;Communication;Transceiver Satellite;Stockable Product;Single;;;Make to Order;Buy;Average Price;;;Communication;ITC;Normal;Y;;;;;;;;;;;;;;no;no;; ;;;;;;;;;;;;;;;;;;;
PCOMTRSA3BJ;(transceiver BGAN 700) ETHERNET CABLE, 2 m;LOG;Programm Support;Communication;Transceiver Satellite;Stockable Product;Single;;;Make to Order;Buy;Average Price;;;Communication;ITC;Normal;Y;;;;;;;;;;;;;;no;no;; ;;;;;;;;;;;;;;;;;;;
PCOMTRSA3BK;(transceiver BGAN 700) QUICK INSTALLATION GUIDE;LOG;Programm Support;Communication;Transceiver Satellite;Stockable Product;Single;;;Make to Order;Buy;Average Price;;;Communication;ITC;Normal;Y;;;;;;;;;;;;;;no;no;; ;;;;;;;;;;;;;;;;;;;
PCOMTRSA3BL;(transceiver BGAN 700) SIM CARD;LOG;Programm Support;Communication;Transceiver Satellite;Stockable Product;Single;;;Make to Order;Buy;Average Price;;;Communication;ITC;Normal;Y;;;;;;;;;;;;;;no;no;; ;;;;;;;;;;;;;;;;;;;
PCOMTRSA3BM;(transceiver BGAN 700) POWER CABLE, 12V DC;LOG;Programm Support;Communication;Transceiver Satellite;Stockable Product;Single;;;Make to Order;Buy;Average Price;;;Communication;ITC;Normal;Y;;;;;;;;;;;;;;no;no;; ;;;;;;;;;;;;;;;;;;;
PCOMTRSA3BN;(transceiver BGAN 700) CARRYING BAG, soft;LOG;Programm Support;Communication;Transceiver Satellite;Stockable Product;Single;;;Make to Order;Buy;Average Price;;;Communication;ITC;Normal;Y;;;;;;;;;;;;;;no;no;; ;;;;;;;;;;;;;;;;;;;
PCOMTRSA3BO;(transceiver BGAN 700) POLE MOUNTING KIT, for antenna;LOG;Programm Support;Communication;Transceiver Satellite;Stockable Product;Single;;;Make to Order;Buy;Average Price;;;Communication;ITC;Normal;Y;;;;;;;;;;;;;;no;no;; ;;;;;;;;;;;;;;;;;;;
PCOMTRUH36-;TRANSCEIVER, UHF (Motorola GM360), 403-470 MHz;LOG;Programm Support;Communication;Transceiver UHF;Stockable Product;Single;;;Make to Order;Buy;Average Price;;;Communication;ITC;Normal;Y;;;;;;;;;;;;;;no;no;; ;;;;;;;;;;;;;;;;;;;
PCOMTRUH36M;(transc. Motorola GM360) MICROPHONE;LOG;Programm Support;Communication;Transceiver UHF;Stockable Product;Single;;;Make to Order;Buy;Average Price;;;Communication;ITC;Normal;Y;;;;;;;;;;;;;;no;no;; ;;;;;;;;;;;;;;;;;;;
PCOMTRUH36P;(transc. Motorola GM360) PROGRAMMING LEAFLET;LOG;Programm Support;Communication;Transceiver UHF;Stockable Product;Single;;;Make to Order;Buy;Average Price;;;Communication;ITC;Normal;Y;;;;;;;;;;;;;;no;no;; ;;;;;;;;;;;;;;;;;;;
PCOMTRVH201;TRANSCEIVER VHF, aviation, Becker prof AR3201;LOG;Programm Support;Communication;Transceiver Vhf;Stockable Product;Single;;;Make to Order;Buy;Average Price;;;Communication;ITC;Normal;Y;;;;;;;;;;;;;;no;no;;38 J(PME);;;;;;;;;;;;;;;;;;;
PCOMTRVH23-;TRANSCEIVER VHF, Yaesu FT23R, 138-164 Mhz;LOG;Programm Support;Communication;Transceiver Vhf;Stockable Product;Single;;;Make to Order;Buy;Average Price;;;Communication;ITC;Normal;Y;;;;;;;;;;;;;;no;no;;38 J(PME);;;;;;;;;;;;;;;;;;;
PCOMTRVH25-;TRANSCEIVER VHF, Kenwood TK250, 144-172 MHz;LOG;Programm Support;Communication;Transceiver Vhf;Stockable Product;Single;;;Make to Order;Buy;Average Price;;;Communication;ITC;Normal;Y;;;;;;;;;;;;;;no;no;; ;;;;;;;;;;;;;;;;;;;
PCOMTRVH250;TRANSCEIVER, VHF, YAESU FT2500M, 144-174 MHz, CTCSS interf.;LOG;Programm Support;Communication;Transceiver Vhf;Stockable Product;Single;;;Make to Order;Buy;Average Price;4;4;Communication;ITC;Normal;Y;;;;;;;;;;;;;;no;no;; ;;;;;;;;;;;;;;;;;;;
PCOMTRVH26-;TRANSCEIVER VHF, Yaesu FT26A3, 144-172 MHz + CTSS interface;LOG;Programm Support;Communication;Transceiver Vhf;Stockable Product;Single;;;Make to Order;Buy;Average Price;;;Communication;ITC;Normal;Y;;;;;;;;;;;;;;no;no;; ;;;;;;;;;;;;;;;;;;;
PCOMTRVH260;TRANSCEIVER, VHF, YAESU FT2600M, 144-147 MHz;LOG;Programm Support;Communication;Transceiver Vhf;Stockable Product;Single;;;Make to Order;Buy;Average Price;1;1;Communication;ITC;Normal;Y;;;;;;;;;;;;;;no;no;; ;;;;;;;;;;;;;;;;;;;
PCOMTRVH271;TRANSCEIVER, VHF (Kenwood TM-271), 136-174 MHz;LOG;Programm Support;Communication;Transceiver Vhf;Stockable Product;Single;;;Make to Order;Buy;Average Price;333;333;Communication;ITC;Normal;Y;;;;;;;;;;;;;;no;no;; ;;;;;;;;;;;;;;;;;;;
PCOMTRVH27P;(transceiver Kenwood TM-271) PROGRAMMING LEAFLET;LOG;Programm Support;Communication;Transceiver Vhf;Stockable Product;Single;;;Make to Order;Buy;Average Price;;;Communication;ITC;Normal;Y;;;;;;;;;;;;;;no;no;; ;;;;;;;;;;;;;;;;;;;
PCOMTRVH280;TRANSCEIVER, VHF (Yaesu FT2800M), 136-174 MHz;LOG;Programm Support;Communication;Transceiver Vhf;Stockable Product;Single;;;Make to Order;Buy;Average Price;;;Communication;ITC;Normal;Y;;;;;;;;;;;;;;no;no;; ;;;;;;;;;;;;;;;;;;;
PCOMTRVH28C;(transc. Yaesu FT2800M) CLONING CABLE;LOG;Programm Support;Communication;Transceiver Vhf;Stockable Product;Single;;;Make to Order;Buy;Average Price;;;Communication;ITC;Normal;Y;;;;;;;;;;;;;;no;no;; ;;;;;;;;;;;;;;;;;;;
PCOMTRVH28D;(transc. Yaesu FT2500/2600/2800M) DC POWER CABLE;LOG;Programm Support;Communication;Transceiver Vhf;Stockable Product;Single;;;Make to Order;Buy;Average Price;;;Communication;ITC;Normal;Y;;;;;;;;;;;;;;no;no;; ;;;;;;;;;;;;;;;;;;;
PCOMTRVH28M;(transceiver Yaesu FT2800M) MICROPHONE Yaesu MH 25 A8J/B;LOG;Programm Support;Communication;Transceiver Vhf;Stockable Product;Single;;;Make to Order;Buy;Average Price;;;Communication;ITC;Normal;Y;1;;;;;;;;;;;;;no;no;; ;;;;;;;;;;;;;;;;;;;
PCOMTRVH28P;(transceiver Yaesu FT2800M) PROGRAMMING LEAFLET;LOG;Programm Support;Communication;Transceiver Vhf;Stockable Product;Single;;;Make to Order;Buy;Average Price;;;Communication;ITC;Normal;Y;1;;;;;;;;;;;;;no;no;; ;;;;;;;;;;;;;;;;;;;
PCOMTRVH2S-;TRANSCEIVER VHF, portable, Icom IC2SE, 138-174 Mhz;LOG;Programm Support;Communication;Transceiver Vhf;Stockable Product;Single;;;Make to Order;Buy;Average Price;;;Communication;ITC;Normal;Y;;;;;;;;;;;;;;no;no;;38 J(PME);;;;;;;;;;;;;;;;;;;
PCOMTRVH30-;TRANSCEIVER VHF, Icom ICF30LT (#52), 144-174 MHz, + cover;LOG;Programm Support;Communication;Transceiver Vhf;Stockable Product;Single;;;Make to Order;Buy;Average Price;687;687;Communication;ITC;Normal;Y;;1;;;;;;;;;;;;no;no;; ;;;;;;;;;;;;;;;;;;;
PCOMTRVH30A;(transc. Icom ICF30LT) ANTENNA WHIP;LOG;Programm Support;Communication;Transceiver Vhf;Stockable Product;Single;;;Make to Order;Buy;Average Price;;;Communication;ITC;Normal;Y;;;;;;;;;;;;;;no;no;; ;;;;;;;;;;;;;;;;;;;
PCOMTRVH30B;(transc. Icom ICF30LT) BATTERY;LOG;Programm Support;Communication;Transceiver Vhf;Stockable Product;Single;;;Make to Order;Buy;Average Price;;;Communication;ITC;Normal;Y;;;;;;;;;;;;;;no;no;; ;;;;;;;;;;;;;;;;;;;
PCOMTRVH30C;(transc. Icom ICF30LT) BELT CLIP, metal;LOG;Programm Support;Communication;Transceiver Vhf;Stockable Product;Single;;;Make to Order;Buy;Average Price;;;Communication;ITC;Normal;Y;;;;;;;;;;;;;;no;no;; ;;;;;;;;;;;;;;;;;;;
PCOMTRVH30E;(transc. Icom ICF30LT) TECHNICAL INSTRUCTIONS;LOG;Programm Support;Communication;Transceiver Vhf;Stockable Product;Single;;;Make to Order;Buy;Average Price;;;Communication;ITC;Normal;Y;;;;;;;;;;;;;;no;no;; ;;;;;;;;;;;;;;;;;;;
PCOMTRVH30H;(transc. Icom ICF30LT) BATTERY CHARGER;LOG;Programm Support;Communication;Transceiver Vhf;Stockable Product;Single;;;Make to Order;Buy;Average Price;;;Communication;ITC;Normal;Y;;;;;;;;;;;;;;no;no;; ;;;;;;;;;;;;;;;;;;;
PCOMTRVH30I;(transc. Icom ICF30LT) CABLE 12V DC, for charger;LOG;Programm Support;Communication;Transceiver Vhf;Stockable Product;Single;;;Make to Order;Buy;Average Price;;;Communication;ITC;Normal;Y;;;;;;;;;;;;;;no;no;; ;;;;;;;;;;;;;;;;;;;
PCOMTRVH30L;(transc. Icom ICF30LT) CLONING CABLE;LOG;Programm Support;Communication;Transceiver Vhf;Stockable Product;Single;;;Make to Order;Buy;Average Price;;;Communication;ITC;Normal;Y;;;;;;;;;;;;;;no;no;; ;;;;;;;;;;;;;;;;;;;
PCOMTRVH30O;(transc. Icom ICF30LT) SOFT CASE;LOG;Programm Support;Communication;Transceiver Vhf;Stockable Product;Single;;;Make to Order;Buy;Average Price;;;Communication;ITC;Normal;Y;;;;;;;;;;;;;;no;no;; ;;;;;;;;;;;;;;;;;;;
PCOMTRVH30P;(transceiver Icom ICF30LT) PROGRAMMING CABLE, Icom OPC427;LOG;Programm Support;Communication;Transceiver Vhf;Stockable Product;Single;;;Make to Order;Buy;Average Price;32;32;Communication;ITC;Normal;Y;;;;;;;;;;;;;;no;no;; ;;;;;;;;;;;;;;;;;;;
PCOMTRVH30S;(transceiver Icom ICF30LT) SOFTWARE, PROGRAMMING + manual;LOG;Programm Support;Communication;Transceiver Vhf;Stockable Product;Single;;;Make to Order;Buy;Average Price;;;Communication;ITC;Normal;Y;;;;;;;;;;;;;;no;no;; ;;;;;;;;;;;;;;;;;;;
PCOMTRVH31-;TRANSCEIVER VHF, Motorola GP300, 5 W, 16 channels 12.5 KHz;LOG;Programm Support;Communication;Transceiver Vhf;Stockable Product;Single;;;Make to Order;Buy;Average Price;;;Communication;ITC;Normal;Y;;;;;;;;;;;;;;no;no;; ;;;;;;;;;;;;;;;;;;;
PCOMTRVH311;TRANSCEIVER VHF, base, Motorola GM300, 45 W 12.5 KHz;LOG;Programm Support;Communication;Transceiver Vhf;Stockable Product;Single;;;Make to Order;Buy;Average Price;;;Communication;ITC;Normal;Y;;;;;;;;;;;;;;no;no;; ;;;;;;;;;;;;;;;;;;;
PCOMTRVH32-;TRANSCEIVER VHF, Motorola GP340, 5 W, 16 channels 12.5 KHz;LOG;Programm Support;Communication;Transceiver Vhf;Stockable Product;Single;;;Make to Order;Buy;Average Price;349;349;Communication;ITC;Normal;Y;;;;;;;;;;;;;;no;no;; ;;;;;;;;;;;;;;;;;;;
PCOMTRVH32B;(transc. Motorola GP340) BATTERY;LOG;Programm Support;Communication;Transceiver Vhf;Stockable Product;Single;;;Make to Order;Buy;Average Price;;;Communication;ITC;Normal;Y;;;;;;;;;;;;;;no;no;; ;;;;;;;;;;;;;;;;;;;
PCOMTRVH32H;(transc. Motorola GP340) BATTERY CHARGER;LOG;Programm Support;Communication;Transceiver Vhf;Stockable Product;Single;;;Make to Order;Buy;Average Price;;;Communication;ITC;Normal;Y;;;;;;;;;;;;;;no;no;; ;;;;;;;;;;;;;;;;;;;
PCOMTRVH32L;(transc. Motorola GP340) BELT CLIP, metal;LOG;Programm Support;Communication;Transceiver Vhf;Stockable Product;Single;;;Make to Order;Buy;Average Price;;;Communication;ITC;Normal;Y;;;;;;;;;;;;;;no;no;; ;;;;;;;;;;;;;;;;;;;
PCOMTRVH32O;(transc. Motorola GP340) SOFT CASE;LOG;Programm Support;Communication;Transceiver Vhf;Stockable Product;Single;;;Make to Order;Buy;Average Price;;;Communication;ITC;Normal;Y;;;;;;;;;;;;;;no;no;; ;;;;;;;;;;;;;;;;;;;
PCOMTRVH70-;TRANSCEIVER HF, portable, Yaesu FT70GH;LOG;Programm Support;Communication;Transceiver Vhf;Stockable Product;Single;;;Make to Order;Buy;Average Price;;;Communication;ITC;Normal;Y;;;;;;;;;;;;;;no;no;;38 J(PME);;;;;;;;;;;;;;;;;;;
PCOOBOTL01-;BOTTLE, for WATER, 1 l;LOG;Programm Support;COOKING;bottle;Stockable Product;Single;;;Make to Stock;Buy;Average Price;;;COOKING;ITC;Normal;Y;;;;;;;;;;;;;;no;no;; ;;;;;;;;;;;;;;;;;;;
PCOOBOTLA1-;GOURD, 1 l, aluminium;LOG;Programm Support;COOKING;bottle;Stockable Product;Single;;;Make to Stock;Buy;Average Price;;;COOKING;ITC;Normal;Y;;;;;;;;;;;;;;no;no;; ;;;;;;;;;;;;;;;;;;;
PCOOBOWL3A-;BOWL, 0.3 l, aluminium + handle;LOG;Programm Support;COOKING;Bowl;Stockable Product;Single;;;Make to Stock;Buy;Average Price;;;COOKING;ITC;Normal;Y;;;;;;;;;;;;;;no;no;; ;;;;;;;;;;;;;;;;;;;
PCOOBOWL3P-;BOWL, 0.3 l, plastic;LOG;Programm Support;COOKING;Bowl;Stockable Product;Single;;;Make to Stock;Buy;Average Price;;;COOKING;ITC;Normal;Y;;;;;;;;;;;;;;no;no;; ;;;;;;;;;;;;;;;;;;;
PCOOBOXC2--;ICEBOX, 24 l;LOG;Programm Support;COOKING;Box, Cold Box, Ice Box;Stockable Product;Single;;;Make to Stock;Buy;Average Price;;;COOKING;ITC;Normal;Y;;;;;;;;;;;;;;no;no;; ;;;;;;;;;;;;;;;;;;;
PCOOBOXC4--;ICEBOX, 45 l, polyurethane (24 h/32ºC);LOG;Programm Support;COOKING;Box, Cold Box, Ice Box;Stockable Product;Single;;;Make to Stock;Buy;Average Price;;;COOKING;ITC;Normal;Y;;;;;;;;;;;;;;no;no;; ;;;;;;;;;;;;;;;;;;;
PCOOBOXC5T-;ICEBOX, 5 l, polyurethane, with tap;LOG;Programm Support;COOKING;Box, Cold Box, Ice Box;Stockable Product;Single;;;Make to Stock;Buy;Average Price;;;COOKING;ITC;Normal;Y;;;;;;;;;;;;;;no;no;; ;;;;;;;;;;;;;;;;;;;
PCOOSCOO12-;SCOOP, aluminium, Ø 10/12 cm, 30 cm long;LOG;Programm Support;COOKING;Scoop;Stockable Product;Single;;;Make to Order;Buy;Average Price;;;COOKING;ITC;Normal;Y;;;;;;;;;;;;;;no;no;; ;;;;;;;;;;;;;;;;;;;
PCOOSCOO1N5;SCOOP, RED (Nutriset), pack of 5;LOG;Programm Support;COOKING;Scoop;Stockable Product;Single;;;Make to Order;Buy;Average Price;;;COOKING;ITC;Normal;Y;;;;;;;;;;;;;;no;no;; ;;;;;;;;;;;;;;;;;;;
PCOOSPOO1PG;SPOON, soup, green, plastic, 15 ml;LOG;Programm Support;COOKING;Spoon;Stockable Product;Single;;;Make to Order;Buy;Average Price;;;COOKING;ITC;Normal;Y;;;;;;;;;;;;;;no;no;; ;;;;;;;;;;;;;;;;;;;
PCOOSPOO1PR;SPOON, soup, red, plastic, 15 ml;LOG;Programm Support;COOKING;Spoon;Stockable Product;Single;;;Make to Order;Buy;Average Price;;;COOKING;ITC;Normal;Y;;;;;;;;;;;;;;no;no;; ;;;;;;;;;;;;;;;;;;;
PCOOSTOV1E2;STOVE, electrical plate, 1500 W, 20 cm;LOG;Programm Support;COOKING;Spoon;Stockable Product;Single;;;Make to Order;Buy;Average Price;;;COOKING;ITC;Normal;Y;;;;;;;;;;;;;;no;no;; ;;;;;;;;;;;;;;;;;;;
PCOOSTOV1MR;STOVE,  for methylated tablets, + 20 refills;LOG;Programm Support;COOKING;Spoon;Stockable Product;Single;;;Make to Order;Buy;Average Price;;;COOKING;ITC;Normal;Y;;;;;;;;;;;;;;no;no;; ;;;;;;;;;;;;;;;;;;;
PELEBACI25-;BATTERY CHARGER/INVERTER, 230/12/230 V, 25A, 750W;LOG;Programm Support;Electricity;Battery, charger - inverter;Stockable Product;Single;;;Make to Order;Buy;Average Price;;;Electricity;ITC;Normal;Y;;16;;;;;;;;;;;;no;no;; ;;;;;;;;;;;;;;;;;;;
PELEBACI45+;BATTERY CHARGER/INVERTER, 45A, 1100W;LOG;Programm Support;Electricity;Battery, charger - inverter;Stockable Product;Single;;;Make to Order;Buy;Average Price;;;Electricity;ITC;Normal;Y;;;;;;;;;;;;;;no;no;; ;;;;;;;;;;;;;;;;;;;
PELEBACI45R;(battery charger/inverter 45A) REMOTE CONTROL;LOG;Programm Support;Electricity;Battery, charger - inverter;Stockable Product;Single;;;Make to Order;Buy;Average Price;;;Electricity;ITC;Normal;Y;;;;;;;;;;;;;;no;no;; ;;;;;;;;;;;;;;;;;;;
PELEBACI70-;BATTERY CHARGER/INVERTER, 230/12/230 V, 70A, 1300W;LOG;Programm Support;Electricity;Battery, charger - inverter;Stockable Product;Single;;;Make to Order;Buy;Average Price;;;Electricity;ITC;Normal;Y;;;;;;;;;;;;;;no;no;; ;;;;;;;;;;;;;;;;;;;
PELEBATC15-;BATTERY CHARGER, 230 V, automatic, 15 A;LOG;Programm Support;Electricity;Battery, Charger;Stockable Product;Single;;;Make to Order;Buy;Average Price;;;Electricity;ITC;Normal;Y;;8;;;;;;;;;;;;no;no;;18 J(A);;;;;;;;;;;;;;;;;;;
PELEBATC15W;BATTERY CHARGER, 12 V, 15 A, for workshop;LOG;Programm Support;Electricity;Battery, Charger;Stockable Product;Single;;;Make to Order;Buy;Average Price;;;Electricity;ITC;Normal;Y;;;;;;;;;;;;;;no;no;; ;;;;;;;;;;;;;;;;;;;
PELEBATC50I;BATTERY CHARGER/INVERTER, 230/12/230 V, 1000W, 50A + cabling;LOG;Programm Support;Electricity;Battery, Charger;Stockable Product;Single;;;Make to Order;Buy;Average Price;1625;1625;Electricity;ITC;Normal;Y;;;;;;;;;;;;;;no;no;; ;;;;;;;;;;;;;;;;;;;
PELEBATCR06;CHARGER, for R6 NiCD & NiMH batteries, 110-240 VAC / 12 VDC;LOG;Programm Support;Electricity;Battery, Charger;Stockable Product;Single;;;Make to Order;Buy;Average Price;;;Electricity;ITC;Normal;Y;;;;;;;;;;;;;;no;no;; ;;;;;;;;;;;;;;;;;;;
PELEBATCTS-;(battery charger) TEMPERATURE SENSOR;LOG;Programm Support;Electricity;Battery, Charger;Stockable Product;Single;;;Make to Order;Buy;Average Price;;;Electricity;ITC;Normal;Y;;;;;;;;;;;;;;no;no;; ;;;;;;;;;;;;;;;;;;;
PELEBOAR02P;BOARD, MULTI-OUTLET, 3 outlets, earth-leak switch + protect.;LOG;Programm Support;Electricity;electrical board;Stockable Product;Single;;;Make to Order;Buy;Average Price;;;Electricity;ITC;Normal;Y;;;;;;;;;;;;;;no;no;; ;;;;;;;;;;;;;;;;;;;
PELEBOAR03P;BOARD, ELECTRICAL INSTALLATION, mono, 32 A + cables;LOG;Programm Support;Electricity;electrical board;Stockable Product;Single;;;Make to Order;Buy;Average Price;;;Electricity;ITC;Normal;Y;;;;;;;;;;;;;;no;no;; ;;;;;;;;;;;;;;;;;;;
PELECABA06P;(cable, earth) EARTH PIN, 50 cm long;LOG;Programm Support;Electricity;Cable, Earth;Stockable Product;Single;;;Make to Order;Buy;Average Price;;;Electricity;ITC;Normal;Y;;;;;;;;;;;;;;no;no;; ;;;;;;;;;;;;;;;;;;;
PELECABA10-;EARTHING BRAID, 10 mm², 280 mm;LOG;Programm Support;Electricity;Cable, Earth;Stockable Product;Single;;;Make to Order;Buy;Average Price;;;Electricity;ITC;Normal;Y;;;;;;;;;;;;;;no;no;; ;;;;;;;;;;;;;;;;;;;
PELECABA10M;EARTHING BRAID, 10 mm² (per meter);LOG;Programm Support;Electricity;Cable, Earth;Stockable Product;Single;;;Make to Order;Buy;Average Price;;;Electricity;ITC;Normal;Y;;;;;;;;;;;;;;no;no;; ;;;;;;;;;;;;;;;;;;;
PELECABA10P;(earthing cable) EARTH PIN, copper, 150 cm;LOG;Programm Support;Electricity;Cable, Earth;Stockable Product;Single;;;Make to Order;Buy;Average Price;;;Electricity;ITC;Normal;Y;;;;;;;;;;;;;;no;no;; ;;;;;;;;;;;;;;;;;;;
PELECABA16-;CABLE, BRAIDED EARTH STRIP copper 16 mm2, fr HF base, per m.;LOG;Programm Support;Electricity;Cable, Earth;Stockable Product;Single;;;Make to Order;Buy;Average Price;;;Electricity;ITC;Normal;Y;;;;;;;;;;;;;;no;no;; ;;;;;;;;;;;;;;;;;;;
PELECABA35-;CABLE, EARTH STRIP, 35 mm2, welded 8 mm terminals, 65 cm;LOG;Programm Support;Electricity;Cable, Earth;Stockable Product;Single;;;Make to Order;Buy;Average Price;;;Electricity;ITC;Normal;Y;;;;;;;;;;;;;;no;no;; ;;;;;;;;;;;;;;;;;;;
PELECABAP10;(earthing cable) EARTH PIN, copper, 150 cm;LOG;Programm Support;Electricity;Cable, Earth;Stockable Product;Single;;;Make to Order;Buy;Average Price;;;Electricity;ITC;Normal;Y;;;;;;;;;;;;;;no;no;; ;;;;;;;;;;;;;;;;;;;
PELECLAM10F;CLAMP, for flat cable, 3 x 10 mm², with steel nail;LOG;Programm Support;Electricity;Clamp, electric;Stockable Product;Single;;;Make to Order;Buy;Average Price;;;Electricity;ITC;Normal;Y;;;;;;;;;;;;;;no;no;; ;;;;;;;;;;;;;;;;;;;
PELECLAM16-;CLAMP, CABLE CONDUIT FIXING, for 16 mm conduit;LOG;Programm Support;Electricity;Clamp, electric;Stockable Product;Single;;;Make to Order;Buy;Average Price;;;Electricity;ITC;Normal;Y;;;;;;;;;;;;;;no;no;; ;;;;;;;;;;;;;;;;;;;
PELECLAM19-;CLAMP, CABLE CONDUIT FIXING, for 19 mm conduit;LOG;Programm Support;Electricity;Clamp, electric;Stockable Product;Single;;;Make to Order;Buy;Average Price;;;Electricity;ITC;Normal;Y;;;;;;;;;;;;;;no;no;; ;;;;;;;;;;;;;;;;;;;
PELECONDF19;CONDUIT, CABLE, flexible, 19 mm, PVC, per metre;LOG;Programm Support;Electricity;Conduit;Stockable Product;Single;;;Make to Order;Buy;Average Price;;;Electricity;ITC;Normal;Y;;;;;;;;;;;;;;no;no;; ;;;;;;;;;;;;;;;;;;;
PELECONDF25;CONDUIT, CABLE, flexible, 25 mm, PVC, per metre;LOG;Programm Support;Electricity;Conduit;Stockable Product;Single;;;Make to Order;Buy;Average Price;;;Electricity;ITC;Normal;Y;;;;;;;;;;;;;;no;no;; ;;;;;;;;;;;;;;;;;;;
PELECONDR16;CONDUIT, CABLE, rigid, 16mm, PVC, per metre;LOG;Programm Support;Electricity;Conduit;Stockable Product;Single;;;Make to Order;Buy;Average Price;;;Electricity;ITC;Normal;Y;;;;;;;;;;;;;;no;no;; ;;;;;;;;;;;;;;;;;;;
PELEFUSC610;FUSE, automotive, ceramic type, 10 A, 6 x 25 mm;LOG;Programm Support;Electricity;Fuse, Ceramic type;Stockable Product;Single;;;Make to Order;Buy;Average Price;;;Electricity;ITC;Normal;Y;;;;;;;;;;;;;;no;no;; ;;;;;;;;;;;;;;;;;;;
PELEFUSC616;FUSE, automotive, ceramic type, 16 A, 6 x 25 mm;LOG;Programm Support;Electricity;Fuse, Ceramic type;Stockable Product;Single;;;Make to Order;Buy;Average Price;;;Electricity;ITC;Normal;Y;;;;;;;;;;;;;;no;no;; ;;;;;;;;;;;;;;;;;;;
PELEFUSC620;FUSE, automotive, ceramic type, 20 A, 6 x 25 mm;LOG;Programm Support;Electricity;Fuse, Ceramic type;Stockable Product;Single;;;Make to Order;Buy;Average Price;;;Electricity;ITC;Normal;Y;;;;;;;;;;;;;;no;no;; ;;;;;;;;;;;;;;;;;;;
PELEGEND---;Preliminary remarks on generators;LOG;Programm Support;Electricity;Generator Diesel;Stockable Product;Single;;;Make to Order;Buy;Average Price;;;Electricity;ITC;Normal;Y;;;;;;;;;;;;;;no;no;; ;;;;;;;;;;;;;;;;;;;
PELEGEND++8;Remarks on generators above 8 kVA (6.4 kW);LOG;Programm Support;Electricity;Generator Diesel;Stockable Product;Single;;;Make to Order;Buy;Average Price;;;Electricity;ITC;Normal;Y;;;;;;;;;;;;;;no;no;; ;;;;;;;;;;;;;;;;;;;
PELEGEND0++;GENERATOR DIESEL, 230 V, 50Hz;LOG;Programm Support;Electricity;Generator Diesel;Stockable Product;Single;;;Make to Order;Buy;Average Price;;;Electricity;ITC;Normal;Y;;;;;;;;;;;;;;no;no;; ;;;;;;;;;;;;;;;;;;;
PELEGEND03-;GENERATOR DIESEL, 230 V, 50Hz, 3-4 kVA;LOG;Programm Support;Electricity;Generator Diesel;Stockable Product;Single;;;Make to Order;Buy;Average Price;1675;1675;Electricity;ITC;Normal;Y;;8;;;;;;;;;;;;no;no;X;;;;;;;;;;;;;;;;;;;;
PELEGEND03R;GENERAT. DIESEL, 3.3 KVA, 2.7 KW, 50HZ, 220 V Robin;LOG;Programm Support;Electricity;Generator Diesel;Stockable Product;Single;;;Make to Order;Buy;Average Price;;;Electricity;ITC;Normal;Y;;;;;;;;;;;;;;no;no;; ;;;;;;;;;;;;;;;;;;;
PELEGEND03Y;GENERAT. DIESEL, 3 KVA, 50HZ, 230 V, YDG 3700E-5BG;LOG;Programm Support;Electricity;Generator Diesel;Stockable Product;Single;;;Make to Order;Buy;Average Price;;;Electricity;ITC;Normal;Y;;68;;;;;;;;;;;;no;no;X;;;;;;;;;;;;;;;;;;;;
PELEGEND04G;GENERAT. DIESEL, 4.5 KVA, 3.6 KW, 220 V, Genelec 15LD;LOG;Programm Support;Electricity;Generator Diesel;Stockable Product;Single;;;Make to Order;Buy;Average Price;;;Electricity;ITC;Normal;Y;296;;;;;;;;;;;;;no;no;X;;;;;;;;;;;;;;;;;;;;
PELEGEND04R;GENERAT. DIESEL, 3.7 KVA, 3 KW, 220 V Robin DY30;LOG;Programm Support;Electricity;Generator Diesel;Stockable Product;Single;;;Make to Order;Buy;Average Price;;;Electricity;ITC;Normal;Y;;;;;;;;;;;;;;no;no;X;;;;;;;;;;;;;;;;;;;;
PELEGEND05G;GENERAT. DIESEL, 5 KVA, 4 KW, 220 V, Genelec Get;LOG;Programm Support;Electricity;Generator Diesel;Stockable Product;Single;;;Make to Order;Buy;Average Price;;;Electricity;ITC;Normal;Y;;;;;;;;;;;;;;no;no;; ;;;;;;;;;;;;;;;;;;;
PELEGEND05L;GENERAT. DIESEL, 5 KVA, 4 KW, 220 V, Lister TS1 , belt drive;LOG;Programm Support;Electricity;Generator Diesel;Stockable Product;Single;;;Make to Order;Buy;Average Price;;;Electricity;ITC;Normal;Y;82;25;;;;;;;;;;;;no;no;; ;;;;;;;;;;;;;;;;;;;
PELEGEND05R;GENERAT. DIESEL, 5 KVA, 4 KW, 220 V Robin RGD5000/DY41;LOG;Programm Support;Electricity;Generator Diesel;Stockable Product;Single;;;Make to Order;Buy;Average Price;;;Electricity;ITC;Normal;Y;25;115;;;;;;;;;;;;no;no;X;;;;;;;;;;;;;;;;;;;;
PELEGEND07S;GENERATOR DIESEL, 230 V, 50Hz, 7-8 kVA, silenced;LOG;Programm Support;Electricity;Generator Diesel;Stockable Product;Single;;;Make to Order;Buy;Average Price;;;Electricity;ITC;Normal;Y;;;;;;;;;;;;;;no;no;X;;;;;;;;;;;;;;;;;;;;
PELEGEND09L;GENERAT. DIESEL, 9.5 KVA, 7.6KW, 380 V, 3 phase, Lister TS2;LOG;Programm Support;Electricity;Generator Diesel;Stockable Product;Single;;;Make to Order;Buy;Average Price;;;Electricity;ITC;Normal;Y;;;;;;;;;;;;;;no;no;; ;;;;;;;;;;;;;;;;;;;
PELEGEND11L;GENERAT. DIESEL, 11.5 KVA, 10 KW, 380 V 3 phase, Lister TR2;LOG;Programm Support;Electricity;Generator Diesel;Stockable Product;Single;;;Make to Order;Buy;Average Price;;;Electricity;ITC;Normal;Y;;;;;;;;;;;;;;no;no;; ;;;;;;;;;;;;;;;;;;;
PELEGEND15L;GENERAT. DIESEL, 15 KVA, 12 KW, 380 V, 3 phase, Lister TS3;LOG;Programm Support;Electricity;Generator Diesel;Stockable Product;Single;;;Make to Order;Buy;Average Price;;;Electricity;ITC;Normal;Y;;;;;;;;;;;;;;no;no;; ;;;;;;;;;;;;;;;;;;;
PELEGEND7SU;USER MANUAL, adapted to the generator;LOG;Programm Support;Electricity;Generator Diesel;Stockable Product;Single;;;Make to Order;Buy;Average Price;;;Electricity;ITC;Normal;Y;;;;;;;;;;;;;;no;no;; ;;;;;;;;;;;;;;;;;;;
PELEGEND99W;GENERAT. DIESEL, 100 KVA, 380V, 3 phase Wilson Perkins P100;LOG;Programm Support;Electricity;Generator Diesel;Stockable Product;Single;;;Make to Order;Buy;Average Price;;;Electricity;ITC;Normal;Y;;1862;;;;;;;;;;;;no;no;; ;;;;;;;;;;;;;;;;;;;
PELEPLUG1FF;(plug) SOCKET, female, rubber (2 x 16 A + earth) N.French;LOG;Programm Support;Electricity;Plug;Stockable Product;Single;;;Make to Order;Buy;Average Price;;;Electricity;ITC;Normal;Y;;;;;;;;;;;;;;no;no;; ;;;;;;;;;;;;;;;;;;;
PELEPLUG1MF;PLUG, male, rubber (2 x 16 A + earth) N.French;LOG;Programm Support;Electricity;Plug;Stockable Product;Single;;;Make to Order;Buy;Average Price;;;Electricity;ITC;Normal;Y;;;;;;;;;;;;;;no;no;; ;;;;;;;;;;;;;;;;;;;
PELEPLUGEI2;PLUG, male, industrial, (2 x 16 A + earth) EUR std, IP44;LOG;Programm Support;Electricity;Plug;Stockable Product;Single;;;Make to Order;Buy;Average Price;;;Electricity;ITC;Normal;Y;;;;;;;;;;;;;;no;no;; ;;;;;;;;;;;;;;;;;;;
PELEPLUGEP3;PLUG, male, plastic (3P+N+earth-16A) EUR std, IP44;LOG;Programm Support;Electricity;Plug;Stockable Product;Single;;;Make to Order;Buy;Average Price;;;Electricity;ITC;Normal;Y;;4;;;;;;;;;;;;no;no;; ;;;;;;;;;;;;;;;;;;;
PELEPLUGFP0;PLUG, male, plastic (2 x 6 A + earth) FR std;LOG;Programm Support;Electricity;Plug;Stockable Product;Single;;;Make to Order;Buy;Average Price;;;Electricity;ITC;Normal;Y;;;;;;;;;;;;;;no;no;; ;;;;;;;;;;;;;;;;;;;
PELEPLUGFP3;PLUG, male, plastic (4 x 32 A + earth) FR std;LOG;Programm Support;Electricity;Plug;Stockable Product;Single;;;Make to Order;Buy;Average Price;;;Electricity;ITC;Normal;Y;;;;;;;;;;;;;;no;no;; ;;;;;;;;;;;;;;;;;;;
PELEPLUGKP1;PLUG, male, plastic (2 x 13 A + earth), + fuse UK std;LOG;Programm Support;Electricity;Plug;Stockable Product;Single;;;Make to Order;Buy;Average Price;;;Electricity;ITC;Normal;Y;;;;;;;;;;;;;;no;no;; ;;;;;;;;;;;;;;;;;;;
PELEREGU100;VOLTAGE REGULATOR,  230 V. 100 VA;LOG;Programm Support;Electricity;Regulator;Stockable Product;Single;;;Make to Order;Buy;Average Price;;;Electricity;ITC;Normal;Y;;;;;;;;;;;;;;no;no;;38 J(PME);;;;;;;;;;;;;;;;;;;
PELEREGU150;VOLTAGE REGULATOR, 220 V. 1500 VA, 1200 W;LOG;Programm Support;Electricity;Regulator;Stockable Product;Single;;;Make to Order;Buy;Average Price;;;Electricity;ITC;Normal;Y;;;;;;;;;;;;;;no;no;;38 J(PME);;;;;;;;;;;;;;;;;;;
PELEREGU500;VOLTAGE REGULATOR, 220 V. 500 VA, 400 W;LOG;Programm Support;Electricity;Regulator;Stockable Product;Single;;;Make to Order;Buy;Average Price;;;Electricity;ITC;Normal;Y;;;;;;;;;;;;;;no;no;;38 J(PME);;;;;;;;;;;;;;;;;;;
PELETIES---;TIE, self-locking head, plastic, assortment;LOG;Programm Support;Electricity;Ties;Stockable Product;Single;;;Make to Order;Buy;Average Price;;;Electricity;ITC;Normal;Y;;;;;;;;;;;;;;no;no;; ;;;;;;;;;;;;;;;;;;;
PELETIES183;TIE, self-locking head, plastic, black, 9 x 183 mm;LOG;Programm Support;Electricity;Ties;Stockable Product;Single;;;Make to Order;Buy;Average Price;;;Electricity;ITC;Normal;Y;;;;;;;;;;;;;;no;no;; ;;;;;;;;;;;;;;;;;;;
PELETIES200;TIE, self-locking head, plastic, black, 2.5 x 200 mm;LOG;Programm Support;Electricity;Ties;Stockable Product;Single;;;Make to Order;Buy;Average Price;;;Electricity;ITC;Normal;Y;;;;;;;;;;;;;;no;no;; ;;;;;;;;;;;;;;;;;;;
PELETIESR28;TIE + ADHESIVE CLAMP for mobile Codan;LOG;Programm Support;Electricity;Ties;Stockable Product;Single;;;Make to Order;Buy;Average Price;;;Electricity;ITC;Normal;Y;;;;;;;;;;;;;;no;no;; ;;;;;;;;;;;;;;;;;;;
PELETRAN1V1;TRANSFORMER, 110 to 220 V. 500 VA, 400 W;LOG;Programm Support;Electricity;Transformer;Stockable Product;Single;;;Make to Order;Buy;Average Price;;;Electricity;ITC;Normal;Y;;;;;;;;;;;;;;no;no;; ;;;;;;;;;;;;;;;;;;;
PELETRAN1V2;TRANSFORMER, 110 to 220 V. 250 W;LOG;Programm Support;Electricity;Transformer;Stockable Product;Single;;;Make to Order;Buy;Average Price;;;Electricity;ITC;Normal;Y;;;;;;;;;;;;;;no;no;; ;;;;;;;;;;;;;;;;;;;
PELETRAN2V1;TRANSFORMER, 220 to 110 V. 500 VA, 400 W;LOG;Programm Support;Electricity;Transformer;Stockable Product;Single;;;Make to Order;Buy;Average Price;;;Electricity;ITC;Normal;Y;;;;;;;;;;;;;;no;no;; ;;;;;;;;;;;;;;;;;;;
PHDWBOLB---;BOLT, BLACK, diam. ... l: ... mm, hexagonal head;LOG;Programm Support;HARDWARE;Bolt, Black;Stockable Product;Single;;;Make to Order;Buy;Average Price;;;HARDWARE;ITC;Normal;Y;;;;;;;;;;;;;;no;no;; ;;;;;;;;;;;;;;;;;;;
PHDWBOLC---;BOLT, CARPENT. galv. diam .. l:... mm round head square lock;LOG;Programm Support;HARDWARE;Bolt, Carpentery;Stockable Product;Single;;;Make to Order;Buy;Average Price;;;HARDWARE;ITC;Normal;Y;;;;;;;;;;;;;;no;no;; ;;;;;;;;;;;;;;;;;;;
PHDWBOLT041;BOLT, ENDLESS THREADED BAR, diam. 4 mm l: 1 m;LOG;Programm Support;HARDWARE;Bolt, Threaded;Stockable Product;Single;;;Make to Order;Buy;Average Price;;;HARDWARE;ITC;Normal;Y;;;;;;;;;;;;;;no;no;; ;;;;;;;;;;;;;;;;;;;
PHDWNAILT12;NAIL, tack nail, 1.2 cm (1/2'), iron, per kg;LOG;Programm Support;HARDWARE;Nail;Stockable Product;Single;;;Make to Order;Buy;Average Price;;;HARDWARE;ITC;Normal;Y;;;;;;;;;;;;;;no;no;; ;;;;;;;;;;;;;;;;;;;
PHDWNAILT25;NAIL, tack nail, 2.5 cm (1'), iron, per kg;LOG;Programm Support;HARDWARE;Nail;Stockable Product;Single;;;Make to Order;Buy;Average Price;;;HARDWARE;ITC;Normal;Y;;;;;;;;;;;;;;no;no;; ;;;;;;;;;;;;;;;;;;;
PHDWNAILU12;NAIL, U shape, 1.2 cm (1/2'), iron, per kg;LOG;Programm Support;HARDWARE;Nail;Stockable Product;Single;;;Make to Order;Buy;Average Price;;;HARDWARE;ITC;Normal;Y;;;;;;;;;;;;;;no;no;; ;;;;;;;;;;;;;;;;;;;
PHDWNAILU25;NAIL, U shape, 2.5 cm (1'), iron, per kg;LOG;Programm Support;HARDWARE;Nail;Stockable Product;Single;;;Make to Order;Buy;Average Price;;;HARDWARE;ITC;Normal;Y;;;;;;;;;;;;;;no;no;; ;;;;;;;;;;;;;;;;;;;
PHDWNUTG02-;NUT, GALVANISED, for 2 mm diam. bolt, hexagonal;LOG;Programm Support;HARDWARE;Nuts, Galvanised;Stockable Product;Single;;;Make to Order;Buy;Average Price;;;HARDWARE;ITC;Normal;Y;;;;;;;;;;;;;;no;no;; ;;;;;;;;;;;;;;;;;;;
PHDWNUTG03-;NUT, GALVANISED, for 3 mm diam. bolt, hexagonal;LOG;Programm Support;HARDWARE;Nuts, Galvanised;Stockable Product;Single;;;Make to Order;Buy;Average Price;;;HARDWARE;ITC;Normal;Y;;;;;;;;;;;;;;no;no;; ;;;;;;;;;;;;;;;;;;;
PHDWNUTG04-;NUT, GALVANISED, for 4 mm diam. bolt, hexagonal;LOG;Programm Support;HARDWARE;Nuts, Galvanised;Stockable Product;Single;;;Make to Order;Buy;Average Price;;;HARDWARE;ITC;Normal;Y;;;;;;;;;;;;;;no;no;; ;;;;;;;;;;;;;;;;;;;
PHDWNUTGI--;NUT, GALVANISED, Imperial size, for ...' diam. bolt;LOG;Programm Support;HARDWARE;Nuts, Galvanised;Stockable Product;Single;;;Make to Order;Buy;Average Price;;;HARDWARE;ITC;Normal;Y;;;;;;;;;;;;;;no;no;; ;;;;;;;;;;;;;;;;;;;
PHDWNUTGN02;NUT, GALVANISED, Nylstop, for 2 mm diam. bolt, hexagonal;LOG;Programm Support;HARDWARE;Nuts, Galvanised;Stockable Product;Single;;;Make to Order;Buy;Average Price;;;HARDWARE;ITC;Normal;Y;;;;;;;;;;;;;;no;no;; ;;;;;;;;;;;;;;;;;;;
PHDWNUTGN03;NUT, GALVANISED, Nylstop, for 3 mm diam. bolt, hexagonal;LOG;Programm Support;HARDWARE;Nuts, Galvanised;Stockable Product;Single;;;Make to Order;Buy;Average Price;;;HARDWARE;ITC;Normal;Y;;;;;;;;;;;;;;no;no;; ;;;;;;;;;;;;;;;;;;;
PHDWNUTGW--;NUT, GALVANISED, WING NUT,  diam. ...;LOG;Programm Support;HARDWARE;Nuts, Galvanised;Stockable Product;Single;;;Make to Order;Buy;Average Price;;;HARDWARE;ITC;Normal;Y;;;;;;;;;;;;;;no;no;; ;;;;;;;;;;;;;;;;;;;
PHDWSCRW01S;SCREWS, wood work, 2 to 8 mm, 2 kg, set;LOG;Programm Support;HARDWARE;Screw, Wood;Stockable Product;Single;;;Make to Order;Buy;Average Price;;;HARDWARE;ITC;Normal;Y;;;;;;;;;;;;;;no;no;; ;;;;;;;;;;;;;;;;;;;
PHDWSCRW089;SCREW, WOOD, galva. diam: 8 l: 100 mm, flat head;LOG;Programm Support;HARDWARE;Screw, Wood;Stockable Product;Single;;;Make to Order;Buy;Average Price;;;HARDWARE;ITC;Normal;Y;;;;;;;;;;;;;;no;no;; ;;;;;;;;;;;;;;;;;;;
PHDWSCRW102;SCREW, WOOD, galva. diam: 10 l: 120 mm, hexagonal head;LOG;Programm Support;HARDWARE;Screw, Wood;Stockable Product;Single;;;Make to Order;Buy;Average Price;;;HARDWARE;ITC;Normal;Y;;;;;;;;;;;;;;no;no;; ;;;;;;;;;;;;;;;;;;;
PHDWWASH1SC;COPPER WASHERS, box, the set;LOG;Programm Support;HARDWARE;Washer;Stockable Product;Single;;;Make to Order;Buy;Average Price;;;HARDWARE;ITC;Normal;Y;;;;;;;;;;;;;;no;no;; ;;;;;;;;;;;;;;;;;;;
PHDWWASHF02;WASHER, FLAT, galva. for 2 mm diam. bolt;LOG;Programm Support;HARDWARE;Washer;Stockable Product;Single;;;Make to Order;Buy;Average Price;;;HARDWARE;ITC;Normal;Y;;;;;;;;;;;;;;no;no;; ;;;;;;;;;;;;;;;;;;;
PHDWWASHL02;WASHER, STAR LOCKING, galva. for 2 mm diam. bolt;LOG;Programm Support;HARDWARE;Washer;Stockable Product;Single;;;Make to Order;Buy;Average Price;;;HARDWARE;ITC;Normal;Y;;;;;;;;;;;;;;no;no;; ;;;;;;;;;;;;;;;;;;;
PHYGBAGR4R7;BAG, REFUSE, 40 litres, red, 70 microns;LOG;Programm Support;Hygiene;RUBBISH BAG;Stockable Product;Single;;;Make to Order;Buy;Average Price;;;Hygiene;ITC;Normal;Y;;;;;;;;;;;;;;no;no;; ;;;;;;;;;;;;;;;;;;;
PHYGBAGR4W1;BAG, REFUSE, 40 litres, white, 100 microns;LOG;Programm Support;Hygiene;RUBBISH BAG;Stockable Product;Single;;;Make to Stock;Buy;Average Price;;;Hygiene;ITC;Normal;Y;;;;;;;;;;;;;;no;no;; ;;;;;;;;;;;;;;;;;;;
PHYGBAGR4W7;BAG, REFUSE, 40 litres, white, 70 microns;LOG;Programm Support;Hygiene;RUBBISH BAG;Stockable Product;Single;;;Make to Order;Buy;Average Price;;;Hygiene;ITC;Normal;Y;;;;;;;;;;;;;;no;no;; ;;;;;;;;;;;;;;;;;;;
PHYGBAGRI7Y;BAG, REFUSE, infectious waste, 70 litres, yellow;LOG;Programm Support;Hygiene;RUBBISH BAG;Stockable Product;Single;;;Make to Order;Buy;Average Price;;;Hygiene;ITC;Normal;Y;;;;;;;;;;;;;;no;no;; ;;;;;;;;;;;;;;;;;;;
PHYGBAGRO7B;BAG, REFUSE, organic waste, 70 litres, blue;LOG;Programm Support;Hygiene;RUBBISH BAG;Stockable Product;Single;;;Make to Order;Buy;Average Price;;;Hygiene;ITC;Normal;Y;;;;;;;;;;;;;;no;no;; ;;;;;;;;;;;;;;;;;;;
PHYGBOORW37;BOOTS, rubber, white, pair, size 37;LOG;Programm Support;Hygiene;RUBBER BOOTS;Stockable Product;Single;;;Make to Order;Buy;Average Price;;;Hygiene;ITC;Normal;Y;;;;;;;;;;;;;;no;no;; ;;;;;;;;;;;;;;;;;;;
PHYGBOORW39;BOOTS, rubber, white, pair, size 39;LOG;Programm Support;Hygiene;RUBBER BOOTS;Stockable Product;Single;;;Make to Order;Buy;Average Price;;;Hygiene;ITC;Normal;Y;;;;;;;;;;;;;;no;no;; ;;;;;;;;;;;;;;;;;;;
PHYGBOORW41;BOOTS, rubber, white, pair, size 41;LOG;Programm Support;Hygiene;RUBBER BOOTS;Stockable Product;Single;;;Make to Order;Buy;Average Price;;;Hygiene;ITC;Normal;Y;;;;;;;;;;;;;;no;no;; ;;;;;;;;;;;;;;;;;;;
PHYGBOORW43;BOOTS, rubber, white, pair, size 43;LOG;Programm Support;Hygiene;RUBBER BOOTS;Stockable Product;Single;;;Make to Order;Buy;Average Price;;;Hygiene;ITC;Normal;Y;;;;;;;;;;;;;;no;no;; ;;;;;;;;;;;;;;;;;;;
PHYGBOORW46;BOOTS, rubber, white, pair, size 46;LOG;Programm Support;Hygiene;RUBBER BOOTS;Stockable Product;Single;;;Make to Order;Buy;Average Price;;;Hygiene;ITC;Normal;Y;;;;;;;;;;;;;;no;no;; ;;;;;;;;;;;;;;;;;;;
PHYGBOWL10-;BOWL, WASHING-UP, 10 litres, plastic;LOG;Programm Support;Hygiene;BASIN - BOWL;Stockable Product;Single;;;Make to Order;Buy;Average Price;;;Hygiene;ITC;Normal;Y;;;;;;;;;;;;;;no;no;; ;;;;;;;;;;;;;;;;;;;
PHYGBOWL20-;BOWL, WASHING-UP, 20 litres, plastic;LOG;Programm Support;Hygiene;BASIN - BOWL;Stockable Product;Single;;;Make to Order;Buy;Average Price;;;Hygiene;ITC;Normal;Y;;;;;;;;;;;;;;no;no;; ;;;;;;;;;;;;;;;;;;;
PHYGCLOO10-;OIL-CLOTH, 5 m x 1,4 m;LOG;Programm Support;Hygiene;Oil-cloth;Stockable Product;Single;;;Make to Order;Buy;Average Price;;;Hygiene;ITC;Normal;Y;;;;;;;;;;;;;;no;no;; ;;;;;;;;;;;;;;;;;;;
PHYGDRYM07-;TUMBLE-DRYER, 7 kg, 220 V, condensation type;LOG;Programm Support;Hygiene;DRY MACHINE;Stockable Product;Asset;General;;Make to Order;Buy;Average Price;;;Hygiene;ITC;Normal;Y;;;;;;;;;;;;;;no;no;; ;;;;;;;;;;;;;;;;;;;
PHYGDRYM30-;TUMBLE-DRYER, 30 kg, 380 V, without resistance;LOG;Programm Support;Hygiene;DRY MACHINE;Stockable Product;Asset;General;;Make to Order;Buy;Average Price;;;Hygiene;ITC;Normal;Y;;;;;;;;;;;;;;no;no;; ;;;;;;;;;;;;;;;;;;;
PLIGCFLWA07;BULB, COMPACT FLUOR., white, E27, long, 7W, 230V;LOG;Programm Support;Lighting;BULB, COMPACT FLUORESCENTE, white;Stockable Product;Single;;;Make to Order;Buy;Average Price;;;Lighting;ITC;Normal;Y;;;;;;;;;;;;;;no;no;; ;;;;;;;;;;;;;;;;;;;
PLIGCFLWA09;BULB, COMPACT FLUOR., white, E27, long, 9W, 230V;LOG;Programm Support;Lighting;BULB, COMPACT FLUORESCENTE, white;Stockable Product;Single;;;Make to Order;Buy;Average Price;;;Lighting;ITC;Normal;Y;;;;;;;;;;;;;;no;no;; ;;;;;;;;;;;;;;;;;;;
PLIGCFLWA13;BULB, COMPACT FLUOR., white, E27, long, 13W, 230V;LOG;Programm Support;Lighting;BULB, COMPACT FLUORESCENTE, white;Stockable Product;Single;;;Make to Order;Buy;Average Price;;;Lighting;ITC;Normal;Y;;;;;;;;;;;;;;no;no;; ;;;;;;;;;;;;;;;;;;;
PLIGCFLWA18;BULB, COMPACT FLUOR., white, E27, long, 18W, 230V;LOG;Programm Support;Lighting;BULB, COMPACT FLUORESCENTE, white;Stockable Product;Single;;;Make to Order;Buy;Average Price;;;Lighting;ITC;Normal;Y;;;;;;;;;;;;;;no;no;; ;;;;;;;;;;;;;;;;;;;
PLIGCFLWA23;BULB, COMPACT FLUOR., white, E27, long, 23W, 230V;LOG;Programm Support;Lighting;BULB, COMPACT FLUORESCENTE, white;Stockable Product;Single;;;Make to Order;Buy;Average Price;;;Lighting;ITC;Normal;Y;;;;;;;;;;;;;;no;no;; ;;;;;;;;;;;;;;;;;;;
PLIGFLTMG08;TUBE, FLUORESCENT, 8 W, 12 V;LOG;Programm Support;Lighting;FLUO TUBE MINI (NEON);Stockable Product;Single;;;Make to Order;Buy;Average Price;;;Lighting;ITC;Normal;Y;;;;;;;;;;;;;;no;no;; ;;;;;;;;;;;;;;;;;;;
PLIGFLTMG13;TUBE, FLUORESCENT, 13 W, 12 V;LOG;Programm Support;Lighting;FLUO TUBE MINI (NEON);Stockable Product;Single;;;Make to Order;Buy;Average Price;;;Lighting;ITC;Normal;Y;;;;;;;;;;;;;;no;no;; ;;;;;;;;;;;;;;;;;;;
PLIGHOLDADB;HOLDER ADAPTOR, for bulb E27 to holder B22;LOG;Programm Support;Lighting;Holder;Stockable Product;Single;;;Make to Order;Buy;Average Price;;;Lighting;ITC;Normal;Y;;;;;;;;;;;;;;no;no;; ;;;;;;;;;;;;;;;;;;;
PLIGHOLDADE;HOLDER ADAPTOR, for bulb B22 to holder E27;LOG;Programm Support;Lighting;Holder;Stockable Product;Single;;;Make to Order;Buy;Average Price;;;Lighting;ITC;Normal;Y;;;;;;;;;;;;;;no;no;; ;;;;;;;;;;;;;;;;;;;
PLIGHOLDS04;HOLDER, LAMP, E27 base, auto-perforating;LOG;Programm Support;Lighting;Holder;Stockable Product;Single;;;Make to Order;Buy;Average Price;;;Lighting;ITC;Normal;Y;;;;;;;;;;;;;;no;no;; ;;;;;;;;;;;;;;;;;;;
PLIGLAMFC46;LAMP, COMPACT FLUORESCENT, floodlight, 2 bulbs 23 W, 230 V;LOG;Programm Support;Lighting;Lamp, Fluorescent;Stockable Product;Single;;;Make to Order;Buy;Average Price;;;Lighting;ITC;Normal;Y;39;;;;;;;;;;;;;no;no;; ;;;;;;;;;;;;;;;;;;;
PLIGLAMFI++;LAMP, FLUORESCENT, inspection;LOG;Programm Support;Lighting;Lamp, Fluorescent;Stockable Product;Single;;;Make to Order;Buy;Average Price;;;Lighting;ITC;Normal;Y;;;;;;;;;;;;;;no;no;; ;;;;;;;;;;;;;;;;;;;
PLIGLAMFI91;LAMP, FLUORESCENT, inspection, tube 11 W, 12 V;LOG;Programm Support;Lighting;Lamp, Fluorescent;Stockable Product;Single;;;Make to Order;Buy;Average Price;;;Lighting;ITC;Normal;Y;;;;;;;;;;;;;;no;no;; ;;;;;;;;;;;;;;;;;;;
PLIGLAMFI92;LAMP, FLUORESCENT, inspection, tube 11 W, 230 V;LOG;Programm Support;Lighting;Lamp, Fluorescent;Stockable Product;Single;;;Make to Order;Buy;Average Price;;;Lighting;ITC;Normal;Y;;;;;;;;;;;;;;no;no;; ;;;;;;;;;;;;;;;;;;;
PLIGLAMPG4-;LIGHTING GARLAND, 4 screw type sockets, male + female ends;LOG;Programm Support;Lighting;Lamp;Stockable Product;Single;;;Make to Order;Buy;Average Price;;;Lighting;ITC;Normal;Y;;;;;;;;;;;;;;no;no;; ;;;;;;;;;;;;;;;;;;;
PLIGLAMPK1-;LAMP, KEROSENE, pressure (Coleman type);LOG;Programm Support;Lighting;Lamp;Stockable Product;Single;;;Make to Order;Buy;Average Price;;;Lighting;ITC;Normal;Y;;;;;;;;;;;;;;no;no;; ;;;;;;;;;;;;;;;;;;;
PLIGLAMPS1-;LAMP, SOLAR, Neste, stationery;LOG;Programm Support;Lighting;Lamp;Stockable Product;Single;;;Make to Order;Buy;Average Price;;;Lighting;ITC;Normal;Y;;;;;;;;;;;;;;no;no;; ;;;;;;;;;;;;;;;;;;;
PLIGLAMPS4I;(lamp BP Solar SL48) INVERTER & SWITCH ASSEMBLY;LOG;Programm Support;Lighting;Lamp;Stockable Product;Single;;;Make to Order;Buy;Average Price;;;Lighting;ITC;Normal;Y;;;;;;;;;;;;;;no;no;; ;;;;;;;;;;;;;;;;;;;
PLIGLAMPT3-;LAMP, TORCH, 3 functions, with fluorescent tube;LOG;Programm Support;Lighting;Lamp;Stockable Product;Single;;;Make to Order;Buy;Average Price;;;Lighting;ITC;Normal;Y;;;;;;;;;;;;;;no;no;; ;;;;;;;;;;;;;;;;;;;
PLIGLAMPT8S;LAMP, TORCH, solar, 2 x R6 rechargeable batteries;LOG;Programm Support;Lighting;Lamp;Stockable Product;Single;;;Make to Order;Buy;Average Price;;;Lighting;ITC;Normal;Y;;;;;;;;;;;;;;no;no;; ;;;;;;;;;;;;;;;;;;;
PLIGLAMPTR1;LAMP, TORCH, manual recharge + 12V DC, large model;LOG;Programm Support;Lighting;Lamp;Stockable Product;Single;;;Make to Order;Buy;Average Price;;;Lighting;ITC;Normal;Y;;;;;;;;;;;;;;no;no;; ;;;;;;;;;;;;;;;;;;;
PPACBOXI20-;BOX, ISOTHERMAL, 20 l capac., polyureth. molded 44 x 33 x 40;LOG;Programm Support;Packing and handling;Box, Isothermal;Stockable Product;Single;;;Make to Order;Buy;Average Price;;;Packing and handling;ITC;Normal;Y;;;;;;;;;;;;;;no;no;; ;;;;;;;;;;;;;;;;;;;
PPACBOXI5--;BOX, ISOTHERMAL, 460 x 500 x 510 cm;LOG;Programm Support;Packing and handling;Box, Isothermal;Stockable Product;Single;;;Make to Order;Buy;Average Price;;;Packing and handling;ITC;Normal;Y;;4;;;;;;;;;;;;no;no;; ;;;;;;;;;;;;;;;;;;;
PPACBOXW1--;BOX, wooden, 1200 x 1000 x 800 mm;LOG;Programm Support;Packing and handling;Box, Wooden;Stockable Product;Single;;;Make to Order;Buy;Average Price;;;Packing and handling;ITC;Normal;Y;168;37;;;;;;;;;;;;no;no;; ;;;;;;;;;;;;;;;;;;;
PPACCARD174;CARDBOARD, 1830 x 750 x 450 mm;LOG;Programm Support;Packing and handling;Card;Stockable Product;Single;;;Make to Order;Buy;Average Price;;;Packing and handling;ITC;Normal;Y;;;;;;;;;;;;;;no;no;; ;;;;;;;;;;;;;;;;;;;
PPACCARD1XT;CARDBOARD n°5, 1500 x 800 x 250 mm, TC, brown;LOG;Programm Support;Packing and handling;Card;Stockable Product;Single;;;Make to Order;Buy;Average Price;;;Packing and handling;ITC;Normal;Y;;;;;;;;;;;;;;no;no;; ;;;;;;;;;;;;;;;;;;;
PPACCARD1ZD;CARDBOARD n°1, 625 x 515 x 680 mm DC, white, MSFL print;LOG;Programm Support;Packing and handling;Card;Stockable Product;Single;;;Make to Order;Buy;Average Price;;;Packing and handling;ITC;Normal;Y;;;;;;;;;;;;;;no;no;; ;;;;;;;;;;;;;;;;;;;
PPACCARD2WD;CARDBOARD n°2b, 595x 490 x 310  mm  DC, white;LOG;Programm Support;Packing and handling;Card;Stockable Product;Single;;;Make to Order;Buy;Average Price;111;111;Packing and handling;ITC;Normal;Y;;;;;;;;;;;;;;no;no;; ;;;;;;;;;;;;;;;;;;;
PPACCARD2ZD;CARDBOARD n°2, 595 x 490 x 310 mm DC white MSFL print;LOG;Programm Support;Packing and handling;Card;Stockable Product;Single;;;Make to Order;Buy;Average Price;;;Packing and handling;ITC;Normal;Y;;;;;;;;;;;;;;no;no;; ;;;;;;;;;;;;;;;;;;;
PPACCARD311;STORAGE TRAYS, CARDBOARD, 300 x 100 x 110 mm;LOG;Programm Support;Packing and handling;Card;Stockable Product;Single;;;Make to Order;Buy;Average Price;;;Packing and handling;ITC;Normal;Y;;;;;;;;;;;;;;no;no;; ;;;;;;;;;;;;;;;;;;;
PPACCARD321;STORAGE TRAYS, CARDBOARD, 300 x 200 x 150 mm;LOG;Programm Support;Packing and handling;Card;Stockable Product;Single;;;Make to Order;Buy;Average Price;;;Packing and handling;ITC;Normal;Y;;;;;;;;;;;;;;no;no;; ;;;;;;;;;;;;;;;;;;;
PPACCARD351;STORAGE TRAYS, CARDBOARD, 300 x 50 x 110 mm;LOG;Programm Support;Packing and handling;Card;Stockable Product;Single;;;Make to Order;Buy;Average Price;;;Packing and handling;ITC;Normal;Y;;;;;;;;;;;;;;no;no;; ;;;;;;;;;;;;;;;;;;;
PPACCARD3WD;CARDBOARD n°3, 490 x 290 x 310 mm DC, white;LOG;Programm Support;Packing and handling;Card;Stockable Product;Single;;;Make to Order;Buy;Average Price;;;Packing and handling;ITC;Normal;Y;;;;;;;;;;;;;;no;no;; ;;;;;;;;;;;;;;;;;;;
PPACCARD4ZD;CARDBOARD n°4, 590 x 390 x 410 mm, DC, white, MSFL print;LOG;Programm Support;Packing and handling;Card;Stockable Product;Single;;;Make to Order;Buy;Average Price;;;Packing and handling;ITC;Normal;Y;;;;;;;;;;;;;;no;no;; ;;;;;;;;;;;;;;;;;;;
PPACCARD5XS;CARDBOARD, 500 x 300 x 300 mm, simple can., brown;LOG;Programm Support;Packing and handling;Card;Stockable Product;Single;;;Make to Order;Buy;Average Price;;;Packing and handling;ITC;Normal;Y;45;;;;;;;;;;;;;no;no;; ;;;;;;;;;;;;;;;;;;;
PPACCARD6XT;CARDBOARD, 600 x 600 x 550 mm, triple can. brown;LOG;Programm Support;Packing and handling;Card;Stockable Product;Single;;;Make to Order;Buy;Average Price;;;Packing and handling;ITC;Normal;Y;198;6;;;;;;;;;;;;no;no;; ;;;;;;;;;;;;;;;;;;;
PPACCARD7XD;CARBOARD, MEAS.BOARD, 1450 x 370 x 300 mm, DC, brown;LOG;Programm Support;Packing and handling;Card;Stockable Product;Single;;;Make to Order;Buy;Average Price;;;Packing and handling;ITC;Normal;Y;;;;;;;;;;;;;;no;no;; ;;;;;;;;;;;;;;;;;;;
PPACCARD8WD;CARDBOARD n°8, 360x 270 x 160 mm  DC, white;LOG;Programm Support;Packing and handling;Card;Stockable Product;Single;;;Make to Order;Buy;Average Price;;;Packing and handling;ITC;Normal;Y;;;;;;;;;;;;;;no;no;; ;;;;;;;;;;;;;;;;;;;
PPACSEAL01-;CRIMPING TOOL, manual, for 2' seals, for fuel drums;LOG;Programm Support;Packing and handling;Seal;Stockable Product;Single;;;Make to Order;Buy;Average Price;;;Packing and handling;ITC;Normal;Y;;;;;;;;;;;;;;no;no;; ;;;;;;;;;;;;;;;;;;;
PPACSEAL01S;(crimping tool) CAPSEAL, diam 2', per 500;LOG;Programm Support;Packing and handling;Seal;Stockable Product;Single;;;Make to Order;Buy;Average Price;;;Packing and handling;ITC;Normal;Y;;;;;;;;;;;;;;no;no;; ;;;;;;;;;;;;;;;;;;;
PPACSEAL02-;CRIMPING TOOL, manual, for 3/4' seals, for 200l drums;LOG;Programm Support;Packing and handling;Seal;Stockable Product;Single;;;Make to Order;Buy;Average Price;;;Packing and handling;ITC;Normal;Y;;;;;;;;;;;;;;no;no;; ;;;;;;;;;;;;;;;;;;;
PPACSEAL15P;SEAL, 15 cm, plastic tie, self locking head, one piece;LOG;Programm Support;Packing and handling;Seal;Stockable Product;Single;;;Make to Order;Buy;Average Price;;;Packing and handling;ITC;Normal;Y;;;;;;;;;;;;;;no;no;; ;;;;;;;;;;;;;;;;;;;
PPACSEAL1M-;SEAL, 'intermodal'type, metal;LOG;Programm Support;Packing and handling;Seal;Stockable Product;Single;;;Make to Order;Buy;Average Price;;;Packing and handling;ITC;Normal;Y;;;;;;;;;;;;;;no;no;; ;;;;;;;;;;;;;;;;;;;
PPACUN62DS-;BOX, triple packaging, biological substance (UN3373);LOG;Programm Support;Packing and handling;UN Packing for class 6.2;Stockable Product;Single;;;Make to Order;Buy;Average Price;;;Packing and handling;ITC;Normal;Y;64;3;;;;;;;;;;;;no;no;; ;;;;;;;;;;;;;;;;;;;
PPACUN62DSI;BOX ISOTHERM, triple pack., biological substance (UN3373);LOG;Programm Support;Packing and handling;UN Packing for class 6.2;Stockable Product;Single;;;Make to Order;Buy;Average Price;;;Packing and handling;ITC;Normal;Y;64;3;;;;;;;;;;;;no;no;; ;;;;;;;;;;;;;;;;;;;
PPACUN62IS-;BOX, triple packaging, infectious substance (UN2814);LOG;Programm Support;Packing and handling;UN Packing for class 6.2;Stockable Product;Single;;;Make to Order;Buy;Average Price;;;Packing and handling;ITC;Normal;Y;;;;;;;;;;;;;;no;no;; ;;;;;;;;;;;;;;;;;;;
PPACUN62ISI;BOX ISOTHERM, triple pack., infectious substance (UN2814);LOG;Programm Support;Packing and handling;UN Packing for class 6.2;Stockable Product;Single;;;Make to Order;Buy;Average Price;;;Packing and handling;ITC;Normal;Y;;;;;;;;;;;;;;no;no;; ;;;;;;;;;;;;;;;;;;;
PSAFFALA---;FALL ARRESTER;LOG;Programm Support;Safety and protective equipment;FALL ARRESTER;Stockable Product;Single;;;Make to Order;Buy;Average Price;;;Safety and protective equipment;ITC;Normal;Y;;;;;;;;;;;;;;no;no;; ;;;;;;;;;;;;;;;;;;;
PSAFFALS---;FALL STOP;LOG;Programm Support;Safety and protective equipment;FALL STOP;Stockable Product;Single;;;Make to Order;Buy;Average Price;;;Safety and protective equipment;ITC;Normal;Y;;;;;;;;;;;;;;no;no;; ;;;;;;;;;;;;;;;;;;;
PSAFFIRB12-;FIRE BLANKET, 120 x 180 cm;LOG;Programm Support;Safety and protective equipment;FIRE BLANKET;Stockable Product;Single;;;Make to Order;Buy;Average Price;;;Safety and protective equipment;ITC;Normal;Y;;;;;;;;;;;;;;no;no;; ;;;;;;;;;;;;;;;;;;;
PSAFGLOVH1-;GLOVES, PROTECTIVE, for heat (pair);LOG;Programm Support;Safety and protective equipment;GLOVES;Stockable Product;Single;;;Make to Order;Buy;Average Price;;;Safety and protective equipment;ITC;Normal;Y;;;;;;;;;;;;;;no;no;; ;;;;;;;;;;;;;;;;;;;
PSAFGLOVW2-;GLOVES, HEAVY DUTY, caoutchouc, long sleeves (pair);LOG;Programm Support;Safety and protective equipment;GLOVES;Stockable Product;Single;;;Make to Order;Buy;Average Price;;;Safety and protective equipment;ITC;Normal;Y;;;;;;;;;;;;;;no;no;; ;;;;;;;;;;;;;;;;;;;
PSAFGOGGC1-;FACE SHIELD;LOG;Programm Support;Safety and protective equipment;GOGGLES, PROTECTIVE,;Stockable Product;Single;;;Make to Order;Buy;Average Price;;;Safety and protective equipment;ITC;Normal;Y;;;;;;;;;;;;;;no;no;; ;;;;;;;;;;;;;;;;;;;
PSAFGOGGD1-;GOGGLES, PROTECTIVE, for dust;LOG;Programm Support;Safety and protective equipment;GOGGLES, PROTECTIVE,;Stockable Product;Single;;;Make to Order;Buy;Average Price;;;Safety and protective equipment;ITC;Normal;Y;;;;;;;;;;;;;;no;no;; ;;;;;;;;;;;;;;;;;;;
PSAFGOGGD1--;GOGGLES, PROTECTIVE, for dust;LOG;Programm Support;Safety and protective equipment;GOGGLES, PROTECTIVE,;Stockable Product;Single;;;Make to Order;Buy;Average Price;;;Safety and protective equipment;ITC;Normal;Y;;;;;;;;;;;;;;no;no;; ;;;;;;;;;;;;;;;;;;;
PSAFGOGGW1-;MASK, PROTECTIVE for arc welding;LOG;Programm Support;Safety and protective equipment;GOGGLES, PROTECTIVE,;Stockable Product;Single;;;Make to Order;Buy;Average Price;;;Safety and protective equipment;ITC;Normal;Y;;;;;;;;;;;;;;no;no;; ;;;;;;;;;;;;;;;;;;;
PSAFGOGGW1D;(welding protective mask) DARKEN GLASS, spare;LOG;Programm Support;Safety and protective equipment;GOGGLES, PROTECTIVE,;Stockable Product;Single;;;Make to Order;Buy;Average Price;;;Safety and protective equipment;ITC;Normal;Y;;;;;;;;;;;;;;no;no;; ;;;;;;;;;;;;;;;;;;;
PSAFGOGGW1T;(welding protective mask) TRANSPARENT GLASS, spare;LOG;Programm Support;Safety and protective equipment;GOGGLES, PROTECTIVE,;Stockable Product;Single;;;Make to Order;Buy;Average Price;;;Safety and protective equipment;ITC;Normal;Y;;;;;;;;;;;;;;no;no;; ;;;;;;;;;;;;;;;;;;;
PSAFHARH1W-;HARD HAT, white;LOG;Programm Support;Safety and protective equipment;HARD HAT;Stockable Product;Single;;;Make to Order;Buy;Average Price;;;Safety and protective equipment;ITC;Normal;Y;;;;;;;;;;;;;;no;no;; ;;;;;;;;;;;;;;;;;;;
PSAFHARH1Y-;HARD HAT, yellow;LOG;Programm Support;Safety and protective equipment;HARD HAT;Stockable Product;Single;;;Make to Order;Buy;Average Price;;;Safety and protective equipment;ITC;Normal;Y;;;;;;;;;;;;;;no;no;; ;;;;;;;;;;;;;;;;;;;
PSAFHARH2WH;HARD HAT, EN-397, white, with ajustable chin strap;LOG;Programm Support;Safety and protective equipment;HARD HAT;Stockable Product;Single;;;Make to Order;Buy;Average Price;;;Safety and protective equipment;ITC;Normal;Y;;;;;;;;;;;;;;no;no;; ;;;;;;;;;;;;;;;;;;;
PSAFHARH3C-;HARD HAT, for caving;LOG;Programm Support;Safety and protective equipment;HARD HAT;Stockable Product;Single;;;Make to Order;Buy;Average Price;;;Safety and protective equipment;ITC;Normal;Y;;;;;;;;;;;;;;no;no;; ;;;;;;;;;;;;;;;;;;;
PSAFHARHCS-;(hard hat) CHIN STRAP;LOG;Programm Support;Safety and protective equipment;HARD HAT;Stockable Product;Single;;;Make to Order;Buy;Average Price;;;Safety and protective equipment;ITC;Normal;Y;;;;;;;;;;;;;;no;no;; ;;;;;;;;;;;;;;;;;;;
PSAFHARHNS-;(hard hat) ANTI NOISE SHELL, pair;LOG;Programm Support;Safety and protective equipment;HARD HAT;Stockable Product;Single;;;Make to Order;Buy;Average Price;;;Safety and protective equipment;ITC;Normal;Y;;;;;;;;;;;;;;no;no;; ;;;;;;;;;;;;;;;;;;;
PSAFHARN01-;HARNESS, PROTECTION AGAINST FALLING, composition;LOG;Programm Support;Safety and protective equipment;HARD HAT;Stockable Product;Single;;;Make to Order;Buy;Average Price;;;Safety and protective equipment;ITC;Normal;Y;;;;;;;;;;;;;;no;no;; ;;;;;;;;;;;;;;;;;;;
PSAFHVIJ1XL;JACKET, HI-VISIBILITY, fluo, size XL;LOG;Programm Support;Safety and protective equipment;HI VISIBILITY JACKET;Stockable Product;Single;;;Make to Order;Buy;Average Price;;;Safety and protective equipment;ITC;Normal;Y;;;;;;;;;;;;;;no;no;; ;;;;;;;;;;;;;;;;;;;
PSAFHVIJ3L-;JACKET, HI-VISIBILITY, fluo, MSF logo, size L;LOG;Programm Support;Safety and protective equipment;HI VISIBILITY JACKET;Stockable Product;Single;;;Make to Order;Buy;Average Price;;;Safety and protective equipment;ITC;Normal;Y;;;;;;;;;;;;;;no;no;; ;;;;;;;;;;;;;;;;;;;
PSAFHVIJ3XL;JACKET, HI-VISIBILITY, fluo, MSF logo, size XL;LOG;Programm Support;Safety and protective equipment;HI VISIBILITY JACKET;Stockable Product;Single;;;Make to Order;Buy;Average Price;;;Safety and protective equipment;ITC;Normal;Y;;;;;;;;;;;;;;no;no;; ;;;;;;;;;;;;;;;;;;;
PSAFMASPD1-;MASK, RESPIRATORY PROTECTIVE FPP1, disposable;LOG;Programm Support;Safety and protective equipment;Mask, respiratory protection;Stockable Product;Single;;;Make to Order;Buy;Average Price;;;Safety and protective equipment;ITC;Normal;Y;;;;;;;;;;;;;;no;no;; ;;;;;;;;;;;;;;;;;;;
PSAFMASPFC1;(half mask for vapour) ABEK1 filter, unit;LOG;Programm Support;Safety and protective equipment;Mask, respiratory protection;Stockable Product;Single;;;Make to Order;Buy;Average Price;;;Safety and protective equipment;ITC;Normal;Y;;;;;;;;;;;;;;no;no;; ;;;;;;;;;;;;;;;;;;;
PSAFMASPFC3;(half mask for vapour) ABEK1P3 filter, unit;LOG;Programm Support;Safety and protective equipment;Mask, respiratory protection;Stockable Product;Single;;;Make to Order;Buy;Average Price;;;Safety and protective equipment;ITC;Normal;Y;;;;;;;;;;;;;;no;no;; ;;;;;;;;;;;;;;;;;;;
PSAFMASPFC4;(half mask for vapour) A1 filter, unit;LOG;Programm Support;Safety and protective equipment;Mask, respiratory protection;Stockable Product;Single;;;Make to Order;Buy;Average Price;;;Safety and protective equipment;ITC;Normal;Y;;;;;;;;;;;;;;no;no;; ;;;;;;;;;;;;;;;;;;;
PSAFMASPFP2;(half mask for vapour) P2 filter, unit;LOG;Programm Support;Safety and protective equipment;Mask, respiratory protection;Stockable Product;Single;;;Make to Order;Buy;Average Price;;;Safety and protective equipment;ITC;Normal;Y;;;;;;;;;;;;;;no;no;; ;;;;;;;;;;;;;;;;;;;
PSAFMASPFP3;(half mask  for vapour) P3 filter, unit;LOG;Programm Support;Safety and protective equipment;Mask, respiratory protection;Stockable Product;Single;;;Make to Order;Buy;Average Price;;;Safety and protective equipment;ITC;Normal;Y;;;;;;;;;;;;;;no;no;; ;;;;;;;;;;;;;;;;;;;
PSAFOVER2C-;OVERALL, for mechanics;LOG;Programm Support;Safety and protective equipment;OVERALL;Stockable Product;Single;;;Make to Order;Buy;Average Price;;;Safety and protective equipment;ITC;Normal;Y;;;;;;;;;;;;;;no;no;; ;;;;;;;;;;;;;;;;;;;
PSAFOVER2C1;OVERALL, for mechanics, size S/M;LOG;Programm Support;Safety and protective equipment;OVERALL;Stockable Product;Single;;;Make to Order;Buy;Average Price;;;Safety and protective equipment;ITC;Normal;Y;;;;;;;;;;;;;;no;no;; ;;;;;;;;;;;;;;;;;;;
PSAFOVER2C2;OVERALL, for mechanics, size M/L;LOG;Programm Support;Safety and protective equipment;OVERALL;Stockable Product;Single;;;Make to Order;Buy;Average Price;;;Safety and protective equipment;ITC;Normal;Y;;;;;;;;;;;;;;no;no;; ;;;;;;;;;;;;;;;;;;;
PTOOCLAMC15;CLAMP, carpenter T bar, length 150 cm (5 feet);LOG;Programm Support;Tools;Clamp;Stockable Product;Single;;;Make to Order;Buy;Average Price;;;Tools;ITC;Normal;Y;;;;;;;;;;;;;;no;no;; ;;;;;;;;;;;;;;;;;;;
PTOOCLAMC30;CLAMP, carpenter T bar, opening 300 mm;LOG;Programm Support;Tools;Clamp;Stockable Product;Single;;;Make to Order;Buy;Average Price;;;Tools;ITC;Normal;Y;;;;;;;;;;;;;;no;no;; ;;;;;;;;;;;;;;;;;;;
PTOOCLAMC40;CLAMP, carpenter T bar, opening 400 mm;LOG;Programm Support;Tools;Clamp;Stockable Product;Single;;;Make to Order;Buy;Average Price;;;Tools;ITC;Normal;Y;;;;;;;;;;;;;;no;no;; ;;;;;;;;;;;;;;;;;;;
PTOOCOMP1MA;(compressor) PRESSURE GAUGE + connector + collar + 6m hose;LOG;Programm Support;Tools;Compressor;Stockable Product;Single;;;Make to Order;Buy;Average Price;;;Tools;ITC;Normal;Y;;;;;;;;;;;;;;no;no;; ;;;;;;;;;;;;;;;;;;;
PTOOCOMPAG-;(compressor) AIR GUN, with screen + connector 8 mm;LOG;Programm Support;Tools;Compressor;Stockable Product;Single;;;Make to Order;Buy;Average Price;;;Tools;ITC;Normal;Y;;;;;;;;;;;;;;no;no;; ;;;;;;;;;;;;;;;;;;;
PTOOCOUM12-;COUPLER  FEMALE 1/2 MALE 3/4';LOG;Programm Support;Tools;MECHANICAL COUPLER;Stockable Product;Single;;;Make to Order;Buy;Average Price;;;Tools;ITC;Normal;Y;;;;;;;;;;;;;;no;no;; ;;;;;;;;;;;;;;;;;;;
PTOOCOUM14-;COUPLER 1/4 ' to 3/8';LOG;Programm Support;Tools;MECHANICAL COUPLER;Stockable Product;Single;;;Make to Order;Buy;Average Price;;;Tools;ITC;Normal;Y;;;;;;;;;;;;;;no;no;; ;;;;;;;;;;;;;;;;;;;
PTOOCOUM38-;COUPLER 3/8 to 1/2';LOG;Programm Support;Tools;MECHANICAL COUPLER;Stockable Product;Single;;;Make to Order;Buy;Average Price;;;Tools;ITC;Normal;Y;;;;;;;;;;;;;;no;no;; ;;;;;;;;;;;;;;;;;;;
PTOOEXTPBJE;BALL JOINT EXTRACTOR, diameter 22 mm;LOG;Programm Support;Tools;EXTRACTOR - PULLER;Stockable Product;Single;;;Make to Order;Buy;Average Price;;;Tools;ITC;Normal;Y;;;;;;;;;;;;;;no;no;; ;;;;;;;;;;;;;;;;;;;
PTOOEXTPSP1;(puller set FU.306J1) NUTS/WASHERS ASSEMBLY;LOG;Programm Support;Tools;EXTRACTOR - PULLER;Stockable Product;Single;;;Make to Order;Buy;Average Price;;;Tools;ITC;Normal;Y;;;;;;;;;;;;;;no;no;; ;;;;;;;;;;;;;;;;;;;
PTOOGRIN3--;GRINDER, ANGLE, Ø 125 mm, 800 W, 230 V AC;LOG;Programm Support;Tools;Grinder;Stockable Product;Single;;;Make to Order;Buy;Average Price;;;Tools;ITC;Normal;Y;;;;;;;;;;;;;;no;no;; ;;;;;;;;;;;;;;;;;;;
PTOOGRIN3DC;(angle grinder, Ø 125 mm) DISK, CUTTING, metal;LOG;Programm Support;Tools;Grinder;Stockable Product;Single;;;Make to Order;Buy;Average Price;;;Tools;ITC;Normal;Y;;;;;;;;;;;;;;no;no;; ;;;;;;;;;;;;;;;;;;;
PTOOGRIN3DT;(angle grinder, Ø 125 mm) DISK, TRIMMING, metal;LOG;Programm Support;Tools;Grinder;Stockable Product;Single;;;Make to Order;Buy;Average Price;;;Tools;ITC;Normal;Y;;;;;;;;;;;;;;no;no;; ;;;;;;;;;;;;;;;;;;;
PTOOHAMMM32;ADAPTABLE-TIP MALLET 'HEAVYWEIGHT' 32 mm, BRASS BODY.390 g;LOG;Programm Support;Tools;HAMMER;Stockable Product;Single;;;Make to Order;Buy;Average Price;;;Tools;ITC;Normal;Y;;;;;;;;;;;;;;no;no;; ;;;;;;;;;;;;;;;;;;;
PTOOHAMMM40;ADAPTABLE-TIP MALLET 'HEAVYWEIGHT' 40 mm, BRASS BODY.610 g;LOG;Programm Support;Tools;HAMMER;Stockable Product;Single;;;Make to Order;Buy;Average Price;;;Tools;ITC;Normal;Y;;;;;;;;;;;;;;no;no;; ;;;;;;;;;;;;;;;;;;;
PTOOHAMMR01;RIVETING HAMMER, 270 g;LOG;Programm Support;Tools;HAMMER;Stockable Product;Single;;;Make to Order;Buy;Average Price;;;Tools;ITC;Normal;Y;;;;;;;;;;;;;;no;no;; ;;;;;;;;;;;;;;;;;;;
PTOOMACH1--;MACHETTE;LOG;Programm Support;Tools;Machette;Stockable Product;Single;;;Make to Order;Buy;Average Price;;;Tools;ITC;Normal;Y;;;;;;;;;;;;;;no;no;; ;;;;;;;;;;;;;;;;;;;
PTOOMALL2W-;MALLET,wood;LOG;Programm Support;Tools;Mallet;Stockable Product;Single;;;Make to Order;Buy;Average Price;;;Tools;ITC;Normal;Y;;;;;;;;;;;;;;no;no;; ;;;;;;;;;;;;;;;;;;;
PTOOMALLH1-;HAMMER, heavyweight, brass body, Ø 32 mm;LOG;Programm Support;Tools;Mallet;Stockable Product;Single;;;Make to Order;Buy;Average Price;;;Tools;ITC;Normal;Y;;;;;;;;;;;;;;no;no;; ;;;;;;;;;;;;;;;;;;;
PTOOMEARTA2;STAINLESS TAPE RULER, in rolling case, L: 2 m, Inch + metric;LOG;Programm Support;Tools;MEASURING RULE;Stockable Product;Single;;;Make to Order;Buy;Average Price;;;Tools;ITC;Normal;Y;;;;;;;;;;;;;;no;no;; ;;;;;;;;;;;;;;;;;;;
PTOOMEARTA5;STAINLESS TAPE RULER, in rolling case, L: 5 m, Inch + metric;LOG;Programm Support;Tools;MEASURING RULE;Stockable Product;Single;;;Make to Order;Buy;Average Price;;;Tools;ITC;Normal;Y;;;;;;;;;;;;;;no;no;; ;;;;;;;;;;;;;;;;;;;
PTOOMETR01-;RULER, flexible, stainless steel, 300 mm;LOG;Programm Support;Tools;METROLOGY TOOLS;Stockable Product;Single;;;Make to Order;Buy;Average Price;;;Tools;ITC;Normal;Y;;;;;;;;;;;;;;no;no;; ;;;;;;;;;;;;;;;;;;;
PTOOMETR02-;MICROMETER, 0-25 mm to 1/100 mm;LOG;Programm Support;Tools;METROLOGY TOOLS;Stockable Product;Single;;;Make to Order;Buy;Average Price;;;Tools;ITC;Normal;Y;;;;;;;;;;;;;;no;no;; ;;;;;;;;;;;;;;;;;;;
PTOOMETR03-;UNIVERSAL CALIPER, to 1/50 mm;LOG;Programm Support;Tools;METROLOGY TOOLS;Stockable Product;Single;;;Make to Order;Buy;Average Price;;;Tools;ITC;Normal;Y;;;;;;;;;;;;;;no;no;; ;;;;;;;;;;;;;;;;;;;
PTOOMETR04-;DIAL GAUGE, shock resistant (1/100 mm);LOG;Programm Support;Tools;METROLOGY TOOLS;Stockable Product;Single;;;Make to Order;Buy;Average Price;;;Tools;ITC;Normal;Y;;;;;;;;;;;;;;no;no;; ;;;;;;;;;;;;;;;;;;;
PTOOMETR04B;(dial gauge) MAGNETIC BASE;LOG;Programm Support;Tools;METROLOGY TOOLS;Stockable Product;Single;;;Make to Order;Buy;Average Price;;;Tools;ITC;Normal;Y;;;;;;;;;;;;;;no;no;; ;;;;;;;;;;;;;;;;;;;
PTOOMETR05-;DIAL TORQUE WRENCH;LOG;Programm Support;Tools;METROLOGY TOOLS;Stockable Product;Single;;;Make to Order;Buy;Average Price;;;Tools;ITC;Normal;Y;;;;;;;;;;;;;;no;no;; ;;;;;;;;;;;;;;;;;;;
PTOOMETRS1-;MODULE TOOLS, METROLOGY SET, 8 tools;LOG;Programm Support;Tools;METROLOGY TOOLS;Stockable Product;Single;;;Make to Order;Buy;Average Price;;;Tools;ITC;Normal;Y;;;;;;;;;;;;;;no;no;; ;;;;;;;;;;;;;;;;;;;
PTOOMETRS2-;MODULE TOOLS, METROLOGY SET, 5 tools;LOG;Programm Support;Tools;METROLOGY TOOLS;Stockable Product;Single;;;Make to Order;Buy;Average Price;;;Tools;ITC;Normal;Y;;;;;;;;;;;;;;no;no;; ;;;;;;;;;;;;;;;;;;;
PTOOPLIECBP;BOLT / PADLOCK CUTTING PLIER, AXIAL CUT, max 10mm, l 600 mm;LOG;Programm Support;Tools;PLIERS;Stockable Product;Single;;;Make to Order;Buy;Average Price;;;Tools;ITC;Normal;Y;;;;;;;;;;;;;;no;no;; ;;;;;;;;;;;;;;;;;;;
PTOOPLIECN1;HEAVY DUTY END NIPPERS, compound leverage system, L: 180 mm;LOG;Programm Support;Tools;PLIERS;Stockable Product;Single;;;Make to Order;Buy;Average Price;;;Tools;ITC;Normal;Y;;;;;;;;;;;;;;no;no;; ;;;;;;;;;;;;;;;;;;;
PTOOPLIEFNL;FLAT NOSE PLIERS, long nose 50 mm, L: 165 mm;LOG;Programm Support;Tools;PLIERS;Stockable Product;Single;;;Make to Order;Buy;Average Price;;;Tools;ITC;Normal;Y;;;;;;;;;;;;;;no;no;; ;;;;;;;;;;;;;;;;;;;
PTOOPLIEIR2;DUAL-PURPOSE REVERSIBLE CIRCLIP PLIERS, clips 20 to 63 mm;LOG;Programm Support;Tools;PLIERS;Stockable Product;Single;;;Make to Order;Buy;Average Price;;;Tools;ITC;Normal;Y;;;;;;;;;;;;;;no;no;; ;;;;;;;;;;;;;;;;;;;
PTOOPLIEISE;CIRCLIPS PLIER SET, in + out, 2 pliers, 18 tips, 8 to 63 mm;LOG;Programm Support;Tools;PLIERS;Stockable Product;Single;;;Make to Order;Buy;Average Price;;;Tools;ITC;Normal;Y;;;;;;;;;;;;;;no;no;; ;;;;;;;;;;;;;;;;;;;
PTOOPLIELO1;COMPACT LOCK-GRIP PLIERS, short nose, Open: 40 mm, L: 200 mm;LOG;Programm Support;Tools;PLIERS;Stockable Product;Single;;;Make to Order;Buy;Average Price;;;Tools;ITC;Normal;Y;;;;;;;;;;;;;;no;no;; ;;;;;;;;;;;;;;;;;;;
PTOOPLIELO4;STANDARD LOCK-GRIP PLIERS, long nose, Open: 100 mm L: 250 mm;LOG;Programm Support;Tools;PLIERS;Stockable Product;Single;;;Make to Order;Buy;Average Price;;;Tools;ITC;Normal;Y;;;;;;;;;;;;;;no;no;; ;;;;;;;;;;;;;;;;;;;
PTOOPLIELO5;DEEP THROAT LOCK-GRIP PLIERS, Open: 135 mm L: 270 mm;LOG;Programm Support;Tools;PLIERS;Stockable Product;Single;;;Make to Order;Buy;Average Price;;;Tools;ITC;Normal;Y;;;;;;;;;;;;;;no;no;; ;;;;;;;;;;;;;;;;;;;
PTOOPLIELO6;LARGE CAPACITY LOCK-GRIP PLIERS, Open: 120 mm L: 250 mm;LOG;Programm Support;Tools;PLIERS;Stockable Product;Single;;;Make to Order;Buy;Average Price;;;Tools;ITC;Normal;Y;;;;;;;;;;;;;;no;no;; ;;;;;;;;;;;;;;;;;;;
PTOOPLIELO8;G-CLAMP LOCK-GRIP PLIERS, Open: 200 mm L:260 mm;LOG;Programm Support;Tools;PLIERS;Stockable Product;Single;;;Make to Order;Buy;Average Price;;;Tools;ITC;Normal;Y;;;;;;;;;;;;;;no;no;; ;;;;;;;;;;;;;;;;;;;
PTOOPLIEM6-;MULTIGRIP PLIERS;LOG;Programm Support;Tools;PLIERS;Stockable Product;Single;;;Make to Order;Buy;Average Price;;;Tools;ITC;Normal;Y;;;;;;;;;;;;;;no;no;; ;;;;;;;;;;;;;;;;;;;
PTOOPLIEM7-;HEAVY DUTY MULTIGRIP WATERPUMP PLIERS, Open: 2'1/4 L: 370 mm;LOG;Programm Support;Tools;PLIERS;Stockable Product;Single;;;Make to Order;Buy;Average Price;;;Tools;ITC;Normal;Y;;;;;;;;;;;;;;no;no;; ;;;;;;;;;;;;;;;;;;;
PTOOPLIEMC1;NOTCH LOCK MULTIGRIP WATERPUMP PLIERS, Open: 1'1/2 L: 250 mm;LOG;Programm Support;Tools;PLIERS;Stockable Product;Single;;;Make to Order;Buy;Average Price;;;Tools;ITC;Normal;Y;;;;;;;;;;;;;;no;no;; ;;;;;;;;;;;;;;;;;;;
PTOOPUMP3MF;PUMP, FUEL, hand drum pump, mobile, Japy T2 30 l/mn,;LOG;Programm Support;Tools;Pump;Stockable Product;Single;;;Make to Order;Buy;Average Price;;;Tools;ITC;Normal;Y;;1;;;;;;;;;;;;no;no;; ;;;;;;;;;;;;;;;;;;;
PTOOPUMP4MF;PUMP, FUEL, Japy TR2 30 l/mn + counter filter del. nozzle;LOG;Programm Support;Tools;Pump;Stockable Product;Single;;;Make to Order;Buy;Average Price;;;Tools;ITC;Normal;Y;;14;;;;;;;;;;;;no;no;; ;;;;;;;;;;;;;;;;;;;
PTOOPUMP5EF;PUMP, FUEL AIRPLANE, 12 V, 50 l/mn + earth, counter, filter;LOG;Programm Support;Tools;Pump;Stockable Product;Single;;;Make to Order;Buy;Average Price;;;Tools;ITC;Normal;Y;;;;;;;;;;;;;;no;no;;18 J(A);;;;;;;;;;;;;;;;;;;
PTOOPUMP6EF;PUMP, FUEL 230 V 40 l/mn fixed+ counter filter deliv. nozzle;LOG;Programm Support;Tools;Pump;Stockable Product;Single;;;Make to Order;Buy;Average Price;;;Tools;ITC;Normal;Y;;18;;;;;;;;;;;;no;no;; ;;;;;;;;;;;;;;;;;;;
PTOOPUMP7EF;PUMP, ELECTRIC 12V, distrib. & filtr. FUEL + counter;LOG;Programm Support;Tools;Pump;Stockable Product;Single;;;Make to Order;Buy;Average Price;;;Tools;ITC;Normal;Y;154;36;;;;;;;;;;;;no;no;;18 J(A);;;;;;;;;;;;;;;;;;;
PTOOPUMPG15;PUMP, GREASE, for 10-15 kg tin, workshop;LOG;Programm Support;Tools;Pump;Stockable Product;Single;;;Make to Order;Buy;Average Price;;;Tools;ITC;Normal;Y;;;;;;;;;;;;;;no;no;; ;;;;;;;;;;;;;;;;;;;
PTOOPUMPO01;PUMP, OIL, level piston hand drum pump, workshop;LOG;Programm Support;Tools;Pump;Stockable Product;Single;;;Make to Order;Buy;Average Price;;;Tools;ITC;Normal;Y;;;;;;;;;;;;;;no;no;; ;;;;;;;;;;;;;;;;;;;
PTOOSCRASQ-;THREE-SQUARE SCRAPER, for engine join plan cleaning;LOG;Programm Support;Tools;Scraper;Stockable Product;Single;;;Make to Order;Buy;Average Price;;;Tools;ITC;Normal;Y;;;;;;;;;;;;;;no;no;; ;;;;;;;;;;;;;;;;;;;
PTOOSCRDA11;SHOCK SCREWDRIVER SET, 1/2' drive, 11 bits + chock handle;LOG;Programm Support;Tools;SCREWDRIVERS;Stockable Product;Single;;;Make to Order;Buy;Average Price;;;Tools;ITC;Normal;Y;;;;;;;;;;;;;;no;no;; ;;;;;;;;;;;;;;;;;;;
PTOOSCRDC12;STAR/FLAT 2 BLADES SCREWDRIVER, Flat: 5.5&6.5 mm Ph. n° 1&2;LOG;Programm Support;Tools;SCREWDRIVERS;Stockable Product;Single;;;Make to Order;Buy;Average Price;;;Tools;ITC;Normal;Y;;;;;;;;;;;;;;no;no;; ;;;;;;;;;;;;;;;;;;;
PTOOSCRDC38;STAR/FLAT 5 BLADES SCREW DRIVER, F:3 to 8 mm, star n° 0 to 4;LOG;Programm Support;Tools;SCREWDRIVERS;Stockable Product;Single;;;Make to Order;Buy;Average Price;;;Tools;ITC;Normal;Y;;;;;;;;;;;;;;no;no;; ;;;;;;;;;;;;;;;;;;;
PTOOSCRDE3H;ELECTRICIAN FLAT SCREWDRIVER, 3.5 x 100 mm, 1000V;LOG;Programm Support;Tools;SCREWDRIVERS;Stockable Product;Single;;;Make to Order;Buy;Average Price;;;Tools;ITC;Normal;Y;;;;;;;;;;;;;;no;no;; ;;;;;;;;;;;;;;;;;;;
PTOOSCRDF3S;FLAT SCREWDRIVER 3 x 75 mm;LOG;Programm Support;Tools;SCREWDRIVERS;Stockable Product;Single;;;Make to Order;Buy;Average Price;;;Tools;ITC;Normal;Y;;;;;;;;;;;;;;no;no;; ;;;;;;;;;;;;;;;;;;;
PTOOSCRDF4E;FLAT EXTRA-SHORT SCREWDRIVER 4,5 x 40 mm;LOG;Programm Support;Tools;SCREWDRIVERS;Stockable Product;Single;;;Make to Order;Buy;Average Price;;;Tools;ITC;Normal;Y;;;;;;;;;;;;;;no;no;; ;;;;;;;;;;;;;;;;;;;
PTOOSCRDF4S;FLAT SCREWDRIVER 4,5 x 90 mm;LOG;Programm Support;Tools;SCREWDRIVERS;Stockable Product;Single;;;Make to Order;Buy;Average Price;;;Tools;ITC;Normal;Y;;;;;;;;;;;;;;no;no;; ;;;;;;;;;;;;;;;;;;;
PTOOSCRDF8L;FLAT SCREWDRIVER 8 x 200 mm, hexagonal blade;LOG;Programm Support;Tools;SCREWDRIVERS;Stockable Product;Single;;;Make to Order;Buy;Average Price;;;Tools;ITC;Normal;Y;;;;;;;;;;;;;;no;no;; ;;;;;;;;;;;;;;;;;;;
PTOOSCRDF8M;FLAT SCREWDRIVER 8  x 200 mm, round blade;LOG;Programm Support;Tools;SCREWDRIVERS;Stockable Product;Single;;;Make to Order;Buy;Average Price;;;Tools;ITC;Normal;Y;;;;;;;;;;;;;;no;no;; ;;;;;;;;;;;;;;;;;;;
PTOOSCRDF8S;FLAT SCREWDRIVER 8 x 150 mm;LOG;Programm Support;Tools;SCREWDRIVERS;Stockable Product;Single;;;Make to Order;Buy;Average Price;;;Tools;ITC;Normal;Y;;;;;;;;;;;;;;no;no;; ;;;;;;;;;;;;;;;;;;;
PTOOSCRDF99;FLAT SCREWDRIVER 10 x 200 mm;LOG;Programm Support;Tools;SCREWDRIVERS;Stockable Product;Single;;;Make to Order;Buy;Average Price;;;Tools;ITC;Normal;Y;;;;;;;;;;;;;;no;no;; ;;;;;;;;;;;;;;;;;;;
PTOOSCRDFST;SCREW STARTER FOR SLOTTED HEAD, 0.5 to 1.5 mm slot;LOG;Programm Support;Tools;SCREWDRIVERS;Stockable Product;Single;;;Make to Order;Buy;Average Price;;;Tools;ITC;Normal;Y;;;;;;;;;;;;;;no;no;; ;;;;;;;;;;;;;;;;;;;
PTOOSCRDP0-;STAR SCREWDRIVER, 4 x 75 mm, Philips n°0;LOG;Programm Support;Tools;SCREWDRIVERS;Stockable Product;Single;;;Make to Order;Buy;Average Price;;;Tools;ITC;Normal;Y;;;;;;;;;;;;;;no;no;; ;;;;;;;;;;;;;;;;;;;
PTOOSCRDP2-;STAR SCREWDRIVER 6 x 125 mm, Philips n°2;LOG;Programm Support;Tools;SCREWDRIVERS;Stockable Product;Single;;;Make to Order;Buy;Average Price;;;Tools;ITC;Normal;Y;;;;;;;;;;;;;;no;no;; ;;;;;;;;;;;;;;;;;;;
PTOOSCRDP3-;STAR SCREWDRIVER, 8 x 150 mm, Philips n°3;LOG;Programm Support;Tools;SCREWDRIVERS;Stockable Product;Single;;;Make to Order;Buy;Average Price;;;Tools;ITC;Normal;Y;;;;;;;;;;;;;;no;no;; ;;;;;;;;;;;;;;;;;;;
PTOOSCRDP3B;BIT END SCREWDRIVER BLADE, 5/16' drive, Philips n° 3;LOG;Programm Support;Tools;SCREWDRIVERS;Stockable Product;Single;;;Make to Order;Buy;Average Price;;;Tools;ITC;Normal;Y;;;;;;;;;;;;;;no;no;; ;;;;;;;;;;;;;;;;;;;
PTOOSCRDS9-;SET OF 9 SCREWDRIVER BITS, 3 flat, 3 Phil. 3 Poz. drive 6mm;LOG;Programm Support;Tools;SCREWDRIVERS;Stockable Product;Single;;;Make to Order;Buy;Average Price;;;Tools;ITC;Normal;Y;;;;;;;;;;;;;;no;no;; ;;;;;;;;;;;;;;;;;;;
PTOOSCRDSE2;SET OF 5 FLAT SCREWDRIVERS, 5.5, 6.5, 8 thin, 8 thick, 10 mm;LOG;Programm Support;Tools;SCREWDRIVERS;Stockable Product;Single;;;Make to Order;Buy;Average Price;;;Tools;ITC;Normal;Y;;;;;;;;;;;;;;no;no;; ;;;;;;;;;;;;;;;;;;;
PTOOSCRDSE3;SET OF PRECISION FLAT SCREWDRIVERS, 0.8, 1, 1.2, 1.6, 2.5 mm;LOG;Programm Support;Tools;SCREWDRIVERS;Stockable Product;Single;;;Make to Order;Buy;Average Price;;;Tools;ITC;Normal;Y;;;;;;;;;;;;;;no;no;; ;;;;;;;;;;;;;;;;;;;
PTOOSCRDSE5;SET OF 5 STAR SCREWDRIVERS, Pozidriv n° 0 1 2 3 4;LOG;Programm Support;Tools;SCREWDRIVERS;Stockable Product;Single;;;Make to Order;Buy;Average Price;;;Tools;ITC;Normal;Y;;;;;;;;;;;;;;no;no;; ;;;;;;;;;;;;;;;;;;;
PTOOSCRDTHA;SCREWDRIVER, T shape handle, for 5/16' drive bits;LOG;Programm Support;Tools;SCREWDRIVERS;Stockable Product;Single;;;Make to Order;Buy;Average Price;;;Tools;ITC;Normal;Y;;;;;;;;;;;;;;no;no;; ;;;;;;;;;;;;;;;;;;;
PTOOSOCKC1-;SOCKET COUPLER, square drive fem 3/8' to male 1/2';LOG;Programm Support;Tools;SOCKET;Stockable Product;Single;;;Make to Order;Buy;Average Price;;;Tools;ITC;Normal;Y;;;;;;;;;;;;;;no;no;; ;;;;;;;;;;;;;;;;;;;
PTOOSOCKC2-;SOCKET COUPLER, square drive fem 1/2' to male 3/4';LOG;Programm Support;Tools;SOCKET;Stockable Product;Single;;;Make to Order;Buy;Average Price;;;Tools;ITC;Normal;Y;;;;;;;;;;;;;;no;no;; ;;;;;;;;;;;;;;;;;;;
PTOOSOCKS19;LONG SOCKET 19 mm, 1/2' square drive;LOG;Programm Support;Tools;SOCKET;Stockable Product;Single;;;Make to Order;Buy;Average Price;;;Tools;ITC;Normal;Y;;;;;;;;;;;;;;no;no;; ;;;;;;;;;;;;;;;;;;;
PTOOSOCKS21;LONG SOCKET 21 mm, 1/2 ' square drive;LOG;Programm Support;Tools;SOCKET;Stockable Product;Single;;;Make to Order;Buy;Average Price;;;Tools;ITC;Normal;Y;;;;;;;;;;;;;;no;no;; ;;;;;;;;;;;;;;;;;;;
PTOOSOCKS23;LONG SOCKET 23 mm, 1/2 ' square drive;LOG;Programm Support;Tools;SOCKET;Stockable Product;Single;;;Make to Order;Buy;Average Price;;;Tools;ITC;Normal;Y;;;;;;;;;;;;;;no;no;; ;;;;;;;;;;;;;;;;;;;
PTOOSOCKSE1;SOCKET SET, 3/8' square drive 'radio' 6 points 5.5 to 14 mm;LOG;Programm Support;Tools;SOCKET;Stockable Product;Single;;;Make to Order;Buy;Average Price;;;Tools;ITC;Normal;Y;;;;;;;;;;;;;;no;no;; ;;;;;;;;;;;;;;;;;;;
PTOOSOCKSE2;SOCKET SET, 1/2' square drive 'std', 12 points 8 to 32 mm;LOG;Programm Support;Tools;SOCKET;Stockable Product;Single;;;Make to Order;Buy;Average Price;;;Tools;ITC;Normal;Y;;;;;;;;;;;;;;no;no;; ;;;;;;;;;;;;;;;;;;;
PTOOSOCKSE3;SOCKET SET, 3/4' square drive 'truck', 6 points 30 to 55 mm;LOG;Programm Support;Tools;SOCKET;Stockable Product;Single;;;Make to Order;Buy;Average Price;;;Tools;ITC;Normal;Y;;;;;;;;;;;;;;no;no;; ;;;;;;;;;;;;;;;;;;;
PTOOSOCKT32;LONG  SOCKET 32 mm, 3/4' square drive;LOG;Programm Support;Tools;SOCKET;Stockable Product;Single;;;Make to Order;Buy;Average Price;;;Tools;ITC;Normal;Y;;;;;;;;;;;;;;no;no;; ;;;;;;;;;;;;;;;;;;;
PTOOSOCKT36;LONG  SOCKET 36 mm, 3/4' square drive;LOG;Programm Support;Tools;SOCKET;Stockable Product;Single;;;Make to Order;Buy;Average Price;;;Tools;ITC;Normal;Y;;;;;;;;;;;;;;no;no;; ;;;;;;;;;;;;;;;;;;;
PTOOSOLD2I1;SOLDERING IRON, 22 W, 12 V.;LOG;Programm Support;Tools;Soldering;Stockable Product;Single;;;Make to Order;Buy;Average Price;;;Tools;ITC;Normal;Y;;;;;;;;;;;;;;no;no;; ;;;;;;;;;;;;;;;;;;;
PTOOSOLDCCB;(soldering iron) CROCODILE CLAMPS, black, 3 A;LOG;Programm Support;Tools;Soldering;Stockable Product;Single;;;Make to Order;Buy;Average Price;;;Tools;ITC;Normal;Y;;;;;;;;;;;;;;no;no;; ;;;;;;;;;;;;;;;;;;;
PTOOSOLDCCR;(soldering iron) CROCODILE CLAMPS, red, 3 A;LOG;Programm Support;Tools;Soldering;Stockable Product;Single;;;Make to Order;Buy;Average Price;;;Tools;ITC;Normal;Y;;;;;;;;;;;;;;no;no;; ;;;;;;;;;;;;;;;;;;;
PTOOSOLDF--;(tin solder) FLUX;LOG;Programm Support;Tools;Soldering;Stockable Product;Single;;;Make to Order;Buy;Average Price;;;Tools;ITC;Normal;Y;;;;;;;;;;;;;;no;no;; ;;;;;;;;;;;;;;;;;;;
PTOOSOLDI1-;SOLDERING IRON, 40 W, 12 V DC;LOG;Programm Support;Tools;Soldering;Stockable Product;Single;;;Make to Order;Buy;Average Price;;;Tools;ITC;Normal;Y;;;;;;;;;;;;;;no;no;; ;;;;;;;;;;;;;;;;;;;
PTOOSOLDI2-;SOLDERING IRON, 100 W, 12 V DC;LOG;Programm Support;Tools;Soldering;Stockable Product;Single;;;Make to Order;Buy;Average Price;;;Tools;ITC;Normal;Y;;;;;;;;;;;;;;no;no;; ;;;;;;;;;;;;;;;;;;;
PTOOSOLDI3-;SOLDERING IRON, 100 W, 230 V AC;LOG;Programm Support;Tools;Soldering;Stockable Product;Single;;;Make to Order;Buy;Average Price;;;Tools;ITC;Normal;Y;;;;;;;;;;;;;;no;no;; ;;;;;;;;;;;;;;;;;;;
PTOOSOLDTS-;TIN SOLDER, 60% min., resin core, 500 g, roll;LOG;Programm Support;Tools;Soldering;Stockable Product;Single;;;Make to Order;Buy;Average Price;;;Tools;ITC;Normal;Y;;;;;;;;;;;;;;no;no;; ;;;;;;;;;;;;;;;;;;;
PTOOSPANA65;ADJUSTABLE SPANNER, max. opening 65 mm, 24'/ 600 mm;LOG;Programm Support;Tools;SPANNER;Stockable Product;Single;;;Make to Order;Buy;Average Price;;;Tools;ITC;Normal;Y;;;;;;;;;;;;;;no;no;; ;;;;;;;;;;;;;;;;;;;
PTOOSPANA80;ADJUSTABLE MONKEY SPANNER, max. opening 80 mm, L : 375 mm;LOG;Programm Support;Tools;SPANNER;Stockable Product;Single;;;Make to Order;Buy;Average Price;;;Tools;ITC;Normal;Y;;;;;;;;;;;;;;no;no;; ;;;;;;;;;;;;;;;;;;;
PTOOSPANCO1;OFFSET COMBINATION SPANNER 12 points,  10 mm;LOG;Programm Support;Tools;SPANNER;Stockable Product;Single;;;Make to Order;Buy;Average Price;;;Tools;ITC;Normal;Y;;;;;;;;;;;;;;no;no;; ;;;;;;;;;;;;;;;;;;;
PTOOSPANCS1;SET OF 9 COMBINATION SPANNER 12 points 15°, 8 to 19 mm + bag;LOG;Programm Support;Tools;SPANNER;Stockable Product;Single;;;Make to Order;Buy;Average Price;;;Tools;ITC;Normal;Y;;;;;;;;;;;;;;no;no;; ;;;;;;;;;;;;;;;;;;;
PTOOSPANCS2;SET OF 8 COMBINATION SPANNER 12 points 15°, 8 to 24 mm;LOG;Programm Support;Tools;SPANNER;Stockable Product;Single;;;Make to Order;Buy;Average Price;;;Tools;ITC;Normal;Y;;;;;;;;;;;;;;no;no;; ;;;;;;;;;;;;;;;;;;;
PTOOSPANCS3;SET OF 14 COMBINATION SPANNER 12 points 15°, 7 to 24 mm;LOG;Programm Support;Tools;SPANNER;Stockable Product;Single;;;Make to Order;Buy;Average Price;;;Tools;ITC;Normal;Y;;;;;;;;;;;;;;no;no;; ;;;;;;;;;;;;;;;;;;;
PTOOSPANCS4;SET OF 18 COMBINATION SPANNER 12 points 15°, 6 to 32 mm;LOG;Programm Support;Tools;SPANNER;Stockable Product;Single;;;Make to Order;Buy;Average Price;;;Tools;ITC;Normal;Y;;;;;;;;;;;;;;no;no;; ;;;;;;;;;;;;;;;;;;;
PTOOSPANCS5;SET OF 6 EXTRA-SHORT COMBINATION WRENCH 3.2 to 11 mm, + bag;LOG;Programm Support;Tools;SPANNER;Stockable Product;Single;;;Make to Order;Buy;Average Price;;;Tools;ITC;Normal;Y;;;;;;;;;;;;;;no;no;; ;;;;;;;;;;;;;;;;;;;
PTOOSPANFS1;SET OF 5 PIPE NUT FLANGED SPANNER, 10 sizes from 7 to 19 mm;LOG;Programm Support;Tools;SPANNER;Stockable Product;Single;;;Make to Order;Buy;Average Price;;;Tools;ITC;Normal;Y;;;;;;;;;;;;;;no;no;; ;;;;;;;;;;;;;;;;;;;
PTOOSPANOS2;SET OF 6 EXTRA-THIN LONG OPEN SPANNER , 6 to 19 mm, + bag;LOG;Programm Support;Tools;SPANNER;Stockable Product;Single;;;Make to Order;Buy;Average Price;;;Tools;ITC;Normal;Y;;;;;;;;;;;;;;no;no;; ;;;;;;;;;;;;;;;;;;;
PTOOSPANRS1;SET OF 6 OFFSET RING SPANNER, 12 points, 8  to 19 mm;LOG;Programm Support;Tools;SPANNER;Stockable Product;Single;;;Make to Order;Buy;Average Price;;;Tools;ITC;Normal;Y;;;;;;;;;;;;;;no;no;; ;;;;;;;;;;;;;;;;;;;
PTOOSPANRS2;SET OF 8 STRAIGHT RING SPANNER, 8 to 24 mm, in soft bag;LOG;Programm Support;Tools;SPANNER;Stockable Product;Single;;;Make to Order;Buy;Average Price;;;Tools;ITC;Normal;Y;;;;;;;;;;;;;;no;no;; ;;;;;;;;;;;;;;;;;;;
PTOOSPANS06;OPEN-SOCKET SPANNER 12 x 6 points, 6 mm;LOG;Programm Support;Tools;SPANNER;Stockable Product;Single;;;Make to Order;Buy;Average Price;;;Tools;ITC;Normal;Y;;;;;;;;;;;;;;no;no;; ;;;;;;;;;;;;;;;;;;;
PTOOSPANS07;OPEN-SOCKET SPANNER 6 x 6 points, 7 mm;LOG;Programm Support;Tools;SPANNER;Stockable Product;Single;;;Make to Order;Buy;Average Price;;;Tools;ITC;Normal;Y;;;;;;;;;;;;;;no;no;; ;;;;;;;;;;;;;;;;;;;
PTOOSPANSS1;SET OF 8 OPEN-SOCKET SPANNER 6 x 6 points, 8 to 24 mm;LOG;Programm Support;Tools;SPANNER;Stockable Product;Single;;;Make to Order;Buy;Average Price;;;Tools;ITC;Normal;Y;;;;;;;;;;;;;;no;no;; ;;;;;;;;;;;;;;;;;;;
PTOOSPANSS2;SET OF 8 OPEN-SOCKET SPANNER 6 x 12 points, 8 to 24 mm;LOG;Programm Support;Tools;SPANNER;Stockable Product;Single;;;Make to Order;Buy;Average Price;;;Tools;ITC;Normal;Y;;;;;;;;;;;;;;no;no;; ;;;;;;;;;;;;;;;;;;;
PTOOSPAOADJ;ADJUSTABLE OIL FILTER WRENCH;LOG;Programm Support;Tools;OIL FILTER SPANNER;Stockable Product;Single;;;Make to Order;Buy;Average Price;;;Tools;ITC;Normal;Y;;;;;;;;;;;;;;no;no;; ;;;;;;;;;;;;;;;;;;;
PTOOSPAOSST;SPARE STRAP FOR OIL FILTER SPANNER Facom U.46;LOG;Programm Support;Tools;OIL FILTER SPANNER;Stockable Product;Single;;;Make to Order;Buy;Average Price;;;Tools;ITC;Normal;Y;;;;;;;;;;;;;;no;no;; ;;;;;;;;;;;;;;;;;;;
PTOOTOOBC1-;COMPARTMENT PLASTIC CASE, 21 compartments, 500 x 300 x 60 mm;LOG;Programm Support;Tools;TOOL BOX OR BAG;Stockable Product;Single;;;Make to Order;Buy;Average Price;;;Tools;ITC;Normal;Y;;;;;;;;;;;;;;no;no;; ;;;;;;;;;;;;;;;;;;;
PTOOTOOBH1-;HAVERSACK;LOG;Programm Support;Tools;TOOL BOX OR BAG;Stockable Product;Single;;;Make to Order;Buy;Average Price;;;Tools;ITC;Normal;Y;;;;;;;;;;;;;;no;no;; ;;;;;;;;;;;;;;;;;;;
PTOOTOOBSOF;SOFT TOOL BAG, for driver tool set, 25 compartments;LOG;Programm Support;Tools;TOOL BOX OR BAG;Stockable Product;Single;;;Make to Order;Buy;Average Price;;;Tools;ITC;Normal;Y;;;;;;;;;;;;;;no;no;; ;;;;;;;;;;;;;;;;;;;
PTOOWRENI20;PIN WRENCH, for nut with top holes, adjustable 20 to 100 mm;LOG;Programm Support;Tools;WRENCH;Stockable Product;Single;;;Make to Order;Buy;Average Price;;;Tools;ITC;Normal;Y;;;;;;;;;;;;;;no;no;; ;;;;;;;;;;;;;;;;;;;
PTOOWRENP20;PIPE WRENCH, STRAP MODEL maxi : 2' - 60 mm;LOG;Programm Support;Tools;WRENCH;Stockable Product;Single;;;Make to Order;Buy;Average Price;;;Tools;ITC;Normal;Y;;;;;;;;;;;;;;no;no;; ;;;;;;;;;;;;;;;;;;;
PTOOWRENT2-;TORQUE WRENCH, 1/2', w/o socket;LOG;Programm Support;Tools;WRENCH;Stockable Product;Single;;;Make to Order;Buy;Average Price;;;Tools;ITC;Normal;Y;;;;;;;;;;;;;;no;no;; ;;;;;;;;;;;;;;;;;;;
PTOOWRENT3-;TORQUE WRENCH, with dial, 0-35 Nm, 3/8';LOG;Programm Support;Tools;WRENCH;Stockable Product;Single;;;Make to Order;Buy;Average Price;;;Tools;ITC;Normal;Y;;;;;;;;;;;;;;no;no;; ;;;;;;;;;;;;;;;;;;;
PXLIFILT01A;FILTER, AIR, for Lister Petter AA1 engine, 268752;LOG;Programm Support;SPARE PARTS LISTER;Filter;Stockable Product;Single;;;Make to Order;Buy;Average Price;;;SPARE PARTS LISTER;ITC;Normal;Y;;;;;;;;;;;;;;no;no;; ;;;;;;;;;;;;;;;;;;;
PXLIFILT01G;FILTER, DIESEL, for Lister Petter AA1 engine, 330573;LOG;Programm Support;SPARE PARTS LISTER;Filter;Stockable Product;Single;;;Make to Order;Buy;Average Price;;;SPARE PARTS LISTER;ITC;Normal;Y;;;;;;;;;;;;;;no;no;; ;;;;;;;;;;;;;;;;;;;
PXLIFILT01O;FILTER, OIL, for Lister Petter AA1 engine, 393203;LOG;Programm Support;SPARE PARTS LISTER;Filter;Stockable Product;Single;;;Make to Order;Buy;Average Price;;;SPARE PARTS LISTER;ITC;Normal;Y;;;;;;;;;;;;;;no;no;; ;;;;;;;;;;;;;;;;;;;
PXLIFILTR1A;FILTRE A AIR RENFORCE MOTEUR LISTER TS1/TR1;LOG;Programm Support;SPARE PARTS LISTER;Filter;Stockable Product;Single;;;Make to Order;Buy;Average Price;;;SPARE PARTS LISTER;ITC;Normal;Y;;;;;;;;;;;;;;no;no;; ;;;;;;;;;;;;;;;;;;;
PXLIFILTREA;AIR FILTER EXTERNAL ELEMENT, REINFORCED, TS/TR serie 2-3;LOG;Programm Support;SPARE PARTS LISTER;Filter;Stockable Product;Single;;;Make to Order;Buy;Average Price;;;SPARE PARTS LISTER;ITC;Normal;Y;;;;;;;;;;;;;;no;no;; ;;;;;;;;;;;;;;;;;;;
PXLIFILTRIA;ELEMENT INTERIEUR DE FILTRE A AIR RENFORCE TS/TR serie 2-3;LOG;Programm Support;SPARE PARTS LISTER;Filter;Stockable Product;Single;;;Make to Order;Buy;Average Price;;;SPARE PARTS LISTER;ITC;Normal;Y;;;;;;;;;;;;;;no;no;; ;;;;;;;;;;;;;;;;;;;
PXLIFILTSRA;FILTER ELEMENT, AIR, standard for Lister TS/TR series 1-2-3;LOG;Programm Support;SPARE PARTS LISTER;Filter;Stockable Product;Single;;;Make to Order;Buy;Average Price;;;SPARE PARTS LISTER;ITC;Normal;Y;;;;;;;;;;;;;;no;no;; ;;;;;;;;;;;;;;;;;;;
PXLIFILTSRG;FILTER, DIESEL, standard for Lister TS/TR series 1-2-3;LOG;Programm Support;SPARE PARTS LISTER;Filter;Stockable Product;Single;;;Make to Order;Buy;Average Price;;;SPARE PARTS LISTER;ITC;Normal;Y;;;;;;;;;;;;;;no;no;; ;;;;;;;;;;;;;;;;;;;
PXLIFILTSRO;FILTER ELEMENT, OIL, standard for Lister TS/TR series 1-2-3;LOG;Programm Support;SPARE PARTS LISTER;Filter;Stockable Product;Single;;;Make to Order;Buy;Average Price;;;SPARE PARTS LISTER;ITC;Normal;Y;;;;;;;;;;;;;;no;no;; ;;;;;;;;;;;;;;;;;;;
PXLOFILT01A;FILTER, AIR, Lombardini eng. & Viki petr. motor pump 2175097;LOG;Programm Support;SPARE PARTS LOMBARDINI;Filter;Stockable Product;Single;;;Make to Order;Buy;Average Price;;;SPARE PARTS LOMBARDINI;ITC;Normal;Y;;;;;;;;;;;;;;no;no;; ;;;;;;;;;;;;;;;;;;;
PXLOFILT01G;FILTER, DIESEL, for Lombardini engine, 6LD325;LOG;Programm Support;SPARE PARTS LOMBARDINI;Filter;Stockable Product;Single;;;Make to Order;Buy;Average Price;;;SPARE PARTS LOMBARDINI;ITC;Normal;Y;;;;;;;;;;;;;;no;no;; ;;;;;;;;;;;;;;;;;;;
PXLOFILT01O;FILTER, OIL, 2175 129, for Lombardini engine 6LD325;LOG;Programm Support;SPARE PARTS LOMBARDINI;Filter;Stockable Product;Single;;;Make to Order;Buy;Average Price;;;SPARE PARTS LOMBARDINI;ITC;Normal;Y;;;;;;;;;;;;;;no;no;; ;;;;;;;;;;;;;;;;;;;
PXLOFILT09G;FILTER, GASOIL, 2175 046, for Lombardini engine 9LD;LOG;Programm Support;SPARE PARTS LOMBARDINI;Filter;Stockable Product;Single;;;Make to Order;Buy;Average Price;;;SPARE PARTS LOMBARDINI;ITC;Normal;Y;;;;;;;;;;;;;;no;no;; ;;;;;;;;;;;;;;;;;;;
PXLOFILT09O;FILTER, OIL, 2175 044,for Lombardini engine 9LD;LOG;Programm Support;SPARE PARTS LOMBARDINI;Filter;Stockable Product;Single;;;Make to Order;Buy;Average Price;;;SPARE PARTS LOMBARDINI;ITC;Normal;Y;;;;;;;;;;;;;;no;no;; ;;;;;;;;;;;;;;;;;;;
PXLOFILT10G;ENSEMBLE SUPPORT FILTRE A CARBURANT ET JOINT POUR 6LD325;LOG;Programm Support;SPARE PARTS LOMBARDINI;Filter;Stockable Product;Single;;;Make to Order;Buy;Average Price;;;SPARE PARTS LOMBARDINI;ITC;Normal;Y;;;;;;;;;;;;;;no;no;; ;;;;;;;;;;;;;;;;;;;
PXLOFILT45A;FILTER, AIR, 2175 128,for Lombardini engine 15LD315;LOG;Programm Support;SPARE PARTS LOMBARDINI;Filter;Stockable Product;Single;;;Make to Order;Buy;Average Price;;;SPARE PARTS LOMBARDINI;ITC;Normal;Y;;;;;;;;;;;;;;no;no;; ;;;;;;;;;;;;;;;;;;;
PXLOFILT45G;FILTER, GASOIL, 3730 088, for Lombardini engine 15LD315;LOG;Programm Support;SPARE PARTS LOMBARDINI;Filter;Stockable Product;Single;;;Make to Order;Buy;Average Price;;;SPARE PARTS LOMBARDINI;ITC;Normal;Y;;;;;;;;;;;;;;no;no;; ;;;;;;;;;;;;;;;;;;;
PXLOFILT45O;FILTER, OIL, 2175 129,for Lombardini engine 15LD315;LOG;Programm Support;SPARE PARTS LOMBARDINI;Filter;Stockable Product;Single;;;Make to Order;Buy;Average Price;;;SPARE PARTS LOMBARDINI;ITC;Normal;Y;;;;;;;;;;;;;;no;no;; ;;;;;;;;;;;;;;;;;;;
PXLOGASK01-;GASKET, priming plug, Lombardini diesel  motor pump 34/44;LOG;Programm Support;SPARE PARTS LOMBARDINI;Gasket;Stockable Product;Single;;;Make to Order;Buy;Average Price;;;SPARE PARTS LOMBARDINI;ITC;Normal;Y;;;;;;;;;;;;;;no;no;; ;;;;;;;;;;;;;;;;;;;
PXLOGASK130;GASKET, priming plug, Lombardini diesel  motor pump 130 m3;LOG;Programm Support;SPARE PARTS LOMBARDINI;Gasket;Stockable Product;Single;;;Make to Order;Buy;Average Price;;;SPARE PARTS LOMBARDINI;ITC;Normal;Y;;;;;;;;;;;;;;no;no;; ;;;;;;;;;;;;;;;;;;;
PXROFILTA10;AIR FILTER, cyclone, EY15 Robin engine, 226 32610 07;LOG;Programm Support;SPARE PARTS ROBIN;Filter;Stockable Product;Single;;;Make to Order;Buy;Average Price;;;SPARE PARTS ROBIN;ITC;Normal;Y;;;;;;;;;;;;;;no;no;; ;;;;;;;;;;;;;;;;;;;
PXROFILTA11;AIR FILTER, simple, EY15/20 Robin engine, 227 36002 03;LOG;Programm Support;SPARE PARTS ROBIN;Filter;Stockable Product;Single;;;Make to Order;Buy;Average Price;;;SPARE PARTS ROBIN;ITC;Normal;Y;;;;;;;;;;;;;;no;no;; ;;;;;;;;;;;;;;;;;;;
PXROFILTA12;AIR FILTER, cyclone for Robin EY20 engine, 227 32610 07;LOG;Programm Support;SPARE PARTS ROBIN;Filter;Stockable Product;Single;;;Make to Order;Buy;Average Price;;;SPARE PARTS ROBIN;ITC;Normal;Y;;;;;;;;;;;;;;no;no;; ;;;;;;;;;;;;;;;;;;;
PXROFILTG30;FUEL FILTER, DY 30/35/41 Robin engine, 228 62110 08;LOG;Programm Support;SPARE PARTS ROBIN;Filter;Stockable Product;Single;;;Make to Order;Buy;Average Price;;;SPARE PARTS ROBIN;ITC;Normal;Y;;;;;;;;;;;;;;no;no;; ;;;;;;;;;;;;;;;;;;;
PXROFILTP10;FILTER FOR TAP all petrol Robin engines, 064 20064 20;LOG;Programm Support;SPARE PARTS ROBIN;Filter;Stockable Product;Single;;;Make to Order;Buy;Average Price;;;SPARE PARTS ROBIN;ITC;Normal;Y;;;;;;;;;;;;;;no;no;; ;;;;;;;;;;;;;;;;;;;
PXROFILTT--;FILTER, TANK, all Robin engines, 064 13600 10;LOG;Programm Support;SPARE PARTS ROBIN;Filter;Stockable Product;Single;;;Make to Order;Buy;Average Price;;;SPARE PARTS ROBIN;ITC;Normal;Y;;;;;;;;;;;;;;no;no;; ;;;;;;;;;;;;;;;;;;;
SCTDBRCF1A-;FILTER, BREATHING CIRCUIT, 22M/15F, adult/child,sterile s.u.;MED;Medical renewable supplies;Catheters, tubes and drains;Breathing circuit filter;Stockable Product;Single;;;Make to Order;Buy;Average Price;;;Catheters, tubes and drains;ITC;Normal;Y;;;;;;;;;;;;;;no;no;; ;;;;;;;;;;;;;;;;;;;
SCTDBRCF1N-;FILTER, BREATHING CIRCUIT, 15M/15F, neonate, sterile s.u.;MED;Medical renewable supplies;Catheters, tubes and drains;Breathing circuit filter;Stockable Product;Single;;;Make to Order;Buy;Average Price;;;Catheters, tubes and drains;ITC;Normal;Y;;;;;;;;;;;;;;no;no;; ;;;;;;;;;;;;;;;;;;;
SCTDCANN2A-;CANNULA, NASAL, OXYGEN, 2 prongs + tube, adult;MED;Medical renewable supplies;Catheters, tubes and drains;Cannula, nasal;Stockable Product;Single;;;Make to Order;Buy;Average Price;;;Catheters, tubes and drains;ITC;Normal;Y;;;;;;;;;;;;;;no;no;; ;;;;;;;;;;;;;;;;;;;
SCTDCANN2N-;CANNULA, NASAL, OXYGEN, 2 prongs + tube, neonate;MED;Medical renewable supplies;Catheters, tubes and drains;Cannula, nasal;Stockable Product;Single;;;Make to Order;Buy;Average Price;;;Catheters, tubes and drains;ITC;Normal;Y;;;;;;;;;;;;;;no;no;; ;;;;;;;;;;;;;;;;;;;
SCTDCANN2P-;CANNULA, NASAL, OXYGEN, 2 prongs + tube, paediatric;MED;Medical renewable supplies;Catheters, tubes and drains;Cannula, nasal;Stockable Product;Single;;;Make to Order;Buy;Average Price;;;Catheters, tubes and drains;ITC;Normal;Y;;;;;;;;;;;;;;no;no;; ;;;;;;;;;;;;;;;;;;;
SCTDCAUN10-;CATHETER, URINARY, NELATON, sterile, s.u., CH 10, 40 cm;MED;Medical renewable supplies;Catheters, tubes and drains;CATHETER URINARY, Nelaton type;Stockable Product;Single;;;Make to Order;Buy;Average Price;;;Catheters, tubes and drains;ITC;Normal;Y;;;;;;;;;;;;;;no;no;; ;;;;;;;;;;;;;;;;;;;
SCTDCAUN10S;CATHETER, URINARY, NELATON, sterile, s.u., CH 10, 15 cm;MED;Medical renewable supplies;Catheters, tubes and drains;CATHETER URINARY, Nelaton type;Stockable Product;Single;;;Make to Order;Buy;Average Price;;;Catheters, tubes and drains;ITC;Normal;Y;;;;;;;;;;;;;;no;no;; ;;;;;;;;;;;;;;;;;;;
SCTDMVAC04A;(aspiration dev. MVA Plus) CANNULA EasyGRIP, Ø 4 mm;MED;Medical renewable supplies;Catheters, tubes and drains;Manual vacuum asp cannula;Stockable Product;Single;;;Make to Order;Buy;Average Price;;;Catheters, tubes and drains;ITC;Normal;Y;;;;;;;;;;;;;;no;no;; ;;;;;;;;;;;;;;;;;;;
SCTDMVAC05A;(aspiration dev. MVA Plus) CANNULA EasyGRIP, Ø 5 mm;MED;Medical renewable supplies;Catheters, tubes and drains;Manual vacuum asp cannula;Stockable Product;Single;;;Make to Order;Buy;Average Price;;;Catheters, tubes and drains;ITC;Normal;Y;;;;;;;;;;;;;;no;no;; ;;;;;;;;;;;;;;;;;;;
SCTDMVAC06A;(aspiration dev. MVA Plus) CANNULA EasyGRIP, Ø 6 mm;MED;Medical renewable supplies;Catheters, tubes and drains;Manual vacuum asp cannula;Stockable Product;Single;;;Make to Order;Buy;Average Price;;;Catheters, tubes and drains;ITC;Normal;Y;;;;;;;;;;;;;;no;no;; ;;;;;;;;;;;;;;;;;;;
SCTDMVAC07A;(aspiration dev. MVA Plus) CANNULA EasyGRIP, Ø 7 mm;MED;Medical renewable supplies;Catheters, tubes and drains;Manual vacuum asp cannula;Stockable Product;Single;;;Make to Order;Buy;Average Price;;;Catheters, tubes and drains;ITC;Normal;Y;;;;;;;;;;;;;;no;no;; ;;;;;;;;;;;;;;;;;;;
SCTDMVAC08A;(aspiration dev. MVA Plus) CANNULA EasyGRIP, Ø 8 mm;MED;Medical renewable supplies;Catheters, tubes and drains;Manual vacuum asp cannula;Stockable Product;Single;;;Make to Order;Buy;Average Price;;;Catheters, tubes and drains;ITC;Normal;Y;;;;;;;;;;;;;;no;no;; ;;;;;;;;;;;;;;;;;;;
SCTDMVAC09A;(aspiration dev. MVA Plus) CANNULA EasyGRIP, Ø 9 mm;MED;Medical renewable supplies;Catheters, tubes and drains;Manual vacuum asp cannula;Stockable Product;Single;;;Make to Order;Buy;Average Price;;;Catheters, tubes and drains;ITC;Normal;Y;;;;;;;;;;;;;;no;no;; ;;;;;;;;;;;;;;;;;;;
SCTDMVAC10A;(aspiration dev. MVA Plus) CANNULA EasyGRIP, Ø 10mm;MED;Medical renewable supplies;Catheters, tubes and drains;Manual vacuum asp cannula;Stockable Product;Single;;;Make to Order;Buy;Average Price;;;Catheters, tubes and drains;ITC;Normal;Y;;;;;;;;;;;;;;no;no;; ;;;;;;;;;;;;;;;;;;;
SCTDMVAC12A;(aspiration dev. MVA Plus) CANNULA EasyGRIP, Ø 12mm;MED;Medical renewable supplies;Catheters, tubes and drains;Manual vacuum asp cannula;Stockable Product;Single;;;Make to Order;Buy;Average Price;;;Catheters, tubes and drains;ITC;Normal;Y;;;;;;;;;;;;;;no;no;; ;;;;;;;;;;;;;;;;;;;
SCTDMVAS1--;(aspiration dev. MVA Plus) SET OF SPARE ACCESSORIES;MED;Medical renewable supplies;Catheters, tubes and drains;Manual vacuum asp syringe;Stockable Product;Single;;;Make to Order;Buy;Average Price;;;Catheters, tubes and drains;ITC;Normal;Y;;;;;;;;;;;;;;no;no;; ;;;;;;;;;;;;;;;;;;;
SCTDMVAS60A;ASPIRATION DEVICE, MVA PLUS (Ipas), 60 ml, autoclavable;MED;Medical renewable supplies;Catheters, tubes and drains;Manual vacuum asp syringe;Stockable Product;Single;;;Make to Order;Buy;Average Price;;;Catheters, tubes and drains;ITC;Normal;Y;;;;;;;;;;;;;;no;no;; ;;;;;;;;;;;;;;;;;;;
SCTDPERI1D-;PERITONEAL DIAGNOSTIC LAVAGE SET (Peritofix), s.u.;MED;Medical renewable supplies;Catheters, tubes and drains;Peritofix;Stockable Product;Single;;;Make to Order;Buy;Average Price;;;Catheters, tubes and drains;ITC;Normal;Y;;;;;;;;;;;;;;no;no;;37 J(PM);;;;;;;;;;;;;;;;;;;
SCTDREDA12C;(redon), ALENE NEEDLE, for CH12 drain, curved;MED;Medical renewable supplies;Catheters, tubes and drains;Alene Needle For Redon Set;Stockable Product;Single;;;Make to Order;Buy;Average Price;;;Catheters, tubes and drains;ITC;Normal;Y;;;;;;;;;;;;;;no;no;; ;;;;;;;;;;;;;;;;;;;
SCTDREDA16C;(redon), ALENE NEEDLE, for CH16 drain, curved;MED;Medical renewable supplies;Catheters, tubes and drains;Alene Needle For Redon Set;Stockable Product;Single;;;Make to Order;Buy;Average Price;;;Catheters, tubes and drains;ITC;Normal;Y;;;;;;;;;;;;;;no;no;; ;;;;;;;;;;;;;;;;;;;
SCTDREDC1--;(redon) CONNECTOR for drain CH12 and CH16;MED;Medical renewable supplies;Catheters, tubes and drains;Connectors for drain;Stockable Product;Single;;;Make to Order;Buy;Average Price;;;Catheters, tubes and drains;ITC;Normal;Y;;;;;;;;;;;;;;no;no;; ;;;;;;;;;;;;;;;;;;;
SCTDREDD12-;(redon) DRAIN, CH12, sterile, s.u.;MED;Medical renewable supplies;Catheters, tubes and drains;Drain For Redon;Stockable Product;Single;;;Make to Order;Buy;Average Price;;;Catheters, tubes and drains;ITC;Normal;Y;;;;;;;;;;;;;;no;no;; ;;;;;;;;;;;;;;;;;;;
SCTDREDD16-;(redon) DRAIN, CH16, sterile, s.u.;MED;Medical renewable supplies;Catheters, tubes and drains;Drain For Redon;Stockable Product;Single;;;Make to Order;Buy;Average Price;;;Catheters, tubes and drains;ITC;Normal;Y;;;;;;;;;;;;;;no;no;; ;;;;;;;;;;;;;;;;;;;
SCTDREDN12-;REDON, complete set for drainage CH12;MED;Medical renewable supplies;Catheters, tubes and drains;Redon System;Stockable Product;Single;;;Make to Order;Buy;Average Price;;;Catheters, tubes and drains;ITC;Normal;Y;32;;;;;;;;;;;;;no;no;; ;;;;;;;;;;;;;;;;;;;
SCTDREDN16-;REDON, complete set for drainage CH16;MED;Medical renewable supplies;Catheters, tubes and drains;Redon System;Stockable Product;Single;;;Make to Order;Buy;Average Price;;;Catheters, tubes and drains;ITC;Normal;Y;32;;;;;;;;;;;;;no;no;; ;;;;;;;;;;;;;;;;;;;
SCTDREDP1--;(redon) PLUG, manometric for 500 ml bottle;MED;Medical renewable supplies;Catheters, tubes and drains;Redon system plastic;Stockable Product;Single;;;Make to Order;Buy;Average Price;;;Catheters, tubes and drains;ITC;Normal;Y;;;;;;;;;;;;;;no;no;; ;;;;;;;;;;;;;;;;;;;
SCTDREDP412;REDON, 450ml, bellows + ALENE NEEDLE ster. s.u. + DRAIN CH12;MED;Medical renewable supplies;Catheters, tubes and drains;Redon system plastic;Stockable Product;Single;;;Make to Order;Buy;Average Price;;;Catheters, tubes and drains;ITC;Normal;Y;;;;;;;;;;;;;;no;no;; ;;;;;;;;;;;;;;;;;;;
SCTDREDP416;REDON, 450ml, bellows + ALENE NEEDLE ster. s.u. + DRAIN CH16;MED;Medical renewable supplies;Catheters, tubes and drains;Redon system plastic;Stockable Product;Single;;;Make to Order;Buy;Average Price;;;Catheters, tubes and drains;ITC;Normal;Y;;;;;;;;;;;;;;no;no;; ;;;;;;;;;;;;;;;;;;;
SCTDTUBE05-;TUBE, silicone, autoclavable, int. Ø 5 mm, 25 m;MED;Medical renewable supplies;Catheters, tubes and drains;Tube, silicone;Stockable Product;Single;;;Make to Order;Buy;Average Price;;;Catheters, tubes and drains;ITC;Normal;Y;;;;;;;;;;;;;;no;no;; ;;;;;;;;;;;;;;;;;;;
SCTDTUBE051;TUBE, silicone, int. Ø 5 mm, 10 m, autoclavable;MED;Medical renewable supplies;Catheters, tubes and drains;Tube, silicone;Stockable Product;Single;;;Make to Order;Buy;Average Price;;;Catheters, tubes and drains;ITC;Normal;Y;;;;;;;;;;;;;;no;no;; ;;;;;;;;;;;;;;;;;;;
SCTDTUBT04C;TUBE, TRACHEOTOMY, balloon, int. tube, sterile, size 4;MED;Medical renewable supplies;Catheters, tubes and drains;Tube Tracheotomy;Stockable Product;Single;;;Make to Order;Buy;Average Price;;;Catheters, tubes and drains;ITC;Normal;Y;;;;;;;;;;;;;;no;no;; ;;;;;;;;;;;;;;;;;;;
SCTDTUBT06C;TUBE, TRACHEOTOMY, balloon, int. tube, sterile, size 6;MED;Medical renewable supplies;Catheters, tubes and drains;Tube Tracheotomy;Stockable Product;Single;;;Make to Order;Buy;Average Price;;;Catheters, tubes and drains;ITC;Normal;Y;;;;;;;;;;;;;;no;no;; ;;;;;;;;;;;;;;;;;;;
SCTDTUBT08C;TUBE, TRACHEOTOMY, balloon, int. tube, sterile, size 8;MED;Medical renewable supplies;Catheters, tubes and drains;Tube Tracheotomy;Stockable Product;Single;;;Make to Order;Buy;Average Price;;;Catheters, tubes and drains;ITC;Normal;Y;;;;;;;;;;;;;;no;no;; ;;;;;;;;;;;;;;;;;;;
SCTDTUEB03-;BRUSH for cleaning tubes, 50 cm, 3-4 mm + spare;MED;Medical renewable supplies;Catheters, tubes and drains;Brush fr endotracheal tubes;Stockable Product;Single;;;Make to Order;Buy;Average Price;;;Catheters, tubes and drains;ITC;Normal;Y;;;;;;;;;;;;;;no;no;; ;;;;;;;;;;;;;;;;;;;
SCTDTUEB06-;BRUSH for cleaning tubes, 50 cm, 6-8 mm + spare;MED;Medical renewable supplies;Catheters, tubes and drains;Brush fr endotracheal tubes;Stockable Product;Single;;;Make to Order;Buy;Average Price;;;Catheters, tubes and drains;ITC;Normal;Y;;;;;;;;;;;;;;no;no;; ;;;;;;;;;;;;;;;;;;;
SCTDTUED25-;TUBE, ENDOTRACHEAL, s.u. + CONN., w/o balloon, Ø 2.5 mm;MED;Medical renewable supplies;Catheters, tubes and drains;Endotracheal Tube, Disp.;Stockable Product;Single;;;Make to Order;Buy;Average Price;;;Catheters, tubes and drains;ITC;Normal;Y;;;;;;;;;;;;;;no;no;; ;;;;;;;;;;;;;;;;;;;
SCTDTUED25B;TUBE, ENDOTRACHEAL, s.u. + CONN., balloon, Ø 2.5 mm;MED;Medical renewable supplies;Catheters, tubes and drains;Endotracheal Tube, Disp.;Stockable Product;Single;;;Make to Order;Buy;Average Price;;;Catheters, tubes and drains;ITC;Normal;Y;;;;;;;;;;;;;;no;no;; ;;;;;;;;;;;;;;;;;;;
SCTDTUED30B;TUBE, ENDOTRACHEAL, s.u. + CONN., balloon, Ø 3 mm;MED;Medical renewable supplies;Catheters, tubes and drains;Endotracheal Tube, Disp.;Stockable Product;Single;;;Make to Order;Buy;Average Price;;;Catheters, tubes and drains;ITC;Normal;Y;;;;;;;;;;;;;;no;no;; ;;;;;;;;;;;;;;;;;;;
SCTDTUED35-;TUBE, ENDOTRACHEAL, s.u. + CONN., w/o balloon, Ø 3.5 mm;MED;Medical renewable supplies;Catheters, tubes and drains;Endotracheal Tube, Disp.;Stockable Product;Single;;;Make to Order;Buy;Average Price;;;Catheters, tubes and drains;ITC;Normal;Y;;;;;;;;;;;;;;no;no;; ;;;;;;;;;;;;;;;;;;;
SCTDTUED35B;TUBE, ENDOTRACHEAL, s.u. + CONN., balloon, Ø 3.5 mm;MED;Medical renewable supplies;Catheters, tubes and drains;Endotracheal Tube, Disp.;Stockable Product;Single;;;Make to Order;Buy;Average Price;;;Catheters, tubes and drains;ITC;Normal;Y;;;;;;;;;;;;;;no;no;; ;;;;;;;;;;;;;;;;;;;
SCTDTUED40B;TUBE, ENDOTRACHEAL, s.u. + CONN., balloon, Ø 4 mm;MED;Medical renewable supplies;Catheters, tubes and drains;Endotracheal Tube, Disp.;Stockable Product;Single;;;Make to Order;Buy;Average Price;;;Catheters, tubes and drains;ITC;Normal;Y;;;;;;;;;;;;;;no;no;; ;;;;;;;;;;;;;;;;;;;
SCTDTUED45B;TUBE, ENDOTRACHEAL, s.u. + CONN., balloon, Ø 4.5 mm;MED;Medical renewable supplies;Catheters, tubes and drains;Endotracheal Tube, Disp.;Stockable Product;Single;;;Make to Order;Buy;Average Price;;;Catheters, tubes and drains;ITC;Normal;Y;;;;;;;;;;;;;;no;no;; ;;;;;;;;;;;;;;;;;;;
SCTDTUED5--;TUBE, ENDOTRACHEAL, s.u. + CONN., balloon, Ø 5 mm;MED;Medical renewable supplies;Catheters, tubes and drains;Endotracheal Tube, Disp.;Stockable Product;Single;;;Make to Order;Buy;Average Price;;;Catheters, tubes and drains;ITC;Normal;Y;;;;;;;;;;;;;;no;no;; ;;;;;;;;;;;;;;;;;;;
SCTDTUED55B;TUBE, ENDOTRACHEAL, s.u. + CONN., balloon, Ø 5.5 mm;MED;Medical renewable supplies;Catheters, tubes and drains;Endotracheal Tube, Disp.;Stockable Product;Single;;;Make to Order;Buy;Average Price;;;Catheters, tubes and drains;ITC;Normal;Y;;;;;;;;;;;;;;no;no;; ;;;;;;;;;;;;;;;;;;;
SCTDTUED65B;TUBE, ENDOTRACHEAL, s.u. + CONN., balloon, Ø 6.5 mm;MED;Medical renewable supplies;Catheters, tubes and drains;Endotracheal Tube, Disp.;Stockable Product;Single;;;Make to Order;Buy;Average Price;;;Catheters, tubes and drains;ITC;Normal;Y;;;;;;;;;;;;;;no;no;; ;;;;;;;;;;;;;;;;;;;
SCTDTUED7--;TUBE, ENDOTRACHEAL, s.u. + CONN., balloon, Ø 7 mm;MED;Medical renewable supplies;Catheters, tubes and drains;Endotracheal Tube, Disp.;Stockable Product;Single;;;Make to Order;Buy;Average Price;;;Catheters, tubes and drains;ITC;Normal;Y;;;;;;;;;;;;;;no;no;; ;;;;;;;;;;;;;;;;;;;
SCTDTUED75B;TUBE, ENDOTRACHEAL, s.u. + CONN., balloon, Ø 7.5 mm;MED;Medical renewable supplies;Catheters, tubes and drains;Endotracheal Tube, Disp.;Stockable Product;Single;;;Make to Order;Buy;Average Price;;;Catheters, tubes and drains;ITC;Normal;Y;;;;;;;;;;;;;;no;no;; ;;;;;;;;;;;;;;;;;;;
SCTDTUGA06-;TUBE, GASTRIC, conical tip, 125 cm, s.u., CH06;MED;Medical renewable supplies;Catheters, tubes and drains;Tube, Gastric;Stockable Product;Single;;;Make to Order;Buy;Average Price;;;Catheters, tubes and drains;ITC;Normal;Y;;;;;;;;;;;;;;no;no;; ;;;;;;;;;;;;;;;;;;;
SCTDTUGS10-;TUBE, GASTRIC, dble chann. (Salem) conical, 125 cm s.u. CH10;MED;Medical renewable supplies;Catheters, tubes and drains;Gastric tube, Salem type;Stockable Product;Single;;;Make to Order;Buy;Average Price;;;Catheters, tubes and drains;ITC;Normal;Y;;;;;;;;;;;;;;no;no;; ;;;;;;;;;;;;;;;;;;;
SCTDTUGS12-;TUBE, GASTRIC, dble chann. (Salem) conical, 125 cm s.u. CH12;MED;Medical renewable supplies;Catheters, tubes and drains;Gastric tube, Salem type;Stockable Product;Single;;;Make to Order;Buy;Average Price;;;Catheters, tubes and drains;ITC;Normal;Y;;;;;;;;;;;;;;no;no;; ;;;;;;;;;;;;;;;;;;;
SCTDTUGS16-;TUBE, GASTRIC, dble chann. (Salem) conical, 125 cm s.u. CH16;MED;Medical renewable supplies;Catheters, tubes and drains;Gastric tube, Salem type;Stockable Product;Single;;;Make to Order;Buy;Average Price;;;Catheters, tubes and drains;ITC;Normal;Y;;;;;;;;;;;;;;no;no;; ;;;;;;;;;;;;;;;;;;;
SDREBACS05-;CASTING TAPE, SYNTHETIC, resin, 5 cm x 3.6 m;MED;Medical renewable supplies;Dressings;Casting tape, synthetic;Stockable Product;Single;;;Make to Order;Buy;Average Price;;;Dressings;ITC;Normal;Y;;;;;;;;;;;;;;no;no;; ;;;;;;;;;;;;;;;;;;;
SDREBACS10-;CASTING TAPE, SYNTHETIC, resin, 10 cm x 3.6 m;MED;Medical renewable supplies;Dressings;Casting tape, synthetic;Stockable Product;Single;;;Make to Order;Buy;Average Price;;;Dressings;ITC;Normal;Y;;;;;;;;;;;;;;no;no;; ;;;;;;;;;;;;;;;;;;;
SDREBANE07N;BANDAGE, EXTENSIBLE, non adhesive, 7 cm x 4 m;MED;Medical renewable supplies;Dressings;Bandage, Elastic;Stockable Product;Single;;;Make to Order;Buy;Average Price;;;Dressings;ITC;Normal;Y;;;;;;;;;;;;;;no;no;; ;;;;;;;;;;;;;;;;;;;
SDREBANE10-;BANDAGE, ELASTIC 10 cm x 4 m;MED;Medical renewable supplies;Dressings;Bandage, Elastic;Stockable Product;Single;;;Make to Order;Buy;Average Price;;;Dressings;ITC;Normal;Y;;;;;;;;;;;;;;no;no;; ;;;;;;;;;;;;;;;;;;;
SFOSBISC5P-;BISCUIT, ICSM, HIGH ENERGY, 9 bars, 500 g;MED;Medical renewable supplies;Specialized food;Biscuits;Stockable Product;Single;;;Make to Order;Buy;Average Price;;;Specialized food;ITC;Normal;Y;;;;;;;;;;;;;;no;no;; ;;;;;;;;;;;;;;;;;;;
SFOSCORB05-;CORNED BEEF, 500 g, tin;MED;Medical renewable supplies;Specialized food;Corned Beef;Stockable Product;Single;;;Make to Order;Buy;Average Price;;;Specialized food;ITC;Normal;Y;;;;;;;;;;;;;;no;no;; ;;;;;;;;;;;;;;;;;;;
SFOSMILI2P9;MILK, INFANT, 500 kcal/100g, powder, 2nd age, 900g tin;MED;Medical renewable supplies;Specialized food;Milk, infant;Stockable Product;Single;;;Make to Order;Buy;Average Price;;;Specialized food;ITC;Normal;Y;;;;;;;;;;;;;;no;no;; ;;;;;;;;;;;;;;;;;;;
SFOSRUSF5S-;READY TO USE SUPPL. FOOD, paste, 500 kcal, 92 g sachet;MED;Medical renewable supplies;Specialized food;Ready to use supplementary food;Stockable Product;Single;;;Make to Order;Buy;Average Price;;;Specialized food;ITC;Normal;Y;;;;;;;;;;;;;;no;no;; ;;;;;;;;;;;;;;;;;;;
SFOSRUTFP5S;READY TO USE THERAPEUTIC FOOD, paste, 500 kcal, 92 g sachet;MED;Medical renewable supplies;Specialized food;Ready to use therapeutic food;Stockable Product;Single;;;Make to Order;Buy;Average Price;;;Specialized food;ITC;Normal;Y;;;;;;;;;;;;;;no;no;; ;;;;;;;;;;;;;;;;;;;
SFOSRUTFT1-;READY TO USE THERAPEUTIC FOOD, 9 bars, 510 g;MED;Medical renewable supplies;Specialized food;Ready to use therapeutic food;Stockable Product;Single;;;Make to Order;Buy;Average Price;;;Specialized food;ITC;Normal;Y;;;;;;;;;;;;;;no;no;; ;;;;;;;;;;;;;;;;;;;
SINSBABT1--;BAG, BLOOD TAKING SET, s.u. + CPDA 150 ml;MED;Medical renewable supplies;Injection supplies;Blood Taking Bag;Stockable Product;Single;;;Make to Order;Buy;Average Price;;;Injection supplies;ITC;Normal;Y;;;;;;;;;;;;;;no;no;; ;;;;;;;;;;;;;;;;;;;
SINSBABT2--;BAG, BLOOD TAKING SET, s.u. + CPDA 250 ml;MED;Medical renewable supplies;Injection supplies;Blood Taking Bag;Stockable Product;Single;;;Make to Order;Buy;Average Price;;;Injection supplies;ITC;Normal;Y;;;;;;;;;;;;;;no;no;; ;;;;;;;;;;;;;;;;;;;
SINSCONT03P;CONTAINER, sharps, 0.3 l, plastic;MED;Medical renewable supplies;Injection supplies;Container;Stockable Product;Single;;;Make to Order;Buy;Average Price;;;Injection supplies;ITC;Normal;Y;;;;;;;;;;;;;;no;no;; ;;;;;;;;;;;;;;;;;;;
SINSCONT4P-;CONTAINER, sharps, 4 l, plastic (Huar 200);MED;Medical renewable supplies;Injection supplies;Container;Stockable Product;Single;;;Make to Order;Buy;Average Price;;;Injection supplies;ITC;Normal;Y;;;;;;;;;;;;;;no;no;; ;;;;;;;;;;;;;;;;;;;
SINSIVPP14-;IV CATHETER, SHORT, 14 G, (2.1 x 45 mm), orange;MED;Medical renewable supplies;Injection supplies;Catheter with injection port;Stockable Product;Single;;;Make to Order;Buy;Average Price;;;Injection supplies;ITC;Normal;Y;;;;;;;;;;;;;;no;no;; ;;;;;;;;;;;;;;;;;;;
SINSIVPPSTO;(IV catheter) STOPPER, Luer male, s.u. sterile;MED;Medical renewable supplies;Injection supplies;Catheter with injection port;Stockable Product;Single;;;Make to Order;Buy;Average Price;;;Injection supplies;ITC;Normal;Y;;;;;;;;;;;;;;no;no;; ;;;;;;;;;;;;;;;;;;;
SINSIVPU16-;IV CATHETER, SHORT, 16 G, (1.7 x 55 mm), grey;MED;Medical renewable supplies;Injection supplies;I.V. Placement Unit;Stockable Product;Single;;;Make to Order;Buy;Average Price;;;Injection supplies;ITC;Normal;Y;;;;;;;;;;;;;;no;no;; ;;;;;;;;;;;;;;;;;;;
SINSIVPU22-;IV CATHETER, SHORT, (0.8 x 25 mm), blue;MED;Medical renewable supplies;Injection supplies;I.V. Placement Unit;Stockable Product;Single;;;Make to Order;Buy;Average Price;;;Injection supplies;ITC;Normal;Y;;;;;;;;;;;;;;no;no;; ;;;;;;;;;;;;;;;;;;;
SINSIVPU24-;IV CATHETER, SHORT, 24 G, (0.7 x 19 mm), yellow;MED;Medical renewable supplies;Injection supplies;I.V. Placement Unit;Stockable Product;Single;;;Make to Order;Buy;Average Price;;;Injection supplies;ITC;Normal;Y;;;;;;;;;;;;;;no;no;; ;;;;;;;;;;;;;;;;;;;
SINSNEIO16-;NEEDLE, INTRA-OSSEOUS, s.u., 16G;MED;Medical renewable supplies;Injection supplies;Intra-osseaous needle;Stockable Product;Single;;;Make to Order;Buy;Average Price;;;Injection supplies;ITC;Normal;Y;;;;;;;;;;;;;;no;no;;37 J(PM);;;;;;;;;;;;;;;;;;;
SINSNEIO18-;NEEDLE, INTRA-OSSEOUS, s.u., 18G;MED;Medical renewable supplies;Injection supplies;Intra-osseaous needle;Stockable Product;Single;;;Make to Order;Buy;Average Price;;;Injection supplies;ITC;Normal;Y;;;;;;;;;;;;;;no;no;;37 J(PM);;;;;;;;;;;;;;;;;;;
SLASBUFF1B5;BUFFER, pH 7, solution, 500 ml, bot.;MED;Medical renewable supplies;Laboratory reagents;Buffer Ph=7;Stockable Product;Single;;;Make to Order;Buy;Average Price;;;Laboratory reagents;ITC;Normal;Y;;;;;;;;;;;;;;no;no;; ;;;;;;;;;;;;;;;;;;;
SLASBUFF72B;BUFFER PBS, pH 7.2 powder, set of four doses for 1L;MED;Medical renewable supplies;Laboratory reagents;Buffer Ph=7;Stockable Product;Single;;;Make to Order;Buy;Average Price;;;Laboratory reagents;ITC;Normal;Y;;;;;;;;;;;;;;no;no;;30 J(P);;;;;;;;;;;;;;;;;;;
SLASBUFFPBS;BUFFER PBS BSA azide 20 x concentrated, 15ml, bot. 190 tests;MED;Medical renewable supplies;Laboratory reagents;Buffer Ph=7;Stockable Product;Single;;;Make to Order;Buy;Average Price;;;Laboratory reagents;ITC;Normal;Y;;;;;;;;;;;;*;;no;no;;30 J(P);;;;;;;;;;;;;;;;;;;
SLASDYNB1M1;DYNABEADS M-450 CD14 monocytes (Dynal), vial, 10 ml;MED;Medical renewable supplies;Laboratory reagents;Dynabeads;Stockable Product;Single;;;Make to Order;Buy;Average Price;;;Laboratory reagents;ITC;Normal;Y;;;;;;;;;;;;;;no;no;; ;;;;;;;;;;;;;;;;;;;
SLASDYNB4L1;DYNABEADS M-450 CD4  lymphocytes (Dynal), vial, 10 ml;MED;Medical renewable supplies;Laboratory reagents;Dynabeads;Stockable Product;Single;;;Make to Order;Buy;Average Price;;;Laboratory reagents;ITC;Normal;Y;;;;;;;;;;;;;;no;no;; ;;;;;;;;;;;;;;;;;;;
SLASDYNBT4-;DYNABEADS, CD14 + CD4 + lysis solution (Dynal), 80 tests;MED;Medical renewable supplies;Laboratory reagents;Dynabeads;Stockable Product;Single;;;Make to Order;Buy;Average Price;;;Laboratory reagents;ITC;Normal;Y;;;;;;;;;;;;*;13*CF;no;no;;30 J(P);;;;;;;;;;;;;;;;;;;
SLASGIEM1B1;GIEMSA, stain  (Merck), solution, 1 l, bot.;MED;Medical renewable supplies;Laboratory reagents;Giemsa;Stockable Product;Single;;;Make to Order;Buy;Average Price;;;Laboratory reagents;ITC;Normal;Y;;;;;;;;;;;;;;no;no;X;;;;;;;;;;;;;;;;;;;;
SLASGIEM1P2;GIEMSA, SLOW stain, powder, 25 g, bot.;MED;Medical renewable supplies;Laboratory reagents;Giemsa;Stockable Product;Single;;;Make to Order;Buy;Average Price;;;Laboratory reagents;ITC;Normal;Y;;;;;;;;;;;;;;no;no;; ;;;;;;;;;;;;;;;;;;;
SLASGIEM2P2;GIEMSA, RAPID stain, powder, 25 g, bot.;MED;Medical renewable supplies;Laboratory reagents;Giemsa;Stockable Product;Single;;;Make to Order;Buy;Average Price;;;Laboratory reagents;ITC;Normal;Y;;;;;;;;;;;;;;no;no;; ;;;;;;;;;;;;;;;;;;;
SLASGLYC1B1;GLYCEROL, 1 l, bot.;MED;Medical renewable supplies;Laboratory reagents;Ral Fixator;Stockable Product;Single;;;Make to Order;Buy;Average Price;;;Laboratory reagents;ITC;Normal;Y;;;;;;;;;;;;;;no;no;;30 J(P);;;;;;;;;;;;;;;;;;;
SLASRALE1B1;(rapid smear stain, RAL 555) EOSINE, REFILL R2, 1 l, bot.;MED;Medical renewable supplies;Laboratory reagents;Ral 555, Eosine;Stockable Product;Single;;;Make to Order;Buy;Average Price;;;Laboratory reagents;ITC;Normal;Y;;;;;;;;;;;;;;no;no;; ;;;;;;;;;;;;;;;;;;;
SLASRALF1B1;(rapid smear stain, RAL 555) FIXATIVE, REFILL R1, 1 l,bot;MED;Medical renewable supplies;Laboratory reagents;Ral Fixator;Stockable Product;Single;;;Make to Order;Buy;Average Price;;;Laboratory reagents;ITC;Normal;Y;;;;;;;;;;;;;;no;no;X;;;;;;;;;;;;;;;;;;;;
SLASRALK3B1;RAPID SMEARS STAINING (RAL 555), 3 x 100 ml, kit;MED;Medical renewable supplies;Laboratory reagents;Ral 555, Kit;Stockable Product;Single;;;Make to Order;Buy;Average Price;;;Laboratory reagents;ITC;Normal;Y;;;;;;;;;;;;;;no;no;X;;;;;;;;;;;;;;;;;;;;
SLASRALM1B1;(rapid smear stain,RAL555) METHYLENE BLUE,REFILL R3,1 l,bot.;MED;Medical renewable supplies;Laboratory reagents;Ral 555, Methylene Blue;Stockable Product;Single;;;Make to Order;Buy;Average Price;;;Laboratory reagents;ITC;Normal;Y;;;;;;;;;;;;;;no;no;; ;;;;;;;;;;;;;;;;;;;
SLASTURK1B1;TURK solution, 2 x 5 ml, bot., for 200 tests (Dynal);MED;Medical renewable supplies;Laboratory reagents;Turck solution;Stockable Product;Single;;;Make to Order;Buy;Average Price;;;Laboratory reagents;ITC;Normal;Y;;;;;;;;;;;;;;no;no;X;;;;;;;;;;;;;;;;;;;;
SLASTURK1BW;TURK solution, WBC, 100 ml, bot.;MED;Medical renewable supplies;Laboratory reagents;Turck solution;Stockable Product;Single;;;Make to Order;Buy;Average Price;;;Laboratory reagents;ITC;Normal;Y;;;;;;;;;;;;;;no;no;; ;;;;;;;;;;;;;;;;;;;
SMSTCARD5RE;CARD, RESUSCITATION, french/english, A4 recto/verso;MED;Medical renewable supplies;Medical stationery;Card;Stockable Product;Single;;;Make to Order;Buy;Average Price;;;Medical stationery;ITC;Normal;Y;;;;;;;;;;;;;;no;no;; ;;;;;;;;;;;;;;;;;;;
SMSTCARNA1F;CARD, AMBULATORY THERAPEUTIC FEEDING, French A4 recto/verso;MED;Medical renewable supplies;Medical stationery;Card, nutrition;Stockable Product;Single;;;Make to Order;Buy;Average Price;;;Medical stationery;ITC;Normal;Y;;;;;;;;;;;;;;no;no;; ;;;;;;;;;;;;;;;;;;;
SMSTCARNA1S;CARD, AMBULATORY THERAPEUTIC FEEDING, Spanish A4 recto/verso;MED;Medical renewable supplies;Medical stationery;Card, nutrition;Stockable Product;Single;;;Make to Order;Buy;Average Price;;;Medical stationery;ITC;Normal;Y;;;;;;;;;;;;;;no;no;; ;;;;;;;;;;;;;;;;;;;
SMSTCARNI1F;CARD, IN-PATIENT THER. FEEDING, French, A3 recto/verso;MED;Medical renewable supplies;Medical stationery;Card, nutrition;Stockable Product;Single;;;Make to Order;Buy;Average Price;;;Medical stationery;ITC;Normal;Y;;;;;;;;;;;;;;no;no;; ;;;;;;;;;;;;;;;;;;;
SMSTCARNI1S;CARD, IN-PATIENT THER. FEEDING, Spanish, A3 recto/verso;MED;Medical renewable supplies;Medical stationery;Card, nutrition;Stockable Product;Single;;;Make to Order;Buy;Average Price;;;Medical stationery;ITC;Normal;Y;;;;;;;;;;;;;;no;no;; ;;;;;;;;;;;;;;;;;;;
SMSTCARNM1E;CARD, MILK, therapeutic feeding, Engl., A5 recto/vers;MED;Medical renewable supplies;Medical stationery;Card, nutrition;Stockable Product;Single;;;Make to Order;Buy;Average Price;;;Medical stationery;ITC;Normal;Y;;;;;;;;;;;;;;no;no;; ;;;;;;;;;;;;;;;;;;;
SMSTCARNRN-;CARD, RANDOM NUMBER, plastified, A4 recto;MED;Medical renewable supplies;Medical stationery;Card, nutrition;Stockable Product;Single;;;Make to Order;Buy;Average Price;;;Medical stationery;ITC;Normal;Y;;;;;;;;;;;;;;no;no;; ;;;;;;;;;;;;;;;;;;;
SMSTCARNS1E;CARD, SUPPLEMENTARY FEEDING, English, A4 recto/verso;MED;Medical renewable supplies;Medical stationery;Card, nutrition;Stockable Product;Single;;;Make to Order;Buy;Average Price;;;Medical stationery;ITC;Normal;Y;;;;;;;;;;;;;;no;no;; ;;;;;;;;;;;;;;;;;;;
SMSTCARNS1F;CARD, SUPPLEMENTARY FEEDING, French, A4 recto/verso;MED;Medical renewable supplies;Medical stationery;Card, nutrition;Stockable Product;Single;;;Make to Order;Buy;Average Price;;;Medical stationery;ITC;Normal;Y;;;;;;;;;;;;;;no;no;; ;;;;;;;;;;;;;;;;;;;
SMSTCARNS1S;CARD, SUPPLEMENTARY FEEDING, Spanish, A4 recto/verso;MED;Medical renewable supplies;Medical stationery;Card, nutrition;Stockable Product;Single;;;Make to Order;Buy;Average Price;;;Medical stationery;ITC;Normal;Y;;;;;;;;;;;;;;no;no;; ;;;;;;;;;;;;;;;;;;;
SMSTCARNSFE;CARD, SUPPLEMENTARY FEEDING, English A4 recto/verso;MED;Medical renewable supplies;Medical stationery;Card, nutrition;Stockable Product;Single;;;Make to Order;Buy;Average Price;;;Medical stationery;ITC;Normal;Y;;;;;;;;;;;;;;no;no;; ;;;;;;;;;;;;;;;;;;;
SMSTCARNWHF;CARD, WEIGHT/LENGTH, NCHS %, French, plastified, A4 r/v.;MED;Medical renewable supplies;Medical stationery;Card, nutrition;Stockable Product;Single;;;Make to Order;Buy;Average Price;;;Medical stationery;ITC;Normal;Y;;;;;;;;;;;;;;no;no;; ;;;;;;;;;;;;;;;;;;;
SMSTCARNWWE;CARD, WEIGHT/LENGTH, WHO 2006 Z-score, boys/girls,plast. en.;MED;Medical renewable supplies;Medical stationery;Card, nutrition;Stockable Product;Single;;;Make to Order;Buy;Average Price;;;Medical stationery;ITC;Normal;Y;;;;;;;;;;;;;;no;no;; ;;;;;;;;;;;;;;;;;;;
SMSTCARNWWF;CARD, WEIGHT/LENGTH, WHO 2006 Z-score, boys/girls,plast. fr.;MED;Medical renewable supplies;Medical stationery;Card, nutrition;Stockable Product;Single;;;Make to Order;Buy;Average Price;;;Medical stationery;ITC;Normal;Y;;;;;;;;;;;;;;no;no;; ;;;;;;;;;;;;;;;;;;;
SMSTCARO9NS;CARD, NEWBORN FOLLOW-UP, Fr./Span., A4 recto/verso;MED;Medical renewable supplies;Medical stationery;Card, obstetrics;Stockable Product;Single;;;Make to Order;Buy;Average Price;;;Medical stationery;ITC;Normal;Y;;;;;;;;;;;;;;no;no;; ;;;;;;;;;;;;;;;;;;;
SMSTCAROANF;CARD, ANTENATAL, French, A4 recto/verso;MED;Medical renewable supplies;Medical stationery;Card, obstetrics;Stockable Product;Single;;;Make to Order;Buy;Average Price;;;Medical stationery;ITC;Normal;Y;;;;;;;;;;;;;;no;no;; ;;;;;;;;;;;;;;;;;;;
SMSTCAROANS;CARD, ANTENATAL, Spanish, A4 recto/verso;MED;Medical renewable supplies;Medical stationery;Card, obstetrics;Stockable Product;Single;;;Make to Order;Buy;Average Price;;;Medical stationery;ITC;Normal;Y;;;;;;;;;;;;;;no;no;; ;;;;;;;;;;;;;;;;;;;
SMSTCARODEF;CARD, LABOR DELIVERY FOLLOW-UP, French, A4 recto/verso;MED;Medical renewable supplies;Medical stationery;Card, obstetrics;Stockable Product;Single;;;Make to Order;Buy;Average Price;;;Medical stationery;ITC;Normal;Y;;;;;;;;;;;;;;no;no;; ;;;;;;;;;;;;;;;;;;;
SMSTCAROPAF;CARD, PARTOGRAM (WHO), French, A4 recto/verso;MED;Medical renewable supplies;Medical stationery;Card, obstetrics;Stockable Product;Single;;;Make to Order;Buy;Average Price;;;Medical stationery;ITC;Normal;Y;;;;;;;;;;;;;;no;no;; ;;;;;;;;;;;;;;;;;;;
SMSTCERMSAE;MEDICAL CERTIFICATE, sexual violence, adult, engl, A4 recto;MED;Medical renewable supplies;Medical stationery;Medical certificate;Stockable Product;Single;;;Make to Order;Buy;Average Price;;;Medical stationery;ITC;Normal;Y;;;;;;;;;;;;;;no;no;; ;;;;;;;;;;;;;;;;;;;
SMSTCERMSAF;MEDICAL CERTIFICATE, sexual violence, adult, french A4 recto;MED;Medical renewable supplies;Medical stationery;Medical certificate;Stockable Product;Single;;;Make to Order;Buy;Average Price;;;Medical stationery;ITC;Normal;Y;;;;;;;;;;;;;;no;no;; ;;;;;;;;;;;;;;;;;;;
SMSTCERMSCE;MEDICAL CERTIFICATE, sexual violence, child, engl, A4 recto;MED;Medical renewable supplies;Medical stationery;Medical certificate;Stockable Product;Single;;;Make to Order;Buy;Average Price;;;Medical stationery;ITC;Normal;Y;;;;;;;;;;;;;;no;no;; ;;;;;;;;;;;;;;;;;;;
SMSTCERMSCF;MEDICAL CERTIFICATE, sexual violence, child, french A4 recto;MED;Medical renewable supplies;Medical stationery;Medical certificate;Stockable Product;Single;;;Make to Order;Buy;Average Price;;;Medical stationery;ITC;Normal;Y;;;;;;;;;;;;;;no;no;; ;;;;;;;;;;;;;;;;;;;
SMSTGUID9BE;TREATMENT GUIDELINES for basic unit users (english);MED;Medical renewable supplies;Medical stationery;Guide;Stockable Product;Single;;;Make to Order;Buy;Average Price;;;Medical stationery;ITC;Normal;Y;;;;;;;;;;;;;;no;no;; ;;;;;;;;;;;;;;;;;;;
SMSTGUID9BF;SHEMA DE TRAITEMENT pour unité de base (français);MED;Medical renewable supplies;Medical stationery;Guide;Stockable Product;Single;;;Make to Order;Buy;Average Price;;;Medical stationery;ITC;Normal;Y;;;;;;;;;;;;;;no;no;; ;;;;;;;;;;;;;;;;;;;
SMSTGUID9BS;SCHEMA DE TRATAMIENTO para unión de base (español);MED;Medical renewable supplies;Medical stationery;Guide;Stockable Product;Single;;;Make to Order;Buy;Average Price;;;Medical stationery;ITC;Normal;Y;;;;;;;;;;;;;;no;no;; ;;;;;;;;;;;;;;;;;;;
SMSUBAGB4A-;BAG, BODY, plastic, white, 300 microns, adult, 250 x 120 cm;MED;Medical renewable supplies;Small medical supplies;Bag, Body;Non-Stockable;;;;Make to Order;Buy;Average Price;;;Small medical supplies;ITC;Normal;Y;;;;;;;;;;;;;;no;no;; ;;;;;;;;;;;;;;;;;;;
SMSUBAGB4C-;BAG, BODY, plastic, white, 300 microns, child, 150 x 100 cm;MED;Medical renewable supplies;Small medical supplies;Bag, Body;Non-Stockable;;;;Make to Order;Buy;Average Price;;;Small medical supplies;ITC;Normal;Y;;;;;;;;;;;;;;no;no;; ;;;;;;;;;;;;;;;;;;;
SMSUBAGBP15;(body bag) PAD, ABSORBENT, 1.5 x 0.75  m;MED;Medical renewable supplies;Small medical supplies;Bag, Body;Non-Stockable;;;;Make to Order;Buy;Average Price;;;Small medical supplies;ITC;Normal;Y;;;;;;;;;;;;;;no;no;; ;;;;;;;;;;;;;;;;;;;
SMSUBAGP14-;BAG, plastic, 14 cm x 17 cm;MED;Medical renewable supplies;Small medical supplies;Bag, Plastic;Non-Stockable;;;;Make to Order;Buy;Average Price;;;Small medical supplies;ITC;Normal;Y;;;;;;;;;;;;;;no;no;; ;;;;;;;;;;;;;;;;;;;
SMSUBAGP20-;BAG, plastic, 20 cm x 25 cm;MED;Medical renewable supplies;Small medical supplies;Bag, Plastic;Non-Stockable;;;;Make to Order;Buy;Average Price;;;Small medical supplies;ITC;Normal;Y;;;;;;;;;;;;;;no;no;; ;;;;;;;;;;;;;;;;;;;
SMSUGLEN1L-;GLOVE, EXAMINATION, nitrile, s.u., non sterile, large;MED;Medical renewable supplies;Small medical supplies;Gloves examination nitrile;Non-Stockable;;;;Make to Order;Buy;Average Price;;;Small medical supplies;ITC;Normal;Y;;;;;;;;;;;;;;no;no;;30 J(P);;;;;;;;;;;;;;;;;;;
SMSUGLEN1M-;GLOVE, EXAMINATION, nitrile, s.u., non sterile, medium;MED;Medical renewable supplies;Small medical supplies;Gloves examination nitrile;Non-Stockable;;;;Make to Order;Buy;Average Price;;;Small medical supplies;ITC;Normal;Y;;;;;;;;;;;;;;no;no;;30 J(P);;;;;;;;;;;;;;;;;;;
SMSUGLEN1S-;GLOVE, EXAMINATION, nitrile, s.u., non sterile, small;MED;Medical renewable supplies;Small medical supplies;Gloves examination nitrile;Non-Stockable;;;;Make to Order;Buy;Average Price;;;Small medical supplies;ITC;Normal;Y;;;;;;;;;;;;;;no;no;;30 J(P);;;;;;;;;;;;;;;;;;;
SMSUGLOG6--;GLOVES, GYNAECOLOGICAL, latex, s.u., sterile, pair, 6.5;MED;Medical renewable supplies;Small medical supplies;GLOVES, GYN - UTERINE, latex, disp.,;Non-Stockable;;;;Make to Order;Buy;Average Price;;;Small medical supplies;ITC;Normal;Y;;;;;;;;;;;;;;no;no;; ;;;;;;;;;;;;;;;;;;;
SMSUGLOG7--;GLOVES, GYNAECOLOGICAL, latex, s.u., sterile, pair, 7.5;MED;Medical renewable supplies;Small medical supplies;GLOVES, GYN - UTERINE, latex, disp.,;Non-Stockable;;;;Make to Order;Buy;Average Price;;;Small medical supplies;ITC;Normal;Y;;;;;;;;;;;;;;no;no;; ;;;;;;;;;;;;;;;;;;;
SMSUGLOP07-;GLOVES, PROTECTIVE, nitrile, reusable, pair, 7;MED;Medical renewable supplies;Small medical supplies;Protective Gloves;Non-Stockable;;;;Make to Order;Buy;Average Price;;;Small medical supplies;ITC;Normal;Y;;;;;;;;;;;;;;no;no;; ;;;;;;;;;;;;;;;;;;;
SMSUGLOP08-;GLOVES, PROTECTIVE, nitrile, reusable, pair, 8;MED;Medical renewable supplies;Small medical supplies;Protective Gloves;Non-Stockable;;;;Make to Order;Buy;Average Price;;;Small medical supplies;ITC;Normal;Y;;;;;;;;;;;;;;no;no;; ;;;;;;;;;;;;;;;;;;;
SMSUGLOP10-;GLOVES, PROTECTIVE, nitrile, reusable, pair, 10;MED;Medical renewable supplies;Small medical supplies;Protective Gloves;Non-Stockable;;;;Make to Order;Buy;Average Price;;;Small medical supplies;ITC;Normal;Y;;;;;;;;;;;;;;no;no;; ;;;;;;;;;;;;;;;;;;;
TBOAALUM01-;BOAT, ALUMINIUM, 1,5 T or 15 persons;LOG;Transport;Boats;ALUMINIUM boat;Stockable Product;Asset;Transport;;Make to Order;Buy;Average Price;;;Boats;ITC;Normal;Y;;;;;;;;;;;;;;no;no;; ;;;;;;;;;;;;;;;;;;;
TBOAENGD36L;ENGINE, OUTBOARD, diesel, 36 HP, 4 stroke, long prop. shaft;LOG;Transport;Boats;DIESEL ENGINE, boat;Stockable Product;Asset;Transport;;Make to Order;Buy;Average Price;;;Boats;ITC;Normal;Y;;65;;;;;;;;;;;;no;no;; ;;;;;;;;;;;;;;;;;;;
TBOAENGDFI-;(Engine outboard diesel) FILTER Water separator;LOG;Transport;Boats;DIESEL ENGINE, boat;Stockable Product;Single;;;Make to Order;Buy;Average Price;;;Boats;ITC;Normal;Y;;;;;;;;;;;;;;no;no;; ;;;;;;;;;;;;;;;;;;;
TBOAENGDFIC;(Engine outboard diesel) FILTER Water separator, CARTRIDGE;LOG;Transport;Boats;DIESEL ENGINE, boat;Stockable Product;Single;;;Make to Order;Buy;Average Price;;;Boats;ITC;Normal;Y;;;;;;;;;;;;;;no;no;; ;;;;;;;;;;;;;;;;;;;
TBOAENGI15S;ENGINE, OUTBOARD, Yamaha 15 HP, DMS, short propeller shaft;LOG;Transport;Boats;Engine;Stockable Product;Asset;Transport;;Make to Order;Buy;Average Price;;;Boats;ITC;Normal;Y;334;5;;;;;;;;;;;;no;no;X;;;;;;;;;;;;;;;;;;;;
TBOAENGI25L;ENGINE, OUTBOARD, Yamaha 25 HP, NMOL, long prop. shaft;LOG;Transport;Boats;Engine;Stockable Product;Asset;Transport;;Make to Order;Buy;Average Price;;;Boats;ITC;Normal;Y;;;;;;;;;;;;;;no;no;X;;;;;;;;;;;;;;;;;;;;
TBOAENGI25S;ENGINE, OUTBOARD, Yamaha 25 HP, NMOS, short propeller shaft;LOG;Transport;Boats;Engine;Stockable Product;Asset;Transport;;Make to Order;Buy;Average Price;;;Boats;ITC;Normal;Y;;65;;;;;;;;;;;;no;no;X;;;;;;;;;;;;;;;;;;;;
TBOAENGI30S;ENGINE, OUTBOARD, Yamaha 30 HP, DMOS, short propeller shaft;LOG;Transport;Boats;Engine;Stockable Product;Asset;Transport;;Make to Order;Buy;Average Price;;;Boats;ITC;Normal;Y;631;;;;;;;;;;;;;no;no;X;;;;;;;;;;;;;;;;;;;;
TBOAENGI40S;ENGINE, OUTBOARD, Yamaha 40 HP, HMOS, short propeller shaft;LOG;Transport;Boats;Engine;Stockable Product;Asset;Transport;;Make to Order;Buy;Average Price;;;Boats;ITC;Normal;Y;641;91;;;;;;;;;;;;no;no;X;;;;;;;;;;;;;;;;;;;;
TBOAENGIN25;(outboard engine) ADDITIONAL FUEL TANK, 25 l;LOG;Transport;Boats;Engine;Stockable Product;Single;;;Make to Order;Buy;Average Price;;;Boats;ITC;Normal;Y;;;;;;;;;;;;;;no;no;; ;;;;;;;;;;;;;;;;;;;
TBOAYODI1--;ZODIAC, Mark 1 Grand Raid, inflatable, 4 to 5 persons + acc.;LOG;Transport;Boats;Zodiac;Stockable Product;Asset;Transport;;Make to Order;Buy;Average Price;;;Boats;ITC;Normal;Y;48;;;;;;;;;;;;;no;no;; ;;;;;;;;;;;;;;;;;;;
TBOAYODI2--;ZODIAC, Mark 2 Grand Raid, inflatable, 6 to 7 persons + acc.;LOG;Transport;Boats;Zodiac;Stockable Product;Asset;Transport;;Make to Order;Buy;Average Price;;;Boats;ITC;Normal;Y;;99;;;;;;;;;;;;no;no;; ;;;;;;;;;;;;;;;;;;;
TBOAYODI3--;ZODIAC, Mark 3 Grand Raid, inflatable, 8 to 9 persons + acc.;LOG;Transport;Boats;Zodiac;Stockable Product;Asset;Transport;;Make to Order;Buy;Average Price;;;Boats;ITC;Normal;Y;;115;;;;;;;;;;;;no;no;; ;;;;;;;;;;;;;;;;;;;
TBOAYODIFN-;(ZODIAC grand raid) FABRIC grey NEOPRENE HYPALON (1.4mx1m);LOG;Transport;Boats;Zodiac;Stockable Product;Asset;Transport;;Make to Order;Buy;Average Price;;;Boats;ITC;Normal;Y;;;;;;;;;;;;;;no;no;; ;;;;;;;;;;;;;;;;;;;
TBOAYODIGN-;(ZODIAC grand raid) GLUE NEOPRENE bi-component (tin);LOG;Transport;Boats;Zodiac;Stockable Product;Asset;Transport;;Make to Order;Buy;Average Price;;;Boats;ITC;Normal;Y;;;;;;;;;;;;;;no;no;; ;;;;;;;;;;;;;;;;;;;
TBOAYODIINF;(ZODIAC grand raid) INFLATOR;LOG;Transport;Boats;Zodiac;Stockable Product;Asset;Transport;;Make to Order;Buy;Average Price;;;Boats;ITC;Normal;Y;;;;;;;;;;;;;;no;no;; ;;;;;;;;;;;;;;;;;;;
TLAN110D4PL;LAND ROVER 110, diesel, 4x4, pick-up, LHD;LOG;Transport;LAND ROVER;110 Diesel;Stockable Product;Asset;Transport;;Make to Order;Buy;Average Price;;;LAND ROVER;ITC;Normal;Y;;;;;;;;;;;;;;no;no;; ;;;;;;;;;;;;;;;;;;;
TLAN110D4PR;LAND ROVER 110, diesel, 4x4, pick-up, RHD;LOG;Transport;LAND ROVER;110 Diesel;Stockable Product;Asset;Transport;;Make to Order;Buy;Average Price;;;LAND ROVER;ITC;Normal;Y;;;;;;;;;;;;;;no;no;; ;;;;;;;;;;;;;;;;;;;
TLAN110D4SL;LAND ROVER 110, diesel, 4x4, station wagon, LHD;LOG;Transport;LAND ROVER;110 Diesel;Stockable Product;Asset;Transport;;Make to Order;Buy;Average Price;;;LAND ROVER;ITC;Normal;Y;;;;;;;;;;;;;;no;no;; ;;;;;;;;;;;;;;;;;;;
TLAN110D4SR;LAND ROVER 110, diesel, 4x4, station wagon, RHD;LOG;Transport;LAND ROVER;110 Diesel;Stockable Product;Asset;Transport;;Make to Order;Buy;Average Price;;;LAND ROVER;ITC;Normal;Y;;;;;;;;;;;;;;no;no;; ;;;;;;;;;;;;;;;;;;;
TPEU405D2EL;PEUGEOT, 405 GRD diesel, 4x2, Estate, LHD;LOG;Transport;PEUGEOT;405 Diesel;Stockable Product;Asset;Transport;;Make to Order;Buy;Average Price;;;PEUGEOT;ITC;Normal;Y;;;;;;;;;;;;;;no;no;;38 J(PME);;;;;;;;;;;;;;;;;;;
TPEU405D2ER;PEUGEOT, 405 GRD diesel, 4x2, Estate, RHD;LOG;Transport;PEUGEOT;405 Diesel;Stockable Product;Asset;Transport;;Make to Order;Buy;Average Price;;;PEUGEOT;ITC;Normal;Y;;;;;;;;;;;;;;no;no;;38 J(PME);;;;;;;;;;;;;;;;;;;
TPEU504D2PL;PEUGEOT, 504 D diesel, 4x2, Pick-up, LHD;LOG;Transport;PEUGEOT;504 Diesel;Stockable Product;Asset;Transport;;Make to Order;Buy;Average Price;;;PEUGEOT;ITC;Normal;Y;;;;;;;;;;;;;;no;no;;38 J(PME);;;;;;;;;;;;;;;;;;;
TPEU504D2PR;PEUGEOT, 504 D diesel, 4x2, Pick-up,RHD;LOG;Transport;PEUGEOT;504 Diesel;Stockable Product;Asset;Transport;;Make to Order;Buy;Average Price;;;PEUGEOT;ITC;Normal;Y;;;;;;;;;;;;;;no;no;;38 J(PME);;;;;;;;;;;;;;;;;;;
TPEUM59DL--;PEUGEOT PARTNER M59, diesel, 4x2, combi 5 seats, LHD;LOG;Transport;PEUGEOT;Partner M59 Diesel;Stockable Product;Asset;Transport;;Make to Order;Buy;Average Price;;;PEUGEOT;ITC;Normal;Y;14418;1267;;;;;;;;;;;;no;no;X;;;;;;;;;;;;;;;;;;;;
TPEUM59DLF-;PEUGEOT PARTNER M59, diesel, 4x2, combi 5 seats, LHD + FAM;LOG;Transport;PEUGEOT;Partner M59 Diesel;Stockable Product;Asset;Transport;;Make to Order;Buy;Average Price;12198;12198;PEUGEOT;ITC;Normal;Y;14418;13;;;;;;;;;;;;no;no;X;;;;;;;;;;;;;;;;;;;;
TPEUM59DRF-;PEUGEOT PARTNER M59, diesel, 4x2, combi 5 seats, RHD + FAM;LOG;Transport;PEUGEOT;Partner M59 Diesel;Stockable Product;Asset;Transport;;Make to Order;Buy;Average Price;;;PEUGEOT;ITC;Normal;Y;13316;13;;;;;;;;;;;;no;no;X;;;;;;;;;;;;;;;;;;;;
TTOYCORP2AL;TOYOTA, COROLLA 1.6 l, 4x2, petrol, estate, LHD;LOG;Transport;Toyota vehicles;Corolla Petrol;Stockable Product;Asset;Transport;;Make to Order;Buy;Average Price;;;Toyota vehicles;ITC;Normal;Y;15;1185;;;;;;;;;;;;no;no;; ;;;;;;;;;;;;;;;;;;;
TTOYCORP2AR;TOYOTA, COROLLA 1.6 l, 4x2, petrol, estate, RHD;LOG;Transport;Toyota vehicles;Corolla Petrol;Stockable Product;Asset;Transport;;Make to Order;Buy;Average Price;;;Toyota vehicles;ITC;Normal;Y;15;1185;;;;;;;;;;;;no;no;; ;;;;;;;;;;;;;;;;;;;
TTOYCORP2EL;TOYOTA, COROLLA 1,3 l, EE105, 4x2, petrol, estate, LHD;LOG;Transport;Toyota vehicles;Corolla Petrol;Stockable Product;Asset;Transport;;Make to Order;Buy;Average Price;;;Toyota vehicles;ITC;Normal;Y;;;;;;;;;;;;;;no;no;; ;;;;;;;;;;;;;;;;;;;
TTOYCORP2ER;TOYOTA, COROLLA 1.3 l, EE105, 4x2, petrol, estate, RHD;LOG;Transport;Toyota vehicles;Corolla Petrol;Stockable Product;Asset;Transport;;Make to Order;Buy;Average Price;;;Toyota vehicles;ITC;Normal;Y;;;;;;;;;;;;;;no;no;; ;;;;;;;;;;;;;;;;;;;
TTOYDYND2FL;TRUCK, TOYOTA, 4x2, Dyna BU211, platform 3.5 T, LHD;LOG;Transport;Toyota vehicles;Dyna, Diesel;Stockable Product;Asset;Transport;;Make to Order;Buy;Average Price;;;Toyota vehicles;ITC;Normal;Y;25;;;;;;;;;;;;;no;no;X;;;;;;;;;;;;;;;;;;;;
TTOYDYND2FR;TRUCK, TOYOTA, 4x2, Dyna BU211, platform 3.5 T, RHD;LOG;Transport;Toyota vehicles;Dyna, Diesel;Stockable Product;Asset;Transport;;Make to Order;Buy;Average Price;;;Toyota vehicles;ITC;Normal;Y;25;;;;;;;;;;;;;no;no;X;;;;;;;;;;;;;;;;;;;;
TTOYH75D43L;TOYOTA, HZJ75, diesel, 4x4, hard top 13 side seats, LHD;LOG;Transport;Toyota vehicles;Hzj75 Diesel;Stockable Product;Asset;Transport;;Make to Order;Buy;Average Price;;;Toyota vehicles;ITC;Normal;Y;1847;2;;;;;;;;;;;;no;no;; ;;;;;;;;;;;;;;;;;;;
TTOYH75D43R;TOYOTA, HZJ75, diesel, 4x4, hard top 13 side seats, RHD;LOG;Transport;Toyota vehicles;Hzj75 Diesel;Stockable Product;Asset;Transport;;Make to Order;Buy;Average Price;;;Toyota vehicles;ITC;Normal;Y;1847;21;;;;;;;;;;;;no;no;; ;;;;;;;;;;;;;;;;;;;
TTOYH75D46L;TOYOTA, HZJ75, diesel, 4x4, hard top 6 seats, LHD;LOG;Transport;Toyota vehicles;Hzj75 Diesel;Stockable Product;Asset;Transport;;Make to Order;Buy;Average Price;;;Toyota vehicles;ITC;Normal;Y;1847;2;;;;;;;;;;;;no;no;; ;;;;;;;;;;;;;;;;;;;
TTOYH75D46R;TOYOTA, HZJ75, diesel, 4x4, hard top 6 seats, RHD;LOG;Transport;Toyota vehicles;Hzj75 Diesel;Stockable Product;Asset;Transport;;Make to Order;Buy;Average Price;;;Toyota vehicles;ITC;Normal;Y;1847;21;;;;;;;;;;;;no;no;; ;;;;;;;;;;;;;;;;;;;
TTOYH75D4PL;TOYOTA, HZJ75, diesel, 4x4, pick-up, LHD;LOG;Transport;Toyota vehicles;Hzj75 Diesel;Stockable Product;Asset;Transport;;Make to Order;Buy;Average Price;;;Toyota vehicles;ITC;Normal;Y;1724;2;;;;;;;;;;;;no;no;; ;;;;;;;;;;;;;;;;;;;
TTOYH75D4PR;TOYOTA, HZJ75, diesel, 4x4, pick-up, RHD;LOG;Transport;Toyota vehicles;Hzj75 Diesel;Stockable Product;Asset;Transport;;Make to Order;Buy;Average Price;;;Toyota vehicles;ITC;Normal;Y;1724;2;;;;;;;;;;;;no;no;; ;;;;;;;;;;;;;;;;;;;
TTOYH78D43L;TOYOTA, HZJ78, diesel, 4x4, hard top, 11 seats, LHD;LOG;Transport;Toyota vehicles;HZJ78 Diesel;Stockable Product;Asset;Transport;;Make to Order;Buy;Average Price;;;Toyota vehicles;ITC;Normal;Y;1847;2;;;;;;;;;;;;no;no;X;;;;;;;;;;;;;;;;;;;;
TTOYH78D43R;TOYOTA, HZJ78, diesel, 4x4, hard top, 11 seats, RHD;LOG;Transport;Toyota vehicles;HZJ78 Diesel;Stockable Product;Asset;Transport;;Make to Order;Buy;Average Price;25588;25588;Toyota vehicles;ITC;Normal;Y;1847;2;;;;;;;;;;;;no;no;X;;;;;;;;;;;;;;;;;;;;
TTOYH78D46L;TOYOTA, HZJ78, diesel, 4x4, hard top, 6 seats, LHD;LOG;Transport;Toyota vehicles;HZJ78 Diesel;Stockable Product;Asset;Transport;;Make to Order;Buy;Average Price;25928;25928;Toyota vehicles;ITC;Normal;Y;1847;2;;;;;;;;;;;;no;no;X;;;;;;;;;;;;;;;;;;;;
TTOYH78D46R;TOYOTA, HZJ78, diesel, 4x4, hard top, 6 seats, RHD;LOG;Transport;Toyota vehicles;HZJ78 Diesel;Stockable Product;Asset;Transport;;Make to Order;Buy;Average Price;29282;29282;Toyota vehicles;ITC;Normal;Y;1847;2;;;;;;;;;;;;no;no;X;;;;;;;;;;;;;;;;;;;;
TTOYHILD2DL;TOYOTA, HILUX, diesel, 4x2, pick-up, double cabin, LHD;LOG;Transport;Toyota vehicles;Hilux Diesel;Stockable Product;Asset;Transport;;Make to Order;Buy;Average Price;;;Toyota vehicles;ITC;Normal;Y;13;163;;;;;;;;;;;;no;no;X;;;;;;;;;;;;;;;;;;;;
TTOYHILD2DR;TOYOTA, HILUX, diesel, 4x2, pick-up, double cabin, RHD;LOG;Transport;Toyota vehicles;Hilux Diesel;Stockable Product;Asset;Transport;;Make to Order;Buy;Average Price;;;Toyota vehicles;ITC;Normal;Y;13;;;;;;;;;;;;;no;no;X;;;;;;;;;;;;;;;;;;;;
TTOYHILD2SL;TOYOTA, HILUX, diesel, 4x2, pick-up, single cabin, LHD;LOG;Transport;Toyota vehicles;Hilux Diesel;Stockable Product;Asset;Transport;;Make to Order;Buy;Average Price;;;Toyota vehicles;ITC;Normal;Y;129;;;;;;;;;;;;;no;no;; ;;;;;;;;;;;;;;;;;;;
TTOYHILD2SR;TOYOTA, HILUX, diesel, 4x2, pick-up, single cabin, RHD;LOG;Transport;Toyota vehicles;Hilux Diesel;Stockable Product;Asset;Transport;;Make to Order;Buy;Average Price;;;Toyota vehicles;ITC;Normal;Y;129;;;;;;;;;;;;;no;no;; ;;;;;;;;;;;;;;;;;;;
TTOYHILD4DL;TOYOTA, HILUX, diesel, 4x4, double cabin, PU, LHD;LOG;Transport;Toyota vehicles;Hilux Diesel;Stockable Product;Asset;Transport;;Make to Order;Buy;Average Price;;;Toyota vehicles;ITC;Normal;Y;14757;152;;;;;;;;;;;;no;no;X;;;;;;;;;;;;;;;;;;;;
TTOYHILD4DR;TOYOTA, HILUX, diesel, 4x4, double cabin, PU, RHD;LOG;Transport;Toyota vehicles;Hilux Diesel;Stockable Product;Asset;Transport;;Make to Order;Buy;Average Price;;;Toyota vehicles;ITC;Normal;Y;14757;152;;;;;;;;;;;;no;no;X;;;;;;;;;;;;;;;;;;;;
TTOYHILD4PL;TOYOTA, HILUX LN106, diesel, 4x4, single cabin pick-up, LHD;LOG;Transport;Toyota vehicles;Hilux Diesel;Stockable Product;Asset;Transport;;Make to Order;Buy;Average Price;;;Toyota vehicles;ITC;Normal;Y;;;;;;;;;;;;;;no;no;; ;;;;;;;;;;;;;;;;;;;
TTOYHILD4PR;TOYOTA, HILUX LN106, diesel, 4x4, single cabin pick-up, RHD;LOG;Transport;Toyota vehicles;Hilux Diesel;Stockable Product;Asset;Transport;;Make to Order;Buy;Average Price;;;Toyota vehicles;ITC;Normal;Y;;;;;;;;;;;;;;no;no;; ;;;;;;;;;;;;;;;;;;;
TTOYP75D43L;TOYOTA, PZJ75, diesel, 4x4, hard top 13 side seats, LHD;LOG;Transport;Toyota vehicles;Pzj75 Diesel;Stockable Product;Asset;Transport;;Make to Order;Buy;Average Price;;;Toyota vehicles;ITC;Normal;Y;;2;;;;;;;;;;;;no;no;;38 J(PME);;;;;;;;;;;;;;;;;;;
TTOYP75D43R;TOYOTA, PZJ75, diesel, 4x4, hard top 13 side seats, RHD;LOG;Transport;Toyota vehicles;Pzj75 Diesel;Stockable Product;Asset;Transport;;Make to Order;Buy;Average Price;;;Toyota vehicles;ITC;Normal;Y;;2;;;;;;;;;;;;no;no;;38 J(PME);;;;;;;;;;;;;;;;;;;
TTOYP75D46L;TOYOTA, PZJ75, diesel, 4x4, hard top 6 seats, LHD;LOG;Transport;Toyota vehicles;Pzj75 Diesel;Stockable Product;Asset;Transport;;Make to Order;Buy;Average Price;;;Toyota vehicles;ITC;Normal;Y;;2;;;;;;;;;;;;no;no;;38 J(PME);;;;;;;;;;;;;;;;;;;
TTOYP75D46R;TOYOTA, PZJ75, diesel, 4x4, hard top 6 seats, RHD;LOG;Transport;Toyota vehicles;Pzj75 Diesel;Stockable Product;Asset;Transport;;Make to Order;Buy;Average Price;;;Toyota vehicles;ITC;Normal;Y;;2;;;;;;;;;;;;no;no;;38 J(PME);;;;;;;;;;;;;;;;;;;
TTOYP75D4PL;TOYOTA, PZJ75, diesel, 4x4, pick-up, LHD;LOG;Transport;Toyota vehicles;Pzj75 Diesel;Stockable Product;Asset;Transport;;Make to Order;Buy;Average Price;;;Toyota vehicles;ITC;Normal;Y;;2;;;;;;;;;;;;no;no;;38 J(PME);;;;;;;;;;;;;;;;;;;
TTOYP75D4PR;TOYOTA, PZJ75, diesel, 4x4, pick-up, RHD;LOG;Transport;Toyota vehicles;Pzj75 Diesel;Stockable Product;Asset;Transport;;Make to Order;Buy;Average Price;;;Toyota vehicles;ITC;Normal;Y;;2;;;;;;;;;;;;no;no;;38 J(PME);;;;;;;;;;;;;;;;;;;
TVEABAGS1--;SOFT TOOL BAG;LOG;Transport;Vehicles accessories;SOFT TOOL BAG;Stockable Product;Single;;;Make to Order;Buy;Average Price;;;Vehicles accessories;ITC;Normal;Y;;;;;;;;;;;;;;no;no;; ;;;;;;;;;;;;;;;;;;;
TVEABELT5--;BELT, tightening, 5000 kg, 50 mm x 8 m, tightener + hooks;LOG;Transport;Vehicles accessories;Belt;Stockable Product;Single;;;Make to Order;Buy;Average Price;;;Vehicles accessories;ITC;Normal;Y;;;;;;;;;;;;;;no;no;; ;;;;;;;;;;;;;;;;;;;
TVEABELTF2-;BELT, tightening, 2000 kg, 36 mm x 5 m, tightener + hooks;LOG;Transport;Vehicles accessories;Belt;Stockable Product;Single;;;Make to Order;Buy;Average Price;;;Vehicles accessories;ITC;Normal;Y;;;;;;;;;;;;;;no;no;; ;;;;;;;;;;;;;;;;;;;
TVEACABL200;CABLE, BOOSTER, 3 m, 200 A. 25 mm² for battery (the pair);LOG;Transport;Vehicles accessories;Cable, battery;Stockable Product;Single;;;Make to Order;Buy;Average Price;;;Vehicles accessories;ITC;Normal;Y;;;;;;;;;;;;;;no;no;; ;;;;;;;;;;;;;;;;;;;
TVEACABL300;CABLE, BOOSTER, 3 m, 300 A, 35 mm², for battery (pair);LOG;Transport;Vehicles accessories;Cable, battery;Stockable Product;Single;;;Make to Order;Buy;Average Price;;;Vehicles accessories;ITC;Normal;Y;;;;;;;;;;;;;;no;no;; ;;;;;;;;;;;;;;;;;;;
TVEACHAI4S-;CHAINS, SNOW, CROSS GRIP, for 175 x 14 wheel (pair);LOG;Transport;Vehicles accessories;Chain;Stockable Product;Single;;;Make to Order;Buy;Average Price;;;Vehicles accessories;ITC;Normal;Y;18;;;;;;;;;;;;;no;no;; ;;;;;;;;;;;;;;;;;;;
TVEACHAI6S-;CHAINS, SNOW, CROSS GRIP, for 750 x 16 wheel (pair);LOG;Transport;Vehicles accessories;Chain;Stockable Product;Single;;;Make to Order;Buy;Average Price;;;Vehicles accessories;ITC;Normal;Y;;;;;;;;;;;;;;no;no;; ;;;;;;;;;;;;;;;;;;;
TVEACHAI6SS;(chains) SHACKLE for chains 750/16 used as 700/16;LOG;Transport;Vehicles accessories;Chain;Stockable Product;Single;;;Make to Order;Buy;Average Price;;;Vehicles accessories;ITC;Normal;Y;;;;;;;;;;;;;;no;no;; ;;;;;;;;;;;;;;;;;;;
TVEACLAM30N;CLAMP, BATTERY, crocodile, bronze, black (negative), 300 A;LOG;Transport;Vehicles accessories;Clamp;Stockable Product;Single;;;Make to Order;Buy;Average Price;;;Vehicles accessories;ITC;Normal;Y;;;;;;;;;;;;;;no;no;; ;;;;;;;;;;;;;;;;;;;
TVEACLAM30P;CLAMP, BATTERY, crocodile, bronze, red (positive), 300 A;LOG;Transport;Vehicles accessories;Clamp;Stockable Product;Single;;;Make to Order;Buy;Average Price;;;Vehicles accessories;ITC;Normal;Y;;;;;;;;;;;;;;no;no;; ;;;;;;;;;;;;;;;;;;;
TVEAFUNM1--;FUNNEL, WATER RETENTION FILTER, Ø 140mm, H 222mm;LOG;Transport;Vehicles accessories;Funnel;Stockable Product;Single;;;Make to Order;Buy;Average Price;;;Vehicles accessories;ITC;Normal;Y;;;;;;;;;;;;;;no;no;; ;;;;;;;;;;;;;;;;;;;
TVEAFUNN12-;FUNNEL, Ø 120 mm;LOG;Transport;Vehicles accessories;Funnel;Stockable Product;Single;;;Make to Order;Buy;Average Price;1;1;Vehicles accessories;ITC;Normal;Y;;;;;;;;;;;;;;no;no;; ;;;;;;;;;;;;;;;;;;;
TVEAFUNN20B;FUNNEL, Ø 200 mm, bended + metal filter;LOG;Transport;Vehicles accessories;Funnel;Stockable Product;Single;;;Make to Order;Buy;Average Price;;;Vehicles accessories;ITC;Normal;Y;;;;;;;;;;;;;;no;no;; ;;;;;;;;;;;;;;;;;;;
TVEAHOSEBR5;BRAKE TUBE, copper, roll of 5 meters;LOG;Transport;Vehicles accessories;Gasket;Stockable Product;Single;;;Make to Order;Buy;Average Price;;;Vehicles accessories;ITC;Normal;Y;;;;;;;;;;;;;;no;no;; ;;;;;;;;;;;;;;;;;;;
TVEAHOSEF06;HOSE, FUEL, int. Ø 6 mm, per meter;LOG;Transport;Vehicles accessories;Gasket;Stockable Product;Single;;;Make to Order;Buy;Average Price;;;Vehicles accessories;ITC;Normal;Y;;;;;;;;;;;;;;no;no;; ;;;;;;;;;;;;;;;;;;;
TVEAHOSEF07;HOSE, FUEL, int. Ø 7 mm, per meter;LOG;Transport;Vehicles accessories;Gasket;Stockable Product;Single;;;Make to Order;Buy;Average Price;;;Vehicles accessories;ITC;Normal;Y;;;;;;;;;;;;;;no;no;; ;;;;;;;;;;;;;;;;;;;
TVEAHOSEF08;HOSE, FUEL, int. Ø 8 mm, per meter;LOG;Transport;Vehicles accessories;Gasket;Stockable Product;Single;;;Make to Order;Buy;Average Price;;;Vehicles accessories;ITC;Normal;Y;;;;;;;;;;;;;;no;no;; ;;;;;;;;;;;;;;;;;;;
TVEAHOSEF10;HOSE, FUEL, int. Ø 10 mm, per meter;LOG;Transport;Vehicles accessories;Gasket;Stockable Product;Single;;;Make to Order;Buy;Average Price;;;Vehicles accessories;ITC;Normal;Y;;;;;;;;;;;;;;no;no;; ;;;;;;;;;;;;;;;;;;;
TVEAPUMP1F-;PUMP, foot operated, with manometer (Maxidone type);LOG;Transport;Vehicles accessories;Pump, air;Stockable Product;Single;;;Make to Order;Buy;Average Price;;;Vehicles accessories;ITC;Normal;Y;;;;;;;;;;;;;;no;no;; ;;;;;;;;;;;;;;;;;;;
TVEAPUMP1FC;(pump, foot operated) CONNECTOR, flexible;LOG;Transport;Vehicles accessories;Pump, air;Stockable Product;Single;;;Make to Order;Buy;Average Price;;;Vehicles accessories;ITC;Normal;Y;;;;;;;;;;;;;;no;no;; ;;;;;;;;;;;;;;;;;;;
TVEAPUMP1H-;PUMP, hand operated, with manometer (steel housing);LOG;Transport;Vehicles accessories;Pump, air;Stockable Product;Single;;;Make to Order;Buy;Average Price;;;Vehicles accessories;ITC;Normal;Y;;;;;;;;;;;;;;no;no;; ;;;;;;;;;;;;;;;;;;;
TVEAPUMP1HC;(pump, hand operated) CONNECTOR, flexible;LOG;Transport;Vehicles accessories;Pump, air;Stockable Product;Single;;;Make to Order;Buy;Average Price;;;Vehicles accessories;ITC;Normal;Y;;;;;;;;;;;;;;no;no;; ;;;;;;;;;;;;;;;;;;;
TVECADDI2FR;ADDITIVE, ANTIFREEZE, diesel (-20º, -30º C), 2 l, can;LOG;Transport;Vehicles consumables;Additive;Stockable Product;Single;;;Make to Order;Buy;Average Price;;;Vehicles consumables;ITC;Normal;Y;;;;;;;;;;;;;;no;no;X;;;;;;;;;;;;;;;;;;;;
TVECADDI3FR;ADDITIVE, ANTIFREEZE, diesel, (-20°, -30°), 1 l, can;LOG;Transport;Vehicles consumables;Additive;Stockable Product;Single;;;Make to Order;Buy;Average Price;;;Vehicles consumables;ITC;Normal;Y;;;;;;;;;;;;;;no;no;X;;;;;;;;;;;;;;;;;;;;
TVECADDI4FR;ADDITIVE, ANTI FREEZE, for cooling circuit, 1 liter;LOG;Transport;Vehicles consumables;Additive;Stockable Product;Single;;;Make to Order;Buy;Average Price;;;Vehicles consumables;ITC;Normal;Y;;;;;;;;;;;;;;no;no;X;;;;;;;;;;;;;;;;;;;;
TVECADDI5FR;ADDITIVE, ANTIFREEZE, cooling system, 5 l, tin;LOG;Transport;Vehicles consumables;Additive;Stockable Product;Single;;;Make to Order;Buy;Average Price;;;Vehicles consumables;ITC;Normal;Y;;;;;;;;;;;;;;no;no;X;;;;;;;;;;;;;;;;;;;;
TVECFUSF005;FUSE, fork, US type, 5 A;LOG;Transport;Vehicles consumables;Fork fuses for toyota;Non-Stockable;;;;Make to Order;Buy;Average Price;;;Vehicles consumables;ITC;Normal;Y;;;;;;;;;;;;;;no;no;; ;;;;;;;;;;;;;;;;;;;
TVECFUSF007;US type fuse, 7 amps;LOG;Transport;Vehicles consumables;Fork fuses for toyota;Non-Stockable;;;;Make to Order;Buy;Average Price;;;Vehicles consumables;ITC;Normal;Y;;;;;;;;;;;;;;no;no;; ;;;;;;;;;;;;;;;;;;;
TVECFUSF010;FUSE, fork, US type, 10 A;LOG;Transport;Vehicles consumables;Fork fuses for toyota;Non-Stockable;;;;Make to Order;Buy;Average Price;;;Vehicles consumables;ITC;Normal;Y;;;;;;;;;;;;;;no;no;; ;;;;;;;;;;;;;;;;;;;
TVECFUSF020;FUSE, fork, US type, 20 A;LOG;Transport;Vehicles consumables;Fork fuses for toyota;Non-Stockable;;;;Make to Order;Buy;Average Price;;;Vehicles consumables;ITC;Normal;Y;;;;;;;;;;;;;;no;no;; ;;;;;;;;;;;;;;;;;;;
TVECFUSF025;FUSE, fork, US type, 25 A;LOG;Transport;Vehicles consumables;Fork fuses for toyota;Non-Stockable;;;;Make to Order;Buy;Average Price;;;Vehicles consumables;ITC;Normal;Y;;;;;;;;;;;;;;no;no;; ;;;;;;;;;;;;;;;;;;;
TVECFUSF030;FUSE, fork, US type, 30 A;LOG;Transport;Vehicles consumables;Fork fuses for toyota;Non-Stockable;;;;Make to Order;Buy;Average Price;;;Vehicles consumables;ITC;Normal;Y;;;;;;;;;;;;;;no;no;; ;;;;;;;;;;;;;;;;;;;
TVECFUSF075;FUSE, fork, US type, 7.5 A;LOG;Transport;Vehicles consumables;Fork fuses for toyota;Non-Stockable;;;;Make to Order;Buy;Average Price;;;Vehicles consumables;ITC;Normal;Y;;;;;;;;;;;;;;no;no;; ;;;;;;;;;;;;;;;;;;;
TVECFUSFM05;FUSE, fork, mini US type, 5 A;LOG;Transport;Vehicles consumables;Fork fuses for toyota;Non-Stockable;;;;Make to Order;Buy;Average Price;;;Vehicles consumables;ITC;Normal;Y;;;;;;;;;;;;;;no;no;; ;;;;;;;;;;;;;;;;;;;
TVECFUSFM10;FUSE, fork, mini US type, 10 A;LOG;Transport;Vehicles consumables;Fork fuses for toyota;Non-Stockable;;;;Make to Order;Buy;Average Price;;;Vehicles consumables;ITC;Normal;Y;;;;;;;;;;;;;;no;no;; ;;;;;;;;;;;;;;;;;;;
TVECFUSFM15;FUSE, fork, mini US type, 15 A;LOG;Transport;Vehicles consumables;Fork fuses for toyota;Non-Stockable;;;;Make to Order;Buy;Average Price;;;Vehicles consumables;ITC;Normal;Y;;;;;;;;;;;;;;no;no;; ;;;;;;;;;;;;;;;;;;;
TVECFUSFM20;FUSE, fork, mini US type, 20 A;LOG;Transport;Vehicles consumables;Fork fuses for toyota;Non-Stockable;;;;Make to Order;Buy;Average Price;;;Vehicles consumables;ITC;Normal;Y;;;;;;;;;;;;;;no;no;; ;;;;;;;;;;;;;;;;;;;
TVECFUSFM25;FUSE, fork, mini US type, 25 A;LOG;Transport;Vehicles consumables;Fork fuses for toyota;Non-Stockable;;;;Make to Order;Buy;Average Price;;;Vehicles consumables;ITC;Normal;Y;;;;;;;;;;;;;;no;no;; ;;;;;;;;;;;;;;;;;;;
TVECFUSFM30;FUSE, fork, mini US type, 30 A;LOG;Transport;Vehicles consumables;Fork fuses for toyota;Non-Stockable;;;;Make to Order;Buy;Average Price;;;Vehicles consumables;ITC;Normal;Y;;;;;;;;;;;;;;no;no;; ;;;;;;;;;;;;;;;;;;;
TVECFUSFM75;FUSE, fork, mini US type, 7.5 A;LOG;Transport;Vehicles consumables;Fork fuses for toyota;Non-Stockable;;;;Make to Order;Buy;Average Price;;;Vehicles consumables;ITC;Normal;Y;;;;;;;;;;;;;;no;no;; ;;;;;;;;;;;;;;;;;;;
TVECGREA01L;GREASE, LITHIUM, brake cylinder, tube, 100ml;LOG;Transport;Vehicles consumables;Grease;Non-Stockable;;;;Make to Order;Buy;Average Price;;;Vehicles consumables;ITC;Normal;Y;;;;;;;;;;;;;;no;no;; ;;;;;;;;;;;;;;;;;;;
TVECGREA04B;CARTRIDGE OF 0,42 KG;LOG;Transport;Vehicles consumables;Grease;Non-Stockable;;;;Make to Order;Buy;Average Price;;;Vehicles consumables;ITC;Normal;Y;;;;;;;;;;;;;;no;no;; ;;;;;;;;;;;;;;;;;;;
TVECGREA04L;GREASE, LITHIUM, bearing & multi purpose, 0,42 l, cartridge;LOG;Transport;Vehicles consumables;Grease;Non-Stockable;;;;Make to Order;Buy;Average Price;;;Vehicles consumables;ITC;Normal;Y;;;;;;;;;;;;;;no;no;; ;;;;;;;;;;;;;;;;;;;
TVECGREA04M;GREASE, MOS2, molybdene, 0,42 l, cartridge;LOG;Transport;Vehicles consumables;Grease;Non-Stockable;;;;Make to Order;Buy;Average Price;;;Vehicles consumables;ITC;Normal;Y;;;;;;;;;;;;;;no;no;; ;;;;;;;;;;;;;;;;;;;
TVECOILE055;OIL, ENGINE, 5W30, petrol & diesel API SJ/CF- 4, 5 l, can;LOG;Transport;Vehicles consumables;Oil, Engine;Non-Stockable;;;;Make to Order;Buy;Average Price;;;Vehicles consumables;ITC;Normal;Y;7;5;;;;;;;;;;;;no;no;; ;;;;;;;;;;;;;;;;;;;
TVECOILE056;OIL, ENGINE, 5W30, petrol & diesel API SJ/CF- 4, 200 l, drum;LOG;Transport;Vehicles consumables;Oil, Engine;Non-Stockable;;;;Make to Order;Buy;Average Price;;;Vehicles consumables;ITC;Normal;Y;7;5;;;;;;;;;;;;no;no;; ;;;;;;;;;;;;;;;;;;;
TVECOILE105;OIL, ENGINE, 10W30, petrol & diesel API SF/CE, 5 l, tin;LOG;Transport;Vehicles consumables;Oil, Engine;Non-Stockable;;;;Make to Order;Buy;Average Price;;;Vehicles consumables;ITC;Normal;Y;7;5;;;;;;;;;;;;no;no;; ;;;;;;;;;;;;;;;;;;;
TVECOILE142;OIL, ENGINE, 10W40, petrol & diesel API SJ/CF- 4, 200l, drum;LOG;Transport;Vehicles consumables;Oil, Engine;Non-Stockable;;;;Make to Order;Buy;Average Price;;;Vehicles consumables;ITC;Normal;Y;;;;;;;;;;;;;;no;no;; ;;;;;;;;;;;;;;;;;;;
TVECOILE145;OIL, ENGINE, 10W40, petrol & diesel API SJ/CF- 4, 5 l, tin;LOG;Transport;Vehicles consumables;Oil, Engine;Non-Stockable;;;;Make to Order;Buy;Average Price;;;Vehicles consumables;ITC;Normal;Y;;;;;;;;;;;;;;no;no;; ;;;;;;;;;;;;;;;;;;;
TVECOILE150;OIL, ENGINE, 15W40, petrol & diesel API SJ/CF- 4, 60 l, drum;LOG;Transport;Vehicles consumables;Oil, Engine;Non-Stockable;;;;Make to Order;Buy;Average Price;;;Vehicles consumables;ITC;Normal;Y;;;;;;;;;;;;;;no;no;; ;;;;;;;;;;;;;;;;;;;
TVECOILE152;OIL, ENGINE, 15W40, petrol & diesel API SJ/CF- 4, 200l, drum;LOG;Transport;Vehicles consumables;Oil, Engine;Non-Stockable;;;;Make to Order;Buy;Average Price;;;Vehicles consumables;ITC;Normal;Y;;;;;;;;;;;;;;no;no;; ;;;;;;;;;;;;;;;;;;;
TVECTYRAT01;TYRE, BF GOODRICH ALL TERRAIN, 235/85 R16, 120Q;LOG;Transport;Vehicles consumables;tyraeall terrain;Non-Stockable;;;;Make to Order;Buy;Average Price;;;Vehicles consumables;ITC;Normal;Y;;;;;;;;;;;;;;no;no;; ;;;;;;;;;;;;;;;;;;;
TVECTYRAT02;TYRE, MICHELIN XPS, 7.50 R16, 108 N;LOG;Transport;Vehicles consumables;tyraeall terrain;Non-Stockable;;;;Make to Order;Buy;Average Price;;;Vehicles consumables;ITC;Normal;Y;;;;;;;;;;;;;;no;no;; ;;;;;;;;;;;;;;;;;;;
TVECTYRE35M;TYRE, 155 x 13', Michelin MXT;LOG;Transport;Vehicles consumables;Tyre;Non-Stockable;;;;Make to Order;Buy;Average Price;;;Vehicles consumables;ITC;Normal;Y;;;;;;;;;;;;;;no;no;; ;;;;;;;;;;;;;;;;;;;
TVECTYRE6RD;TYRE, 7,50 x 16', Dunlop, SP Qualifier TG21, road;LOG;Transport;Vehicles consumables;Tyre;Non-Stockable;;;;Make to Order;Buy;Average Price;;;Vehicles consumables;ITC;Normal;Y;128;2;;;;;;;;;;;;no;no;; ;;;;;;;;;;;;;;;;;;;
TVECTYRHD01;TYRE, MICHELIN XZY, 7.50 R16, 120 L;LOG;Transport;Vehicles consumables;Tyre, heavy duty profile;Non-Stockable;;;;Make to Order;Buy;Average Price;;;Vehicles consumables;ITC;Normal;Y;;;;;;;;;;;;;;no;no;; ;;;;;;;;;;;;;;;;;;;
TVECTYRHD02;TYRE, CONTINENTAL LDR, 7.50 R16, 120 L;LOG;Transport;Vehicles consumables;Tyre, heavy duty profile;Non-Stockable;;;;Make to Order;Buy;Average Price;;;Vehicles consumables;ITC;Normal;Y;;;;;;;;;;;;;;no;no;; ;;;;;;;;;;;;;;;;;;;
TVECTYRMT02;TYRE, BRIDGESTONE DUELER, M-T 673, 235/85 R16, 120Q;LOG;Transport;Vehicles consumables;Tyre, mud profile;Non-Stockable;;;;Make to Order;Buy;Average Price;;;Vehicles consumables;ITC;Normal;Y;;;;;;;;;;;;;;no;no;; ;;;;;;;;;;;;;;;;;;;
TVECTYRMT03;TYRE, MICHELIN XZL, O/R, 7.50 R16, 114 N;LOG;Transport;Vehicles consumables;Tyre, mud profile;Non-Stockable;;;;Make to Order;Buy;Average Price;;;Vehicles consumables;ITC;Normal;Y;;;;;;;;;;;;;;no;no;; ;;;;;;;;;;;;;;;;;;;
TVECTYRMT04;TYRE, GOOD YEAR, G 90, 7.50 R16, 116 N;LOG;Transport;Vehicles consumables;Tyre, mud profile;Non-Stockable;;;;Make to Order;Buy;Average Price;;;Vehicles consumables;ITC;Normal;Y;;;;;;;;;;;;;;no;no;; ;;;;;;;;;;;;;;;;;;;
TVECTYRMT05;TYRE, BLACK STAR GUYANE, 7.50 R16, 116L, REMOULD;LOG;Transport;Vehicles consumables;Tyre, mud profile;Non-Stockable;;;;Make to Order;Buy;Average Price;13;13;Vehicles consumables;ITC;Normal;Y;;;;;;;;;;;;;;no;no;; ;;;;;;;;;;;;;;;;;;;
TVECTYRST01;TYRE, MICHELIN XS, 7.50 R16, 108 N;LOG;Transport;Vehicles consumables;Tyre, sand profile;Non-Stockable;;;;Make to Order;Buy;Average Price;;;Vehicles consumables;ITC;Normal;Y;;;;;;;;;;;;;;no;no;; ;;;;;;;;;;;;;;;;;;;
TVECTYRST02;TYRE, CONTINENTAL HSO SAND, 7.50 R16, 112 N;LOG;Transport;Vehicles consumables;Tyre, sand profile;Non-Stockable;;;;Make to Order;Buy;Average Price;;;Vehicles consumables;ITC;Normal;Y;;;;;;;;;;;;;;no;no;; ;;;;;;;;;;;;;;;;;;;
TVEMFIXS281;(transceiver Codan) FIXING PLATE for vehicle;LOG;Transport;VEHICLES MODIFICATIONS;Fixation set;Stockable Product;Single;;;Make to Order;Buy;Average Price;;;VEHICLES MODIFICATIONS;ITC;Normal;Y;;8;;;;;;;;;;;;no;no;; ;;;;;;;;;;;;;;;;;;;
TVEMFIXS289;(transc, Cod. NGT/tuner 9350) FIXATION SET, SCREWS, Cod.112;LOG;Transport;VEHICLES MODIFICATIONS;Fixation set;Stockable Product;Single;;;Make to Order;Buy;Average Price;;;VEHICLES MODIFICATIONS;ITC;Normal;Y;;;;;;;;;;;;;;no;no;; ;;;;;;;;;;;;;;;;;;;
TVEMHDWR01-;NUTS & BOLTS SET, for modification kit Toyota HZJ;LOG;Transport;VEHICLES MODIFICATIONS;Hardware;Stockable Product;Single;;;Make to Order;Buy;Average Price;;;VEHICLES MODIFICATIONS;ITC;Normal;Y;;;;;;;;;;;;;;no;no;; ;;;;;;;;;;;;;;;;;;;
TVEMHDWR02-;NUTS & BOLTS SET, for module 2nd spare wheel;LOG;Transport;VEHICLES MODIFICATIONS;Hardware;Stockable Product;Single;;;Make to Order;Buy;Average Price;;;VEHICLES MODIFICATIONS;ITC;Normal;Y;;;;;;;;;;;;;;no;no;; ;;;;;;;;;;;;;;;;;;;
TVEMHDWR09-;NUTS & BOLTS SET, for modif. kit Toyota HZJ mark 2;LOG;Transport;VEHICLES MODIFICATIONS;Hardware;Stockable Product;Single;;;Make to Order;Buy;Average Price;;;VEHICLES MODIFICATIONS;ITC;Normal;Y;;;;;;;;;;;;;;no;no;; ;;;;;;;;;;;;;;;;;;;
TVEMHDWR11-;RUBBER GASKET, 90 cm, U shaped, for front door HFM700;LOG;Transport;VEHICLES MODIFICATIONS;Hardware;Stockable Product;Single;;;Make to Order;Buy;Average Price;;;VEHICLES MODIFICATIONS;ITC;Normal;Y;;;;;;;;;;;;;;no;no;; ;;;;;;;;;;;;;;;;;;;
TVEMHDWR13-;SUPPORT, BATTERY, RUBBER, 3 parts;LOG;Transport;VEHICLES MODIFICATIONS;Hardware;Stockable Product;Single;;;Make to Order;Buy;Average Price;;;VEHICLES MODIFICATIONS;ITC;Normal;Y;;;;;;;;;;;;;;no;no;; ;;;;;;;;;;;;;;;;;;;
TVEMHDWR14-;RUBBER U PROTECTION STRIP, 10 cm, for mobile Codan;LOG;Transport;VEHICLES MODIFICATIONS;Hardware;Stockable Product;Single;;;Make to Order;Buy;Average Price;;;VEHICLES MODIFICATIONS;ITC;Normal;Y;;;;;;;;;;;;;;no;no;; ;;;;;;;;;;;;;;;;;;;
TVEMHDWR15-;BUSH, for batteries front support, cold country Toyota HZJ;LOG;Transport;VEHICLES MODIFICATIONS;Hardware;Stockable Product;Single;;;Make to Order;Buy;Average Price;;;VEHICLES MODIFICATIONS;ITC;Normal;Y;;;;;;;;;;;;;;no;no;; ;;;;;;;;;;;;;;;;;;;
TVEMREIN01-;BULL BAR, FRONT, complete set for Toyota HZJ;LOG;Transport;VEHICLES MODIFICATIONS;Reinforcement;Stockable Product;Single;;;Make to Order;Buy;Average Price;;;VEHICLES MODIFICATIONS;ITC;Normal;Y;;35;;;;;;;;;;;;no;no;; ;;;;;;;;;;;;;;;;;;;
TVEMREIN01A;BULL BAR, FRONT, for Toyota HZJ 78/79 mark 2;LOG;Transport;VEHICLES MODIFICATIONS;Reinforcement;Stockable Product;Single;;;Make to Order;Buy;Average Price;;;VEHICLES MODIFICATIONS;ITC;Normal;Y;;;;;;;;;;;;;;no;no;; ;;;;;;;;;;;;;;;;;;;
TVEMREIN02-;REINFORCEMENT FRONT BUMPER + high jack support PZ/HZJ;LOG;Transport;VEHICLES MODIFICATIONS;Reinforcement;Stockable Product;Single;;;Make to Order;Buy;Average Price;;;VEHICLES MODIFICATIONS;ITC;Normal;Y;;;;;;;;;;;;;;no;no;; ;;;;;;;;;;;;;;;;;;;
TVEMREIN04-;REAR BUMPER PU + high lift jack support for HZJ (2 parts);LOG;Transport;VEHICLES MODIFICATIONS;Reinforcement;Stockable Product;Single;;;Make to Order;Buy;Average Price;;;VEHICLES MODIFICATIONS;ITC;Normal;Y;88;;;;;;;;;;;;;no;no;; ;;;;;;;;;;;;;;;;;;;
TVEMREIN05-;REAR BUMPER Hard Top+ high lift jack support HZJ (2 parts);LOG;Transport;VEHICLES MODIFICATIONS;Reinforcement;Stockable Product;Single;;;Make to Order;Buy;Average Price;;;VEHICLES MODIFICATIONS;ITC;Normal;Y;;14;;;;;;;;;;;;no;no;; ;;;;;;;;;;;;;;;;;;;
TVEMREIN09C;FRONT BUMPER, central part, for HZJ 78/79 mark 2;LOG;Transport;VEHICLES MODIFICATIONS;Reinforcement;Stockable Product;Single;;;Make to Order;Buy;Average Price;;;VEHICLES MODIFICATIONS;ITC;Normal;Y;88;;;;;;;;;;;;;no;no;; ;;;;;;;;;;;;;;;;;;;
TVEMREIN09L;FRONT BUMPER, left part, for HZJ 78/79 mark 2;LOG;Transport;VEHICLES MODIFICATIONS;Reinforcement;Stockable Product;Single;;;Make to Order;Buy;Average Price;;;VEHICLES MODIFICATIONS;ITC;Normal;Y;88;;;;;;;;;;;;;no;no;; ;;;;;;;;;;;;;;;;;;;
TVEMREIN09R;FRONT BUMPER, right part, for HZJ 78/79 mark 2;LOG;Transport;VEHICLES MODIFICATIONS;Reinforcement;Stockable Product;Single;;;Make to Order;Buy;Average Price;;;VEHICLES MODIFICATIONS;ITC;Normal;Y;88;;;;;;;;;;;;;no;no;; ;;;;;;;;;;;;;;;;;;;
TVEMREIN10-;LOW CROSS BAR REINFORCEMENT, HZJ 78/79 mark 2;LOG;Transport;VEHICLES MODIFICATIONS;Reinforcement;Stockable Product;Single;;;Make to Order;Buy;Average Price;;;VEHICLES MODIFICATIONS;ITC;Normal;Y;;;;;;;;;;;;;;no;no;; ;;;;;;;;;;;;;;;;;;;
TVEMSUPP01-;SUPPORT ASSEMBLY, 2 nd SPARE WHEEL for pick-up (4 pieces);LOG;Transport;VEHICLES MODIFICATIONS;Support;Stockable Product;Single;;;Make to Order;Buy;Average Price;;;VEHICLES MODIFICATIONS;ITC;Normal;Y;;;;;;;;;;;;;;no;no;; ;;;;;;;;;;;;;;;;;;;
TVEMSUPP02-;SUPPORT HIGH JACK + REINF. HEADER BOARD for P/Up (3 parts);LOG;Transport;VEHICLES MODIFICATIONS;Support;Stockable Product;Single;;;Make to Order;Buy;Average Price;;;VEHICLES MODIFICATIONS;ITC;Normal;Y;;;;;;;;;;;;;;no;no;; ;;;;;;;;;;;;;;;;;;;
TVEMSUPP041;SUPPORT, HIGH LIFT JACK head part, for H/Top roof rack HZJ;LOG;Transport;VEHICLES MODIFICATIONS;Support;Stockable Product;Single;;;Make to Order;Buy;Average Price;;;VEHICLES MODIFICATIONS;ITC;Normal;Y;;;;;;;;;;;;;;no;no;; ;;;;;;;;;;;;;;;;;;;
TVEMSUPP042;SUPPORT, HIGH LIFT JACK foot part, for H/Top roof rack HZJ;LOG;Transport;VEHICLES MODIFICATIONS;Support;Stockable Product;Single;;;Make to Order;Buy;Average Price;;;VEHICLES MODIFICATIONS;ITC;Normal;Y;;;;;;;;;;;;;;no;no;; ;;;;;;;;;;;;;;;;;;;
TVEMSUPP05-;SUPPORT, SPARE WHEEL, for hard top roof rack;LOG;Transport;VEHICLES MODIFICATIONS;Support;Stockable Product;Single;;;Make to Order;Buy;Average Price;;;VEHICLES MODIFICATIONS;ITC;Normal;Y;;;;;;;;;;;;;;no;no;; ;;;;;;;;;;;;;;;;;;;
TVEMSUPP06-;REINFORCEMENT, 2 nd SPARE WHEEL for roof rack (2 parts);LOG;Transport;VEHICLES MODIFICATIONS;Support;Stockable Product;Single;;;Make to Order;Buy;Average Price;;;VEHICLES MODIFICATIONS;ITC;Normal;Y;;;;;;;;;;;;;;no;no;; ;;;;;;;;;;;;;;;;;;;
TVEMSUPP07-;HANDLE, SPARE WHEEL FIXING for Toyota HZJ;LOG;Transport;VEHICLES MODIFICATIONS;Support;Stockable Product;Single;;;Make to Order;Buy;Average Price;;;VEHICLES MODIFICATIONS;ITC;Normal;Y;;;;;;;;;;;;;;no;no;; ;;;;;;;;;;;;;;;;;;;
TVEMSUPP08-;RETAINING PLATE, SPARE WHEEL FIXING, for Toyota HZJ;LOG;Transport;VEHICLES MODIFICATIONS;Support;Stockable Product;Single;;;Make to Order;Buy;Average Price;;;VEHICLES MODIFICATIONS;ITC;Normal;Y;;;;;;;;;;;;;;no;no;; ;;;;;;;;;;;;;;;;;;;
TVEMSUPP09L;SUPPORT, FRONT BUMPER, left side, HZJ 78/79 mark 2;LOG;Transport;VEHICLES MODIFICATIONS;Support;Stockable Product;Single;;;Make to Order;Buy;Average Price;;;VEHICLES MODIFICATIONS;ITC;Normal;Y;;;;;;;;;;;;;;no;no;; ;;;;;;;;;;;;;;;;;;;
TVEMSUPP09R;SUPPORT, FRONT BUMPER, right part, HZJ 78/79 mark 2;LOG;Transport;VEHICLES MODIFICATIONS;Support;Stockable Product;Single;;;Make to Order;Buy;Average Price;;;VEHICLES MODIFICATIONS;ITC;Normal;Y;;;;;;;;;;;;;;no;no;; ;;;;;;;;;;;;;;;;;;;
TVEMSUPP10-;FIXATION, BATTERY, superior, for Toyota HZJ;LOG;Transport;VEHICLES MODIFICATIONS;Support;Stockable Product;Single;;;Make to Order;Buy;Average Price;;;VEHICLES MODIFICATIONS;ITC;Normal;Y;;;;;;;;;;;;;;no;no;; ;;;;;;;;;;;;;;;;;;;
TVEMSUPP11-;SUPPORT, BATTERY, RIGHT, superior, angled, for HZJ;LOG;Transport;VEHICLES MODIFICATIONS;Support;Stockable Product;Single;;;Make to Order;Buy;Average Price;;;VEHICLES MODIFICATIONS;ITC;Normal;Y;;;;;;;;;;;;;;no;no;; ;;;;;;;;;;;;;;;;;;;
TVEMSUPP12-;REINFORCEMENT, BATTERY, low part, for Toyota HZJ;LOG;Transport;VEHICLES MODIFICATIONS;Support;Stockable Product;Single;;;Make to Order;Buy;Average Price;;;VEHICLES MODIFICATIONS;ITC;Normal;Y;;;;;;;;;;;;;;no;no;; ;;;;;;;;;;;;;;;;;;;
TVEMSUPP13-;REINFORCEMENT, BATTERY, upper part, for Toyota HZJ mark 2;LOG;Transport;VEHICLES MODIFICATIONS;Support;Stockable Product;Single;;;Make to Order;Buy;Average Price;;;VEHICLES MODIFICATIONS;ITC;Normal;Y;;;;;;;;;;;;;;no;no;; ;;;;;;;;;;;;;;;;;;;
TVEMSUPP20-;SUPPORT, 2 BATTERIES, inferior, for cold country, Toyota HZJ;LOG;Transport;VEHICLES MODIFICATIONS;Support;Stockable Product;Single;;;Make to Order;Buy;Average Price;;;VEHICLES MODIFICATIONS;ITC;Normal;Y;;;;;;;;;;;;;;no;no;; ;;;;;;;;;;;;;;;;;;;
TVEMSUPP21-;FIXATION SUPERIOR FRONT BATTERY cold count. Toyota HZJ;LOG;Transport;VEHICLES MODIFICATIONS;Support;Stockable Product;Single;;;Make to Order;Buy;Average Price;;;VEHICLES MODIFICATIONS;ITC;Normal;Y;;;;;;;;;;;;;;no;no;; ;;;;;;;;;;;;;;;;;;;
TVEMSUPP22-;FIXATION SUPERIOR REAR BATTERY cold count. Toyota HZJ;LOG;Transport;VEHICLES MODIFICATIONS;Support;Stockable Product;Single;;;Make to Order;Buy;Average Price;;;VEHICLES MODIFICATIONS;ITC;Normal;Y;;;;;;;;;;;;;;no;no;; ;;;;;;;;;;;;;;;;;;;
TVEMSUPP23-;FIXATION BIT, 2nd battery for cold count. Toyota HZJ;LOG;Transport;VEHICLES MODIFICATIONS;Support;Stockable Product;Single;;;Make to Order;Buy;Average Price;;;VEHICLES MODIFICATIONS;ITC;Normal;Y;;;;;;;;;;;;;;no;no;; ;;;;;;;;;;;;;;;;;;;
TVEMSUPP24-;SUPPORT, 2 BATTERIES REAR BUSH for cold country, Toyota HZJ;LOG;Transport;VEHICLES MODIFICATIONS;Support;Stockable Product;Single;;;Make to Order;Buy;Average Price;;;VEHICLES MODIFICATIONS;ITC;Normal;Y;;;;;;;;;;;;;;no;no;; ;;;;;;;;;;;;;;;;;;;
TVEMSUPP25-;SUPPORT, 2 BATTERIES FRONT BUSH for cold count. Toyota HZJ;LOG;Transport;VEHICLES MODIFICATIONS;Support;Stockable Product;Single;;;Make to Order;Buy;Average Price;;;VEHICLES MODIFICATIONS;ITC;Normal;Y;;;;;;;;;;;;;;no;no;; ;;;;;;;;;;;;;;;;;;;
TVEMSUPP30-;SUPPORT, FUEL FILTER, for cold countries, PZ/HZJ;LOG;Transport;VEHICLES MODIFICATIONS;Support;Stockable Product;Single;;;Make to Order;Buy;Average Price;;;VEHICLES MODIFICATIONS;ITC;Normal;Y;;;;;;;;;;;;;;no;no;; ;;;;;;;;;;;;;;;;;;;
TXTOABSS7F1;(toyota HZJ 78/79) KIT, BUSH, front shock abs., set for 1;LOG;Transport;SPARE PARTS TOYOTA;Absorber, Shock;Stockable Product;Single;;;Make to Order;Buy;Average Price;;;SPARE PARTS TOYOTA;ITC;Normal;Y;;;;;;;;;;;;;;no;no;; ;;;;;;;;;;;;;;;;;;;
TXTOABSS7FB;(toyota PZJ/HZJ75) KIT, BUSH, front shock abs.,set for 2;LOG;Transport;SPARE PARTS TOYOTA;Absorber, Shock;Stockable Product;Single;;;Make to Order;Buy;Average Price;;;SPARE PARTS TOYOTA;ITC;Normal;Y;;;;;;;;;;;;;;no;no;; ;;;;;;;;;;;;;;;;;;;
TXTOABSS9F-;ABSORBER, SHOCK, FRONT, Toyota HZJ78/79 Koni 8240-1186 SPX;LOG;Transport;SPARE PARTS TOYOTA;Absorber, Shock;Stockable Product;Single;;;Make to Order;Buy;Average Price;;;SPARE PARTS TOYOTA;ITC;Normal;Y;;;;;;;;;;;;;;no;no;; ;;;;;;;;;;;;;;;;;;;
TXTOLEAS78-;Rear spring set, 8 leaves, HZJ78;LOG;Transport;SPARE PARTS TOYOTA;Leaf spring;Stockable Product;Single;;;Make to Order;Buy;Average Price;;;SPARE PARTS TOYOTA;ITC;Normal;Y;;;;;;;;;;;;;;no;no;; ;;;;;;;;;;;;;;;;;;;
TXTOLEAS79-;Rear spring set, 8 leaves, HZJ79;LOG;Transport;SPARE PARTS TOYOTA;Leaf spring;Stockable Product;Single;;;Make to Order;Buy;Average Price;;;SPARE PARTS TOYOTA;ITC;Normal;Y;;;;;;;;;;;;;;no;no;; ;;;;;;;;;;;;;;;;;;;
TXTOLEAS7RL;(toyota HZJ 78/79) BUSH, for rear spring shackle (lower);LOG;Transport;SPARE PARTS TOYOTA;Leaf spring;Stockable Product;Single;;;Make to Order;Buy;Average Price;;;SPARE PARTS TOYOTA;ITC;Normal;Y;;;;;;;;;;;;;;no;no;; ;;;;;;;;;;;;;;;;;;;
TXTOLEAS7SP;(toyota HZJ 78/79) KIT, BUSH, for rear spring pin (inner);LOG;Transport;SPARE PARTS TOYOTA;Leaf spring;Stockable Product;Single;;;Make to Order;Buy;Average Price;;;SPARE PARTS TOYOTA;ITC;Normal;Y;;;;;;;;;;;;;;no;no;; ;;;;;;;;;;;;;;;;;;;
TXTOPUMIRE5;(injection pump, Toyota PZJ75, 5 outlets), REPAIR;LOG;Transport;SPARE PARTS TOYOTA;Injection Pump;Stockable Product;Single;;;Make to Order;Buy;Average Price;;;SPARE PARTS TOYOTA;ITC;Normal;Y;;;;;;;;;;;;;;no;no;; ;;;;;;;;;;;;;;;;;;;
TXTOPUMIRE6;(injection pump, Toyota HZJ75, 6 outlets), REPAIR;LOG;Transport;SPARE PARTS TOYOTA;Injection Pump;Stockable Product;Single;;;Make to Order;Buy;Average Price;;;SPARE PARTS TOYOTA;ITC;Normal;Y;;;;;;;;;;;;;;no;no;; ;;;;;;;;;;;;;;;;;;;
TXYAPROP10-;PROPELLER, F type, 10'1/2;LOG;Transport;Spare parts Yamaha;PROPELLER;Stockable Product;Single;;;Make to Order;Buy;Average Price;;;Spare parts Yamaha;ITC;Normal;Y;;;;;;;;;;;;;;no;no;; ;;;;;;;;;;;;;;;;;;;
TXYAPROP10P;PROPELLER 10'1/2, PIN;LOG;Transport;Spare parts Yamaha;PROPELLER;Stockable Product;Single;;;Make to Order;Buy;Average Price;;;Spare parts Yamaha;ITC;Normal;Y;;;;;;;;;;;;;;no;no;; ;;;;;;;;;;;;;;;;;;;
TXYAPROP13-;PROPELLER, 13';LOG;Transport;Spare parts Yamaha;PROPELLER;Stockable Product;Single;;;Make to Order;Buy;Average Price;;;Spare parts Yamaha;ITC;Normal;Y;;;;;;;;;;;;;;no;no;; ;;;;;;;;;;;;;;;;;;;
TXYAPROP13P;PROPELLER 13', PIN;LOG;Transport;Spare parts Yamaha;PROPELLER;Stockable Product;Single;;;Make to Order;Buy;Average Price;;;Spare parts Yamaha;ITC;Normal;Y;;;;;;;;;;;;;;no;no;; ;;;;;;;;;;;;;;;;;;;
TXYAPUMP1G-;PETROL PUMP, gasket;LOG;Transport;Spare parts Yamaha;PETROL PUMP;Stockable Product;Single;;;Make to Order;Buy;Average Price;;;Spare parts Yamaha;ITC;Normal;Y;;;;;;;;;;;;;;no;no;; ;;;;;;;;;;;;;;;;;;;
TXYAPUMP1M-;PETROL PUMP, membrane;LOG;Transport;Spare parts Yamaha;PETROL PUMP;Stockable Product;Single;;;Make to Order;Buy;Average Price;;;Spare parts Yamaha;ITC;Normal;Y;;;;;;;;;;;;;;no;no;; ;;;;;;;;;;;;;;;;;;;
TXYAPUMW1G-;WATER PUMP, GASKET;LOG;Transport;Spare parts Yamaha;WATER PUMP TURBINE;Stockable Product;Single;;;Make to Order;Buy;Average Price;;;Spare parts Yamaha;ITC;Normal;Y;;;;;;;;;;;;;;no;no;; ;;;;;;;;;;;;;;;;;;;
TXYAPUMW1T-;WATER PUMP IMPELLOR;LOG;Transport;Spare parts Yamaha;WATER PUMP TURBINE;Stockable Product;Single;;;Make to Order;Buy;Average Price;;;Spare parts Yamaha;ITC;Normal;Y;;;;;;;;;;;;;;no;no;; ;;;;;;;;;;;;;;;;;;;
TXYASPRI1H-;SPRING, helicoidal;LOG;Transport;Spare parts Yamaha;SPRING;Stockable Product;Single;;;Make to Order;Buy;Average Price;;;Spare parts Yamaha;ITC;Normal;Y;;;;;;;;;;;;;;no;no;; ;;;;;;;;;;;;;;;;;;;
TXYASPRI1P-;SPRING, for starter pawl;LOG;Transport;Spare parts Yamaha;SPRING;Stockable Product;Single;;;Make to Order;Buy;Average Price;;;Spare parts Yamaha;ITC;Normal;Y;;;;;;;;;;;;;;no;no;; ;;;;;;;;;;;;;;;;;;;
TXYASTAR1C-;STARTER CIRCLIPS;LOG;Transport;Spare parts Yamaha;STARTER;Stockable Product;Single;;;Make to Order;Buy;Average Price;;;Spare parts Yamaha;ITC;Normal;Y;;;;;;;;;;;;;;no;no;; ;;;;;;;;;;;;;;;;;;;
TXYASTAR1P-;STARTER PAWL;LOG;Transport;Spare parts Yamaha;STARTER;Stockable Product;Single;;;Make to Order;Buy;Average Price;;;Spare parts Yamaha;ITC;Normal;Y;;;;;;;;;;;;;;no;no;; ;;;;;;;;;;;;;;;;;;;
TXYASTAR1R-;STARTER ROPE, 4 m;LOG;Transport;Spare parts Yamaha;STARTER;Stockable Product;Single;;;Make to Order;Buy;Average Price;;;Spare parts Yamaha;ITC;Normal;Y;;;;;;;;;;;;;;no;no;; ;;;;;;;;;;;;;;;;;;;
TXYASTAR2R-;STARTER ROPE, 4,2 m;LOG;Transport;Spare parts Yamaha;STARTER;Stockable Product;Single;;;Make to Order;Buy;Average Price;;;Spare parts Yamaha;ITC;Normal;Y;;;;;;;;;;;;;;no;no;; ;;;;;;;;;;;;;;;;;;;
XCUSAAAA---;CUSTOM service;SERVICE;Services;Administrative;#;Service with reception;;;;Make to Order;Buy;Average Price;;;Administrative;ITC;Normal;Y;;;;;;;;;;;;;;no;no;; ;;;;;;;;;;;;;;;;;;;
XINSAAAA---;INSURANCE service;SERVICE;Services;Administrative;#;Service with reception;;;;Make to Order;Buy;Average Price;;;Administrative;ITC;Normal;Y;;;;;;;;;;;;;;no;no;; ;;;;;;;;;;;;;;;;;;;
XRENAAAA---;RENTAL (service);SERVICE;Services;Administrative;#;Service with reception;;;;Make to Order;Buy;Average Price;;;Administrative;ITC;Normal;Y;;;;;;;;;;;;;;no;no;; ;;;;;;;;;;;;;;;;;;;
XTAXAAAA---;TAXES (service);SERVICE;Services;Taxe;#;Service with reception;;;;Make to Order;Buy;Average Price;;;Taxe;ITC;Normal;Y;;;;;;;;;;;;;;no;no;; ;;;;;;;;;;;;;;;;;;;
XREPAAAA---;REPAIR (service);SERVICE;Services;Administrative;#;Service with reception;;;;Make to Order;Buy;Average Price;;;Administrative;;;;;;;;;;;;;;;;;no;no;;;;;;;;;;;;;;;;;;;;;
XBUILAAAA---;BUILDING (service);SERVICE;Services;Administrative;#;Service with reception;;;;Make to Order;Buy;Average Price;;;Administrative;;;;;;;;;;;;;;;;;no;no;;;;;;;;;;;;;;;;;;;;;