id,level,name,type,parent_id
nom_1,0,LIB,Mandatory,
nom_2,0,SRV,Mandatory,
nom_2_2,0,LOG,Mandatory,
nom_3,1,A - Administration,Mandatory,LOG
nom_4,1,C - Camp,Mandatory,LOG
nom_5,1,D - Drugs,Mandatory,MED
nom_6,1,E - Medical Equipment,Mandatory,MED
nom_7,1,I - Inventory lists / checklists,Mandatory,MED
nom_8,1,K - Lib Kits,Mandatory,LIB
nom_9,1,K - Log Kits,Mandatory,LOG
nom_10,1,K - Med Kits,Mandatory,MED
nom_11,1,L - Library,Mandatory,LIB
nom_12,1,N - Nutrition,Mandatory,MED
nom_13,1,P - Program support,Mandatory,LOG
nom_14,1,S - Medical renewable supplies,Mandatory,MED
nom_15,1,T - Transport,Mandatory,LOG
nom_16,1,X - Services,Mandatory,SRV
nom_17,2,ADAP - Data Processing,Mandatory,A - Administration
nom_18,2,AFOO - Food For Msf Staff,Mandatory,A - Administration
nom_19,2,AFUR - Furnitures,Mandatory,A - Administration
nom_20,2,ALIF - Team Life,Mandatory,A - Administration
nom_21,2,ALST - Logistic Stationery,Mandatory,A - Administration
nom_22,2,AOFF - Office Equipment,Mandatory,A - Administration
nom_23,2,ASTA - Stationery,Mandatory,A - Administration
nom_24,2,CBUI - Building,Mandatory,C - Camp
nom_25,2,CSEM - Semipermanent Shelter,Mandatory,C - Camp
nom_26,2,CSHE - Shelters,Mandatory,C - Camp
nom_27,2,CWAT - Water And Sanitation,Mandatory,C - Camp
nom_28,2,CXHA - Spare Parts Hayward,Mandatory,C - Camp
nom_29,2,DDGT - Diagnostic tests,Mandatory,D - Drugs
nom_30,2,DDIS - Disinfectants,Mandatory,D - Drugs
nom_31,2,DEXO - Ophtalmic Drugs For External Use,Mandatory,D - Drugs
nom_32,2,DEXT - Drugs External Use,Mandatory,D - Drugs
nom_33,2,DINF - Infusions,Mandatory,D - Drugs
nom_34,2,DINJ - Injectable Drugs,Mandatory,D - Drugs
nom_35,2,DORA - Oral Drugs,Mandatory,D - Drugs
nom_36,2,DVAC - Vaccines,Mandatory,D - Drugs
nom_37,2,EANE - Anaesthesia,Mandatory,E - Medical Equipment
nom_38,2,EANT - Anthropometric Equipment,Mandatory,E - Medical Equipment
nom_39,2,EDIM - Diagnostic Imaging equipment,Mandatory,E - Medical Equipment
nom_40,2,EHOE - Hospital Equipment,Mandatory,E - Medical Equipment
nom_41,2,ELAE - Laboratory Equipment,Mandatory,E - Medical Equipment
nom_42,2,ELIN - Linen And Protective Clothing,Mandatory,E - Medical Equipment
nom_43,2,EMEQ - Medical Equipment,Mandatory,E - Medical Equipment
nom_44,2,EPHY - Physiotherapy equipment,Mandatory,E - Medical Equipment
nom_45,2,EPSY - Equipment for psychological support,Mandatory,E - Medical Equipment
nom_46,2,ESIG - NAIL of SIGN material,Mandatory,E - Medical Equipment
nom_47,2,ESTE - Sterilization,Mandatory,E - Medical Equipment
nom_48,2,ESTR - Stryker material for internal fixation,Mandatory,E - Medical Equipment
nom_49,2,ESUD - Dental Surgical Instruments,Mandatory,E - Medical Equipment
nom_50,2,ESUF - Surgical Instruments For External Fixator,Mandatory,E - Medical Equipment
nom_51,2,ESUO - Ophtalmic Surgical Instruments,Mandatory,E - Medical Equipment
nom_52,2,ESUR - Surgical Instruments,Mandatory,E - Medical Equipment
nom_53,2,ETMA - Training Mannequins,Mandatory,E - Medical Equipment
nom_54,2,ETPO - Training Posters,Mandatory,E - Medical Equipment
nom_55,2,IDIM - Diagnostic imaging checklists,Mandatory,I - Inventory lists / checklists
nom_56,2,IEME - Emergency items list,Mandatory,I - Inventory lists / checklists
nom_57,2,ILAB - Laboratory checklists,Mandatory,I - Inventory lists / checklists
nom_58,2,IPED - Paediatric checklists,Mandatory,I - Inventory lists / checklists
nom_59,2,ISUI - Internal fixation checklists,Mandatory,I - Inventory lists / checklists
nom_60,2,KADM - Administration Kits,Mandatory,K - Log Kits
nom_61,2,KCAM - Camps Kits,Mandatory,K - Log Kits
nom_62,2,KCOM - Communication Kits,Mandatory,K - Log Kits
nom_63,2,"KLIB - KIT, LIBRARY",Mandatory,K - Lib Kits
nom_64,2,KMED - Medical Kits,Mandatory,K - Med Kits
nom_65,2,KPRO - Programme Support Kits,Mandatory,K - Log Kits
nom_66,2,KSUD - Dental Instrument Box,Mandatory,K - Med Kits
nom_67,2,KSUO - Ophthalmic instruments boxes,Mandatory,K - Med Kits
nom_68,2,KSUR - Surgical Instruments Sets,Mandatory,K - Med Kits
nom_69,2,KTRA - Transport Kits,Mandatory,K - Log Kits
nom_70,2,KWAT - Water And Sanitation Kits,Mandatory,K - Log Kits
nom_71,2,L000 - MSF (articles written by MSF),Mandatory,L - Library
nom_72,2,L001 - Medicine General Information,Mandatory,L - Library
nom_73,2,L002 - Internal Medicine,Mandatory,L - Library
nom_74,2,L003 - Viral Infectious Diseases,Mandatory,L - Library
nom_75,2,L004 - Bacterial Infectious Diseases,Mandatory,L - Library
nom_76,2,L005 - MYCOLOGICAL INFECTIOUS DISEASES,Mandatory,L - Library
nom_77,2,L006 - Parasitic Infectious Diseases,Mandatory,L - Library
nom_78,2,L007 - Std - Aids,Mandatory,L - Library
nom_79,2,L008 - Surgery-Anaesthesia-Dentistry-Physiotherapy-Transf,Mandatory,L - Library
nom_80,2,L009 - Gynaecology - Obstetrics,Mandatory,L - Library
nom_81,2,L010 - Paediatrics,Mandatory,L - Library
nom_82,2,L011 - Ophthalmology - Dermatology,Mandatory,L - Library
nom_83,2,L012 - Radiology - Medical Imaging,Mandatory,L - Library
nom_84,2,L013 - Laboratory,Mandatory,L - Library
nom_85,2,L014 - Pharmacology,Mandatory,L - Library
nom_86,2,L015 - Immunization - Cold Chain,Mandatory,L - Library
nom_87,2,L016 - Nutrition,Mandatory,L - Library
nom_88,2,L017 - REPRODUCTIVE HEALTH,Mandatory,L - Library
nom_89,2,L018 - Water & Sanitation,Mandatory,L - Library
nom_90,2,L019 - Refugees - Displaced,Mandatory,L - Library
nom_91,2,L020 - Emergencies - Disasters - Conflicts,Mandatory,L - Library
nom_92,2,L021 - Training - Education,Mandatory,L - Library
nom_93,2,L022 - Community Health,Mandatory,L - Library
nom_94,2,L023 - Anthropology,Mandatory,L - Library
nom_95,2,L024 - Epidemiology - Statistics,Mandatory,L - Library
nom_96,2,L025 - Health Services Management,Mandatory,L - Library
nom_97,2,L026 - Drugs Management,Mandatory,L - Library
nom_98,2,L027 - Mental Health,Mandatory,L - Library
nom_99,2,L028 - Health Of Expatriates,Mandatory,L - Library
nom_100,2,L029 - Nursing - Infection Control,Mandatory,L - Library
nom_101,2,L030 - INFECTION CONTROL,Mandatory,L - Library
nom_102,2,L031 - SOCIAL ISSUES,Mandatory,L - Library
nom_103,2,L040 - Logistics,Mandatory,L - Library
nom_104,2,L041 - Mechanics /Transport,Mandatory,L - Library
nom_105,2,L042 - Telecommunication,Mandatory,L - Library
nom_106,2,L043 - Building - Shelters,Mandatory,L - Library
nom_107,2,L044 - Data Processing,Mandatory,L - Library
nom_108,2,L045 - Catalogues & Order Lists,Mandatory,L - Library
nom_109,2,L046 - Food Aid,Mandatory,L - Library
nom_110,2,L047 - Supply,Mandatory,L - Library
nom_111,2,L048 - Energy,Mandatory,L - Library
nom_112,2,L050 - Administration - Finances,Mandatory,L - Library
nom_113,2,L051 - Human Resources Management,Mandatory,L - Library
nom_114,2,L052 - Security,Mandatory,L - Library
nom_115,2,L060 - MSF - GENERAL FACTS,Mandatory,L - Library
nom_116,2,L061 - Msf - Publications,Mandatory,L - Library
nom_117,2,L062 - MSF - INTERNAL DOCUMENTS,Mandatory,L - Library
nom_118,2,L070 - Humanitarian Assistance,Mandatory,L - Library
nom_119,2,L071 - CONTEXTS - GEOPOLITICS,Mandatory,L - Library
nom_120,2,L072 - Humanitarian Assistance - Law,Mandatory,L - Library
nom_121,2,L073 - Humanitarian Assistance - Interventions,Mandatory,L - Library
nom_122,2,L074 - NTERNATIONAL ORGANISATIONS,Mandatory,L - Library
nom_123,2,L075 - NGO's,Mandatory,L - Library
nom_124,2,L076 - STATES: HUM. ASSISTANCE,Mandatory,L - Library
nom_125,2,L077 - Languages,Mandatory,L - Library
nom_126,2,LEAF - Leaflets,Mandatory,L - Library
nom_127,2,NFOO - Food Commodities,Mandatory,N - Nutrition
nom_128,2,NFOS - Specialized Food,Mandatory,N - Nutrition
nom_129,2,NFST - Food commodities stationary,Mandatory,N - Nutrition
nom_130,2,NSST - Specialized food stationary,Mandatory,N - Nutrition
nom_131,2,PCOL - Cold Chain,Mandatory,P - Program support
nom_132,2,PCOM - Communication,Mandatory,P - Program support
nom_133,2,PCOO - Cooking,Mandatory,P - Program support
nom_134,2,PELE - Electricity,Mandatory,P - Program support
nom_135,2,PHDW - Hardware,Mandatory,P - Program support
nom_136,2,PHYG - Hygiene,Mandatory,P - Program support
nom_137,2,PIDE - Identification,Mandatory,P - Program support
nom_138,2,PLIG - Lighting,Mandatory,P - Program support
nom_139,2,PPAC - Packing And Handling,Mandatory,P - Program support
nom_140,2,PPAI - Paint,Mandatory,P - Program support
nom_141,2,PSAF - Safety And Protective Equipment,Mandatory,P - Program support
nom_142,2,PTOO - Tools,Mandatory,P - Program support
nom_143,2,PX-- - Spare parts,Mandatory,P - Program support
nom_144,2,PXDV - Spare Parts Davey,Mandatory,P - Program support
nom_145,2,PXHO - Spare Parts Honda,Mandatory,P - Program support
nom_146,2,PXKO - Spare Parts Koshin,Mandatory,P - Program support
nom_147,2,PXLI - Spare Parts Lister,Mandatory,P - Program support
nom_148,2,PXLO - Spare Parts Lombardini,Mandatory,P - Program support
nom_149,2,PXRO - Spare Parts Robin,Mandatory,P - Program support
nom_150,2,PXYN - Spare Parts Yanmar,Mandatory,P - Program support
nom_151,2,"SCTD - Catheters, Tubes And Drains",Mandatory,S - Medical renewable supplies
nom_152,2,SDIM - Diagnostic imaging supplies,Mandatory,S - Medical renewable supplies
nom_153,2,SDRE - Dressings,Mandatory,S - Medical renewable supplies
nom_154,2,SIGN - NAIL OF SIGN material,Mandatory,S - Medical renewable supplies
nom_155,2,SINS - Injection Supplies,Mandatory,S - Medical renewable supplies
nom_156,2,SLAS - Laboratory Reagents,Mandatory,S - Medical renewable supplies
nom_157,2,SMST - Medical Stationery,Mandatory,S - Medical renewable supplies
nom_158,2,SMSU - Small Medical Supplies,Mandatory,S - Medical renewable supplies
nom_159,2,SSUT - Sutures,Mandatory,S - Medical renewable supplies
nom_160,2,STRY - Stryker,Mandatory,S - Medical renewable supplies
nom_161,2,SXRS - X-ray supplies (stopped),Mandatory,S - Medical renewable supplies
nom_162,2,TBOA - Boats,Mandatory,T - Transport
nom_163,2,THON - Honda,Mandatory,T - Transport
nom_164,2,TMER - Mercedes,Mandatory,T - Transport
nom_165,2,TPEU - Peugeot,Mandatory,T - Transport
nom_166,2,TTOY - Toyota Vehicles,Mandatory,T - Transport
nom_167,2,TVEA - Vehicles Accessories,Mandatory,T - Transport
nom_168,2,TVEC - Vehicles Consumables,Mandatory,T - Transport
nom_169,2,TVEM - Vehicles Modifications,Mandatory,T - Transport
nom_170,2,TXHO - Spare parts Honda,Mandatory,T - Transport
nom_171,2,TXLA - Spare Parts Land Rover,Mandatory,T - Transport
nom_172,2,TXME - Spare parts Mercedes,Mandatory,T - Transport
nom_173,2,TXPE - Spare Parts Peugeot,Mandatory,T - Transport
nom_174,2,TXTO - Spare Parts Toyota,Mandatory,T - Transport
nom_175,2,TXYA - Spare Parts Yamaha,Mandatory,T - Transport
nom_176,2,XCUS - Custom fees,Mandatory,X - Services
nom_177,2,XFRE - Freight,Mandatory,X - Services
nom_178,2,XINS - Insurance,Mandatory,X - Services
nom_179,2,XMAI - Maintenance,Mandatory,X - Services
nom_180,2,XREN - Rental,Mandatory,X - Services
nom_181,2,XREP - Repairs,Mandatory,X - Services
nom_182,2,XTAX - Taxes,Mandatory,X - Services
nom_183,2,XTRA - Transport,Mandatory,X - Services
nom_184,3,046+ - DRILL BITS,Mandatory,SIGN - NAIL OF SIGN material
nom_185,3,0600 - SET & INSTRUMENTS,Mandatory,SIGN - NAIL OF SIGN material
nom_186,3,063+ - SLOT FINDERS,Mandatory,SIGN - NAIL OF SIGN material
nom_187,3,064+ - GUIDES,Mandatory,SIGN - NAIL OF SIGN material
nom_188,3,1NTR - Introduction on boats,Mandatory,TBOA - Boats
nom_189,3,1NTR - Premliminary notes immunoglob./vaccines,Mandatory,DVAC - Vaccines
nom_190,3,A--- - Watsan assemblies,Mandatory,CWAT - Water And Sanitation
nom_191,3,AAAA - Custom fees,Mandatory,XCUS - Custom fees
nom_192,3,AAAA - Freight fees,Mandatory,XFRE - Freight
nom_193,3,AAAA - Generic Repairs,Mandatory,XREP - Repairs
nom_194,3,AAAA - Insurance fees,Mandatory,XINS - Insurance
nom_195,3,AAAA - Maintenance fees,Mandatory,XMAI - Maintenance
nom_196,3,AAAA - Taxes,Mandatory,XTAX - Taxes
nom_197,3,AAAA - Transport cost,Mandatory,XTRA - Transport
nom_198,3,ABCV - Abacavir,Mandatory,DORA - Oral Drugs
nom_199,3,ABLA - Abacavir / Lamivudine,Mandatory,DORA - Oral Drugs
nom_200,3,ABSS - Shock absorber for LAND ROVER,Mandatory,TXLA - Spare Parts Land Rover
nom_201,3,ABSS - Shock absorber for TOYOTA,Mandatory,TXTO - Spare Parts Toyota
nom_202,3,ACD4 - Analyser CD4,Mandatory,DDGT - Diagnostic tests
nom_203,3,ACD4 - Analyser CD4,Mandatory,SLAS - Laboratory Reagents
nom_204,3,ACD4 - CD4 PIMA,Mandatory,ELAE - Laboratory Equipment
nom_205,3,ACD4 - Checklist laboratory CD4 analyser,Mandatory,ILAB - Laboratory checklists
nom_206,3,ACEA - Acetic Acid,Mandatory,SLAS - Laboratory Reagents
nom_207,3,ACEO - Acetone,Mandatory,SLAS - Laboratory Reagents
nom_208,3,ACET - Acetazolamide,Mandatory,DORA - Oral Drugs
nom_209,3,ACIV - Aciclovir,Mandatory,DEXO - Ophtalmic Drugs For External Use
nom_210,3,ACIV - Aciclovir,Mandatory,DINJ - Injectable Drugs
nom_211,3,ACIV - Aciclovir,Mandatory,DORA - Oral Drugs
nom_212,3,ACPL - AC plug,Mandatory,PX-- - Spare parts
nom_213,3,ACRI - Acridine orange,Mandatory,SLAS - Laboratory Reagents
nom_214,3,ACSA - Acetyl Salicylic Acid,Mandatory,DORA - Oral Drugs
nom_215,3,ACTC - Action card,Mandatory,ALST - Logistic Stationery
nom_216,3,ADAC - Coaxial adaptor,Mandatory,PCOM - Communication
nom_217,3,ADAS - Adenosime Deaminase Assay,Mandatory,SLAS - Laboratory Reagents
nom_218,3,ADAS - Adenosine Deaminase Assay,Mandatory,DDGT - Diagnostic tests
nom_219,3,ADDI - Additive,Mandatory,TVEC - Vehicles Consumables
nom_220,3,"AIDB - AIDS, Book",Mandatory,L007 - Std - Aids
nom_221,3,"AIDB - AIDS, Book",Mandatory,L029 - Nursing - Infection Control
nom_222,3,AIDB - AIDS/HIV Book,Mandatory,L016 - Nutrition
nom_223,3,"AIDG - AIDS, Guide",Mandatory,L007 - Std - Aids
nom_224,3,"AIDG - AIDS, Guide",Mandatory,L028 - Health Of Expatriates
nom_225,3,AIDG - AIDS/HIV Guide,Mandatory,L016 - Nutrition
nom_226,3,AIRG - Airways Guedel,Mandatory,EANE - Anaesthesia
nom_227,3,ALBE - Albendazole,Mandatory,DORA - Oral Drugs
nom_228,3,ALBF - Artemeter / Lumefantrine,Mandatory,DORA - Oral Drugs
nom_229,3,ALCO - Alcohol-based hand rub,Mandatory,DEXT - Drugs External Use
nom_230,3,ALEK - Alen key,Mandatory,PTOO - Tools
nom_231,3,ALUM - Aluminium boat,Mandatory,TBOA - Boats
nom_232,3,ALUM - Aluminium Hydr. / Magnesium Trisil.,Mandatory,DORA - Oral Drugs
nom_233,3,AMDR - Dropping ampoule,Mandatory,ELAE - Laboratory Equipment
nom_234,3,AMIK - Amikacin,Mandatory,DINJ - Injectable Drugs
nom_235,3,AMIT - Amitriptyline,Mandatory,DORA - Oral Drugs
nom_236,3,AMNH - Amniohook,Mandatory,ESUR - Surgical Instruments
nom_237,3,AMNH - Amniohook,Mandatory,SMSU - Small Medical Supplies
nom_238,3,AMOC - Amoxycillin + Clavunanic acid,Mandatory,DINJ - Injectable Drugs
nom_239,3,AMOC - Amoxycillin + Clavunanic acid,Mandatory,DORA - Oral Drugs
nom_240,3,AMOO - Ammonium Oxalate,Mandatory,SLAS - Laboratory Reagents
nom_241,3,AMOX - Amoxycilline,Mandatory,DORA - Oral Drugs
nom_242,3,AMPH - Amphotericin B,Mandatory,DINJ - Injectable Drugs
nom_243,3,AMPH - Amphotericin B,Mandatory,SLAS - Laboratory Reagents
nom_244,3,AMPI - Ampicilline,Mandatory,DINJ - Injectable Drugs
nom_245,3,"ANAB - Anaesthesia, Book",Mandatory,L008 - Surgery-Anaesthesia-Dentistry-Physiotherapy-Transf
nom_246,3,ANAE - anaesthesia machine,Mandatory,EANE - Anaesthesia
nom_247,3,"ANAG - Anaesthesia, Guide",Mandatory,L008 - Surgery-Anaesthesia-Dentistry-Physiotherapy-Transf
nom_248,3,ANAL - ANALYSER,Mandatory,ELAE - Laboratory Equipment
nom_249,3,ANAL - Clinical chemistry analyzer,Mandatory,DDGT - Diagnostic tests
nom_250,3,ANCH - Anchor,Mandatory,TBOA - Boats
nom_251,3,ANHF - HF antenna,Mandatory,PCOM - Communication
nom_252,3,ANOD - Anode for YAMAHA,Mandatory,TXYA - Spare Parts Yamaha
nom_253,3,ANTA - Antenna accessories,Mandatory,PCOM - Communication
nom_254,3,"ANTB - Anthropology, Book",Mandatory,L023 - Anthropology
nom_255,3,ANTE - Antenna,Mandatory,PCOM - Communication
nom_256,3,ANTH - Anti Haemorroid,Mandatory,DEXT - Drugs External Use
nom_257,3,ANUH - UHF antenna,Mandatory,PCOM - Communication
nom_258,3,ANVH - VHF antenna,Mandatory,PCOM - Communication
nom_259,3,APAN - Antibiotic mixture PANTA,Mandatory,SLAS - Laboratory Reagents
nom_260,3,APBF - Atovaquone / Proguanil,Mandatory,DORA - Oral Drugs
nom_261,3,"APRF - X-ray protection apron, frontal",Mandatory,EDIM - Diagnostic Imaging equipment
nom_262,3,"APRO - Apron, complete",Mandatory,EDIM - Diagnostic Imaging equipment
nom_263,3,APRO - Protective apron,Mandatory,PSAF - Safety And Protective Equipment
nom_264,3,APRP - Apron,Mandatory,ELIN - Linen And Protective Clothing
nom_265,3,"APRS - Apron, Surgical",Mandatory,ELIN - Linen And Protective Clothing
nom_266,3,ARAC - Artesunate / amodiaquine (fdc),Mandatory,DORA - Oral Drugs
nom_267,3,"ARIB - Acute Respiratory Infections, Book",Mandatory,L010 - Paediatrics
nom_268,3,ARMB - Armband,Mandatory,PIDE - Identification
nom_269,3,ARTE - Artemeter,Mandatory,DINJ - Injectable Drugs
nom_270,3,ARTS - Artesunate,Mandatory,DEXT - Drugs External Use
nom_271,3,ARTS - Artesunate,Mandatory,DINJ - Injectable Drugs
nom_272,3,ASCA - Ascorbic Acid,Mandatory,DORA - Oral Drugs
nom_273,3,ASPB - Artesunate + sulfadoxine/pyrimethamine,Mandatory,DORA - Oral Drugs
nom_274,3,"ASSB - Assessment, Book",Mandatory,L020 - Emergencies - Disasters - Conflicts
nom_275,3,"ASSB - Assessment, Book",Mandatory,L025 - Health Services Management
nom_276,3,"ASSG - Assessment, guide",Mandatory,L020 - Emergencies - Disasters - Conflicts
nom_277,3,"ASSG - Assessment, Guide",Mandatory,L025 - Health Services Management
nom_278,3,ASTS - Antibiotic AST SIRE Kit,Mandatory,SLAS - Laboratory Reagents
nom_279,3,ATAZ - Atazanavir,Mandatory,DORA - Oral Drugs
nom_280,3,ATEN - Atenolol,Mandatory,DORA - Oral Drugs
nom_281,3,ATET - Antitoxin Tetanus,Mandatory,DVAC - Vaccines
nom_282,3,ATRB - Atracurium besilate,Mandatory,DINJ - Injectable Drugs
nom_283,3,ATRO - Atropine,Mandatory,DEXO - Ophtalmic Drugs For External Use
nom_284,3,ATRO - Atropine,Mandatory,DINJ - Injectable Drugs
nom_285,3,ATVR - Atazanavir / ritonavir,Mandatory,DORA - Oral Drugs
nom_286,3,AURA - Auramine,Mandatory,SLAS - Laboratory Reagents
nom_287,3,AUTO - Autoclave,Mandatory,ESTE - Sterilization
nom_288,3,AWLK - Awl of Küntscher,Mandatory,ESUR - Surgical Instruments
nom_289,3,AXEW - Axe,Mandatory,PTOO - Tools
nom_290,3,AZIT - Azithromycine,Mandatory,DORA - Oral Drugs
nom_291,3,BABD - Abdominal set,Mandatory,KSUR - Surgical Instruments Sets
nom_292,3,BABT - Blood Taking Bag,Mandatory,SINS - Injection Supplies
nom_293,3,"BACB - Bacterial infectious disease, Book",Mandatory,L004 - Bacterial Infectious Diseases
nom_294,3,BACI - Battery charger / inverter,Mandatory,PELE - Electricity
nom_295,3,BACK - Backpack,Mandatory,ALIF - Team Life
nom_296,3,BACO - Colostomy Bag,Mandatory,"SCTD - Catheters, Tubes And Drains"
nom_297,3,"BACS - Casting tape, synthetic",Mandatory,SDRE - Dressings
nom_298,3,BADG - Badge,Mandatory,PIDE - Identification
nom_299,3,BAES - Bandage Esmarch,Mandatory,EANE - Anaesthesia
nom_300,3,"BAGB - Bag, Body",Mandatory,SMSU - Small Medical Supplies
nom_301,3,BAGG - Gunny bag,Mandatory,PPAC - Packing And Handling
nom_302,3,BAGI - Isothermal bag,Mandatory,PPAC - Packing And Handling
nom_303,3,"BAGP - Bag, plastic",Mandatory,ELAE - Laboratory Equipment
nom_304,3,"BAGP - Bag, Plastic",Mandatory,SMSU - Small Medical Supplies
nom_305,3,BAGP - Plastic bag,Mandatory,PPAC - Packing And Handling
nom_306,3,"BAGR - Bag, refuse 'biohazard'",Mandatory,ELAE - Laboratory Equipment
nom_307,3,BAGR - Refuse bags,Mandatory,PHYG - Hygiene
nom_308,3,BAGS - Soft tool bag,Mandatory,PTOO - Tools
nom_309,3,BAGS - Soft tool bag,Mandatory,TVEA - Vehicles Accessories
nom_310,3,BAGT - Travel bag,Mandatory,PPAC - Packing And Handling
nom_311,3,BAGU - Urine Bag,Mandatory,"SCTD - Catheters, Tubes And Drains"
nom_312,3,BALA - Balance,Mandatory,PTOO - Tools
nom_313,3,"BALA - Balloon, Anaesthesia",Mandatory,EANE - Anaesthesia
nom_314,3,BALL - ball,Mandatory,EPSY - Equipment for psychological support
nom_315,3,BAMP - Amputation set,Mandatory,KSUR - Surgical Instruments Sets
nom_316,3,BANA - Adhesive Elastic Bandage,Mandatory,SDRE - Dressings
nom_317,3,BANC - Compression Bandage,Mandatory,SDRE - Dressings
nom_318,3,BAND - Band (Head-Band),Mandatory,EANE - Anaesthesia
nom_319,3,"BANE - Bandage, Elastic",Mandatory,SDRE - Dressings
nom_320,3,BANP - Plaster Of Paris Bandage,Mandatory,SDRE - Dressings
nom_321,3,BANT - Tubular Tricot Bandage,Mandatory,SDRE - Dressings
nom_322,3,BAPP - Balloon post-partum haemorrhage,Mandatory,"SCTD - Catheters, Tubes And Drains"
nom_323,3,BASK - Basket,Mandatory,ESTE - Sterilization
nom_324,3,BASK - Filing basket,Mandatory,ASTA - Stationery
nom_325,3,"BASL - KIT, BASIC LIBRARY",Mandatory,"KLIB - KIT, LIBRARY"
nom_326,3,"BASS - List, laboratory check list",Mandatory,ILAB - Laboratory checklists
nom_327,3,BATC - Battery charger,Mandatory,PELE - Electricity
nom_328,3,"BATH - Bath, water",Mandatory,ELAE - Laboratory Equipment
nom_329,3,BATM - Starter battery,Mandatory,PELE - Electricity
nom_330,3,BATS - Stationary battery,Mandatory,PELE - Electricity
nom_331,3,BATT - Battery,Mandatory,PELE - Electricity
nom_332,3,BBON - Bone set,Mandatory,KSUR - Surgical Instruments Sets
nom_333,3,BCES - Caesarean section set,Mandatory,KSUR - Surgical Instruments Sets
nom_334,3,BCLA - Clamp set,Mandatory,KSUR - Surgical Instruments Sets
nom_335,3,BCRA - Cranioclasty Craniotomy set,Mandatory,KSUR - Surgical Instruments Sets
nom_336,3,BCUR - Curetage set,Mandatory,KSUR - Surgical Instruments Sets
nom_337,3,BCVT - Cervico vaginal tear set,Mandatory,KSUR - Surgical Instruments Sets
nom_338,3,BDEL - Episiotomy Delivery set,Mandatory,KSUR - Surgical Instruments Sets
nom_339,3,"BDEN - Box, Dental",Mandatory,KSUD - Dental Instrument Box
nom_340,3,BDRE - Dressing set,Mandatory,KSUR - Surgical Instruments Sets
nom_341,3,"BEAG - Beaker, glass",Mandatory,ELAE - Laboratory Equipment
nom_342,3,BEAK - Beaker,Mandatory,CWAT - Water And Sanitation
nom_343,3,"BEAK - Beaker, plastic",Mandatory,ELAE - Laboratory Equipment
nom_344,3,BEAM - Beamer,Mandatory,AOFF - Office Equipment
nom_345,3,BEAN - Beans,Mandatory,AFOO - Food For Msf Staff
nom_346,3,BEAN - Beans,Mandatory,NFOO - Food Commodities
nom_347,3,BECL - Beclomethasone,Mandatory,DORA - Oral Drugs
nom_348,3,BEDC - Cholera bed,Mandatory,EHOE - Hospital Equipment
nom_349,3,BEDF - Foldable bed,Mandatory,AFUR - Furnitures
nom_350,3,BEDH - Hospital Bed,Mandatory,EHOE - Hospital Equipment
nom_351,3,BEDP - Bed Pan,Mandatory,EMEQ - Medical Equipment
nom_352,3,BEDR - Rigid bed,Mandatory,AFUR - Furnitures
nom_353,3,BEEF - Beef,Mandatory,AFOO - Food For Msf Staff
nom_354,3,BEFA - Fan belt,Mandatory,PX-- - Spare parts
nom_355,3,"BEGL - Beads, glass",Mandatory,ELAE - Laboratory Equipment
nom_356,3,BELT - Belt,Mandatory,PPAC - Packing And Handling
nom_357,3,BELT - Belt for LISTER engine,Mandatory,PXLI - Spare Parts Lister
nom_358,3,BELT - Towing belt,Mandatory,TVEA - Vehicles Accessories
nom_359,3,BEND - Benznidazole,Mandatory,DORA - Oral Drugs
nom_360,3,BENS - Benzoic Acid,Mandatory,DEXT - Drugs External Use
nom_361,3,BENU - Enucleation set,Mandatory,KSUR - Surgical Instruments Sets
nom_362,3,BENZ - Benzyl Benzaote,Mandatory,DEXT - Drugs External Use
nom_363,3,BFIX - Fixator External set,Mandatory,KSUR - Surgical Instruments Sets
nom_364,3,BFRA - Open fracture set,Mandatory,KSUR - Surgical Instruments Sets
nom_365,3,BHAE - Haemostatic dressing,Mandatory,SDRE - Dressings
nom_366,3,BIND - Binder,Mandatory,ASTA - Stationery
nom_367,3,BIOP - Skin snip biopsy set,Mandatory,SINS - Injection Supplies
nom_368,3,BIPE - Biperiden,Mandatory,DORA - Oral Drugs
nom_369,3,BISA - Bisacodyl,Mandatory,DORA - Oral Drugs
nom_370,3,BISC - Biscuits,Mandatory,AFOO - Food For Msf Staff
nom_371,3,BISC - Biscuits,Mandatory,NFOS - Specialized Food
nom_372,3,BITU - Bitumen,Mandatory,CBUI - Building
nom_373,3,BIUD - Intra Uterine Device set,Mandatory,KSUR - Surgical Instruments Sets
nom_374,3,BLAN - Blanket,Mandatory,CSHE - Shelters
nom_375,3,BLAN - Blanket,Mandatory,SMSU - Small Medical Supplies
nom_376,3,BLEO - Bleomycin,Mandatory,DINJ - Injectable Drugs
nom_377,3,BLOC - Blood Group Control Test,Mandatory,DDGT - Diagnostic tests
nom_378,3,BLOC - Concrete block,Mandatory,CBUI - Building
nom_379,3,BLOG - Blood Group Test,Mandatory,DDGT - Diagnostic tests
nom_380,3,"BLOR - Blood Group Test, Rhesus",Mandatory,DDGT - Diagnostic tests
nom_381,3,BLOS - Checklist laboratory blood samples,Mandatory,ILAB - Laboratory checklists
nom_382,3,BMVA - Manual Vacuum Aspiration set,Mandatory,KSUR - Surgical Instruments Sets
nom_383,3,BOAR - Board,Mandatory,ASTA - Stationery
nom_384,3,BOAR - Electrical board,Mandatory,PELE - Electricity
nom_385,3,"BOBP - Bottle Bijoux sterile, plastic",Mandatory,ELAE - Laboratory Equipment
nom_386,3,BOFI - Obstetric fistula set,Mandatory,KSUR - Surgical Instruments Sets
nom_387,3,"BOGS - Bottle, glass, srew",Mandatory,ELAE - Laboratory Equipment
nom_388,3,BOLB - Black bolt,Mandatory,PHDW - Hardware
nom_389,3,BOLC - Timber bolt,Mandatory,PHDW - Hardware
nom_390,3,BOLG - Galvanized bolt,Mandatory,PHDW - Hardware
nom_391,3,BOLT - Threaded bolt,Mandatory,PHDW - Hardware
nom_392,3,BOOA - Account book,Mandatory,ASTA - Stationery
nom_393,3,BOOC - Counterfoil book,Mandatory,ASTA - Stationery
nom_394,3,BOOE - Notebook,Mandatory,ASTA - Stationery
nom_395,3,BOOL - Leather boots,Mandatory,ALIF - Team Life
nom_396,3,BOOR - Rubber boots,Mandatory,ALIF - Team Life
nom_397,3,BOOR - Rubber boots,Mandatory,PHYG - Hygiene
nom_398,3,BOOS - Safety boots,Mandatory,PSAF - Safety And Protective Equipment
nom_399,3,BOOT - Boot remover,Mandatory,ALIF - Team Life
nom_400,3,BORE - Boreflow,Mandatory,CWAT - Water And Sanitation
nom_401,3,BOSU - Bosun chair,Mandatory,PSAF - Safety And Protective Equipment
nom_402,3,BOTD - Bottle,Mandatory,ELAE - Laboratory Equipment
nom_403,3,"BOTG - Bottle, glass, brown",Mandatory,ELAE - Laboratory Equipment
nom_404,3,BOTI - Isothermal bottle,Mandatory,ALIF - Team Life
nom_405,3,BOTL - Bottle,Mandatory,ALIF - Team Life
nom_406,3,"BOTP - Bottle, Plastic",Mandatory,EMEQ - Medical Equipment
nom_407,3,BOTW - Wash Bottle,Mandatory,ELAE - Laboratory Equipment
nom_408,3,BOWB - Bow of Boehler,Mandatory,ESUR - Surgical Instruments
nom_409,3,BOWK - Bow Of Kirschner,Mandatory,ESUR - Surgical Instruments
nom_410,3,BOWL - Bowl,Mandatory,PCOO - Cooking
nom_411,3,BOWL - Washing up bowl,Mandatory,PHYG - Hygiene
nom_412,3,"BOXA - Box, First Aid",Mandatory,EMEQ - Medical Equipment
nom_413,3,BOXC - Cold box,Mandatory,PCOL - Cold Chain
nom_414,3,BOXC - Cold box,Mandatory,PCOO - Cooking
nom_415,3,BOXD - Distribution box,Mandatory,PELE - Electricity
nom_416,3,BOXF - Flush box,Mandatory,PELE - Electricity
nom_417,3,BOXI - Isothermal box,Mandatory,PCOO - Cooking
nom_418,3,BOXI - Isothermal box,Mandatory,PPAC - Packing And Handling
nom_419,3,BOXJ - Junction box,Mandatory,PELE - Electricity
nom_420,3,BOXL - Box For Slides,Mandatory,ELAE - Laboratory Equipment
nom_421,3,"BOXP - Box, Plastic",Mandatory,SMSU - Small Medical Supplies
nom_422,3,BOXP - Pallet-box,Mandatory,PPAC - Packing And Handling
nom_423,3,BOXP - Plastic box,Mandatory,PCOO - Cooking
nom_424,3,BOXS - Box for index card,Mandatory,ASTA - Stationery
nom_425,3,BOXW - Wooden box,Mandatory,PPAC - Packing And Handling
nom_426,3,BPED - Paediatric instruments set,Mandatory,KSUR - Surgical Instruments Sets
nom_427,3,BPIN - Pins set,Mandatory,KSUR - Surgical Instruments Sets
nom_428,3,BRAB - Brachial bracelet,Mandatory,EANT - Anthropometric Equipment
nom_429,3,BRAG - DRILL BRACE,Mandatory,ESUF - Surgical Instruments For External Fixator
nom_430,3,BRAI - Identification Brace,Mandatory,SMSU - Small Medical Supplies
nom_431,3,BRCF - Breathing circuit filter,Mandatory,"SCTD - Catheters, Tubes And Drains"
nom_432,3,BREA - Circuit-breaker,Mandatory,PELE - Electricity
nom_433,3,BRIC - Brik,Mandatory,CBUI - Building
nom_434,3,BROO - Broom,Mandatory,PHYG - Hygiene
nom_435,3,BRUS - Brush,Mandatory,EMEQ - Medical Equipment
nom_436,3,BRUS - Brush,Mandatory,PHYG - Hygiene
nom_437,3,BRUS - Brush,Mandatory,PPAI - Paint
nom_438,3,BRUS - Brush,Mandatory,PTOO - Tools
nom_439,3,BRUS - Brush for cleaning tubes,Mandatory,ESTE - Sterilization
nom_440,3,BSCA - Biological safety cabinet,Mandatory,ELAE - Laboratory Equipment
nom_441,3,"BSTE - Basket, instruments f sterilization",Mandatory,ESUO - Ophtalmic Surgical Instruments
nom_442,3,"BSTE - Basket, instruments f sterilization",Mandatory,ESUR - Surgical Instruments
nom_443,3,BSUR - Basic Surgery set,Mandatory,KSUR - Surgical Instruments Sets
nom_444,3,BSUT - Suture Abcess set,Mandatory,KSUR - Surgical Instruments Sets
nom_445,3,BSVM - Blood sampling device Microtainer,Mandatory,ELAE - Laboratory Equipment
nom_446,3,BSVT - Blood sampling vacuum tubes,Mandatory,ELAE - Laboratory Equipment
nom_447,3,BSVV - Blood sampling device Vacutainer,Mandatory,ELAE - Laboratory Equipment
nom_448,3,BTNE - Elastic Tubular Net Bandage,Mandatory,SDRE - Dressings
nom_449,3,BTRA - Board for transfer,Mandatory,EHOE - Hospital Equipment
nom_450,3,BTRA - Tracheo set,Mandatory,KSUR - Surgical Instruments Sets
nom_451,3,BTRE - Trepanation set,Mandatory,KSUR - Surgical Instruments Sets
nom_452,3,BTRN - Traction set,Mandatory,KSUR - Surgical Instruments Sets
nom_453,3,BUCK - Bucket,Mandatory,CWAT - Water And Sanitation
nom_454,3,BUCK - Bucket,Mandatory,PCOO - Cooking
nom_455,3,BUCK - Bucket,Mandatory,PHYG - Hygiene
nom_456,3,BUFF - Buffer Ph=7,Mandatory,SLAS - Laboratory Reagents
nom_457,3,BUFF - Buffer solution,Mandatory,CWAT - Water And Sanitation
nom_458,3,"BUIB - Building, book",Mandatory,L043 - Building - Shelters
nom_459,3,"BUIG - Building, guide",Mandatory,L043 - Building - Shelters
nom_460,3,BULB - Bulb,Mandatory,PLIG - Lighting
nom_461,3,BULB - Bulb,Mandatory,TVEC - Vehicles Consumables
nom_462,3,BUNB - Bunsen burner,Mandatory,ELAE - Laboratory Equipment
nom_463,3,BUNG - Bungee,Mandatory,TVEA - Vehicles Accessories
nom_464,3,BUPI - Bupivacaine,Mandatory,DINJ - Injectable Drugs
nom_465,3,BURN - Burner,Mandatory,ESTE - Sterilization
nom_466,3,BURN - Burner,Mandatory,PCOL - Cold Chain
nom_467,3,CABA - Accelerator cable for YAMAHA,Mandatory,TXYA - Spare Parts Yamaha
nom_468,3,"CABA - Coaxial cable, Aircell",Mandatory,PCOM - Communication
nom_469,3,CABA - Earth cable,Mandatory,PELE - Electricity
nom_470,3,CABD - Adapter cable,Mandatory,PELE - Electricity
nom_471,3,CABE - Extension cable,Mandatory,PELE - Electricity
nom_472,3,CABG - Cabergoline,Mandatory,DORA - Oral Drugs
nom_473,3,CABI - Cabinet,Mandatory,EHOE - Hospital Equipment
nom_474,3,CABL - Cable,Mandatory,TVEA - Vehicles Accessories
nom_475,3,CABL - Cable,Mandatory,TVEM - Vehicles Modifications
nom_476,3,"CABL - Coaxial cable, RG",Mandatory,PCOM - Communication
nom_477,3,CABL - Data processing cable,Mandatory,ADAP - Data Processing
nom_478,3,CABL - Data processing cable,Mandatory,ADAP - Data Processing
nom_479,3,CABL - Electric cable,Mandatory,PELE - Electricity
nom_480,3,CABL - Steel cable,Mandatory,PHDW - Hardware
nom_481,3,CABT - Towing cable,Mandatory,PHDW - Hardware
nom_482,3,"CADH - Cap, Hood",Mandatory,ELIN - Linen And Protective Clothing
nom_483,3,"CADS - CAP, DRESSING, SURGICAL",Mandatory,ELIN - Linen And Protective Clothing
nom_484,3,CAFC - Caffeine citrate,Mandatory,DINJ - Injectable Drugs
nom_485,3,CAHO - X-ray film cassette holder,Mandatory,EDIM - Diagnostic Imaging equipment
nom_486,3,CALA - Calamine,Mandatory,DEXT - Drugs External Use
nom_487,3,CALC - Calcium carbonate,Mandatory,DORA - Oral Drugs
nom_488,3,CALC - Calculator,Mandatory,AOFF - Office Equipment
nom_489,3,CALG - Calcium Gluconate,Mandatory,DINJ - Injectable Drugs
nom_490,3,CAME - Camera,Mandatory,AOFF - Office Equipment
nom_491,3,CAND - Candle,Mandatory,ALIF - Team Life
nom_492,3,"CANN - Cannula, nasal",Mandatory,"SCTD - Catheters, Tubes And Drains"
nom_493,3,CAPB - Baseball cap,Mandatory,PSAF - Safety And Protective Equipment
nom_494,3,CAPD - Dust protection cap,Mandatory,PSAF - Safety And Protective Equipment
nom_495,3,CAPO - Capnograph + oxymeter,Mandatory,EANE - Anaesthesia
nom_496,3,CAPR - Capreomycin,Mandatory,DINJ - Injectable Drugs
nom_497,3,CARA - Carabiner,Mandatory,PSAF - Safety And Protective Equipment
nom_498,3,"CARA - Card, anaesthesia",Mandatory,SMST - Medical Stationery
nom_499,3,CARB - Carbamazepine,Mandatory,DORA - Oral Drugs
nom_500,3,CARB - Spare parts for YAMAHA carburator,Mandatory,TXYA - Spare Parts Yamaha
nom_501,3,CARD - Card,Mandatory,ASTA - Stationery
nom_502,3,CARD - Card,Mandatory,SMST - Medical Stationery
nom_503,3,CARD - Cardboard box,Mandatory,PPAC - Packing And Handling
nom_504,3,"CARI - CARD, immunization",Mandatory,SMST - Medical Stationery
nom_505,3,"CARN - Card, nutrition",Mandatory,SMST - Medical Stationery
nom_506,3,"CARO - Card, obstetrics",Mandatory,SMST - Medical Stationery
nom_507,3,CARO - Carots,Mandatory,AFOO - Food For Msf Staff
nom_508,3,CARR - Cardboard box for regulated transport,Mandatory,PPAC - Packing And Handling
nom_509,3,CART - Printer cartridge,Mandatory,ADAP - Data Processing
nom_510,3,CASC - Cassettes + screen,Mandatory,EDIM - Diagnostic Imaging equipment
nom_511,3,CASD - Digital imaging cassette,Mandatory,EDIM - Diagnostic Imaging equipment
nom_512,3,CASE - Case,Mandatory,PPAC - Packing And Handling
nom_513,3,CASP - Suprapubic catheter,Mandatory,"SCTD - Catheters, Tubes And Drains"
nom_514,3,CASS - Cassava,Mandatory,NFOO - Food Commodities
nom_515,3,CASS - Cassoulet,Mandatory,AFOO - Food For Msf Staff
nom_516,3,CATG - ITC catalogues,Mandatory,L045 - Catalogues & Order Lists
nom_517,3,CATM - Catheter mount,Mandatory,EANE - Anaesthesia
nom_518,3,CATU - Uretheral Catheter,Mandatory,"SCTD - Catheters, Tubes And Drains"
nom_519,3,"CAUN - CATHETER URINARY, Nelaton type",Mandatory,"SCTD - Catheters, Tubes And Drains"
nom_520,3,CAUR - Urinary Catheter,Mandatory,"SCTD - Catheters, Tubes And Drains"
nom_521,3,"CCOL - Collar, cervical",Mandatory,EMEQ - Medical Equipment
nom_522,3,CCRO - Cold room,Mandatory,PCOL - Cold Chain
nom_523,3,CEFA - Cefazolin,Mandatory,DINJ - Injectable Drugs
nom_524,3,CEFI - Cefixime,Mandatory,DORA - Oral Drugs
nom_525,3,CEFL - Ceftriaxone + lidocaine,Mandatory,DINJ - Injectable Drugs
nom_526,3,CEFO - Cefotaxime,Mandatory,DINJ - Injectable Drugs
nom_527,3,CEFT - Ceftriaxone,Mandatory,DINJ - Injectable Drugs
nom_528,3,CEME - Cement,Mandatory,CBUI - Building
nom_529,3,CENT - Centrifuge,Mandatory,ELAE - Laboratory Equipment
nom_530,3,CERM - Medical certificate,Mandatory,SMST - Medical Stationery
nom_531,3,CERT - Donation certificate,Mandatory,ALST - Logistic Stationery
nom_532,3,CERV - Cervix examination,Mandatory,ETMA - Training Mannequins
nom_533,3,"CFLW - Compact fluorescent bulb, white",Mandatory,PLIG - Lighting
nom_534,3,"CFLY - Compact fluorescent bulb, yellow",Mandatory,PLIG - Lighting
nom_535,3,"CHAB - Chagas Disease, Book",Mandatory,L006 - Parasitic Infectious Diseases
nom_536,3,CHAI - Chain,Mandatory,PHDW - Hardware
nom_537,3,CHAI - Chains,Mandatory,TVEA - Vehicles Accessories
nom_538,3,CHAI - Chair,Mandatory,AFUR - Furnitures
nom_539,3,CHAL - Chalk,Mandatory,ASTA - Stationery
nom_540,3,CHAR - Charcoal activated,Mandatory,DORA - Oral Drugs
nom_541,3,CHEC - Checklist hygiene,Mandatory,PHYG - Hygiene
nom_542,3,CHEE - Cheese,Mandatory,AFOO - Food For Msf Staff
nom_543,3,CHIM - Chimney,Mandatory,CBUI - Building
nom_544,3,CHIS - Chisel,Mandatory,PTOO - Tools
nom_545,3,"CHIS - Chisel, Stille",Mandatory,ESUR - Surgical Instruments
nom_546,3,CHLH - Chlorhexidine,Mandatory,DEXT - Drugs External Use
nom_547,3,CHLM - Chlorpromazine,Mandatory,DINJ - Injectable Drugs
nom_548,3,CHLM - Chlorpromazine,Mandatory,DORA - Oral Drugs
nom_549,3,CHLO - Chloramphenicol,Mandatory,DEXO - Ophtalmic Drugs For External Use
nom_550,3,CHLO - Chloramphenicol,Mandatory,DINJ - Injectable Drugs
nom_551,3,CHLO - Chloramphenicol,Mandatory,DORA - Oral Drugs
nom_552,3,CHLO - Chlorine,Mandatory,CWAT - Water And Sanitation
nom_553,3,CHLP - Chlorpheniramine,Mandatory,DORA - Oral Drugs
nom_554,3,CHLQ - Chloroquine,Mandatory,DORA - Oral Drugs
nom_555,3,"CHOB - Cholera, Book",Mandatory,L004 - Bacterial Infectious Diseases
nom_556,3,CHOC - Chocolate,Mandatory,AFOO - Food For Msf Staff
nom_557,3,"CHOG - Cholera, Guide",Mandatory,L004 - Bacterial Infectious Diseases
nom_558,3,CHOL - Cholera rapid test,Mandatory,DDGT - Diagnostic tests
nom_559,3,"CHWB - Community Health Worker, Book",Mandatory,L022 - Community Health
nom_560,3,"CHWD - Community Health Worker, Digital Media",Mandatory,L022 - Community Health
nom_561,3,CIME - Cimetidine,Mandatory,DORA - Oral Drugs
nom_562,3,CIPR - Ciprofloxacin,Mandatory,DEXT - Drugs External Use
nom_563,3,CIPR - Ciprofloxacin,Mandatory,DORA - Oral Drugs
nom_564,3,CLAG - CLUSTER CLAMP,Mandatory,ESUF - Surgical Instruments For External Fixator
nom_565,3,CLAM - Cable clamp,Mandatory,PHDW - Hardware
nom_566,3,CLAM - Clamp,Mandatory,PTOO - Tools
nom_567,3,CLAM - Clamp,Mandatory,TVEA - Vehicles Accessories
nom_568,3,CLAM - Clamp,Mandatory,TVEM - Vehicles Modifications
nom_569,3,CLAM - Clamp for cable,Mandatory,PELE - Electricity
nom_570,3,CLAR - Clarithromycine,Mandatory,DORA - Oral Drugs
nom_571,3,"CLBD - Clamp, Bull Dog, Bakey",Mandatory,ESUR - Surgical Instruments
nom_572,3,"CLCD - Clamp, Cardiovascular, DeBakey",Mandatory,ESUR - Surgical Instruments
nom_573,3,CLEC - Cleaning cloth,Mandatory,PTOO - Tools
nom_574,3,"CLIB - Clinical, Book",Mandatory,L002 - Internal Medicine
nom_575,3,"CLIG - Clinical, Guide",Mandatory,L002 - Internal Medicine
nom_576,3,CLIN - Clindamycin,Mandatory,DINJ - Injectable Drugs
nom_577,3,CLIN - Clindamycin,Mandatory,DORA - Oral Drugs
nom_578,3,CLIP - Paper clips,Mandatory,ASTA - Stationery
nom_579,3,CLOC - Alarm clock,Mandatory,ALIF - Team Life
nom_580,3,CLOC - Wall clock,Mandatory,AFUR - Furnitures
nom_581,3,CLOF - Clofazimine,Mandatory,DORA - Oral Drugs
nom_582,3,CLOG - CLOGS,Mandatory,ELIN - Linen And Protective Clothing
nom_583,3,CLOM - Clomipramide,Mandatory,DORA - Oral Drugs
nom_584,3,CLOO - Vinyl table cloth,Mandatory,PHYG - Hygiene
nom_585,3,CLOT - Cloth,Mandatory,PHYG - Hygiene
nom_586,3,CLOT - Clotrimazole,Mandatory,DEXT - Drugs External Use
nom_587,3,CLOT - Emery cloth,Mandatory,PTOO - Tools
nom_588,3,CLOX - Cloxacilline,Mandatory,DINJ - Injectable Drugs
nom_589,3,CLOX - Cloxacilline,Mandatory,DORA - Oral Drugs
nom_590,3,CLTB - Towel Clamp Of Backhaus,Mandatory,ESUR - Surgical Instruments
nom_591,3,COAG - Coagulant,Mandatory,CWAT - Water And Sanitation
nom_592,3,COAG - Coagulator,Mandatory,ELAE - Laboratory Equipment
nom_593,3,COAH - COAT HANGER,Mandatory,EDIM - Diagnostic Imaging equipment
nom_594,3,COAP - Coat peg,Mandatory,PHYG - Hygiene
nom_595,3,COAW - White Coat,Mandatory,ELIN - Linen And Protective Clothing
nom_596,3,COCF - Counting Chamber Fuch-Rosenthal,Mandatory,ELAE - Laboratory Equipment
nom_597,3,COCK - Counting Chamber Kovaslide,Mandatory,ELAE - Laboratory Equipment
nom_598,3,COCN - Counting Chamber Neubauer,Mandatory,ELAE - Laboratory Equipment
nom_599,3,COCU - Desktop computer,Mandatory,ADAP - Data Processing
nom_600,3,COCU - Desktop computer,Mandatory,EDIM - Diagnostic Imaging equipment
nom_601,3,CODE - Codeine,Mandatory,DORA - Oral Drugs
nom_602,3,COFF - Coffe,Mandatory,AFOO - Food For Msf Staff
nom_603,3,COFM - Coffee machine,Mandatory,ALIF - Team Life
nom_604,3,COFP - Coffee pot,Mandatory,PCOO - Cooking
nom_605,3,COLA - Collar,Mandatory,ALIF - Team Life
nom_606,3,COLA - Laptop computer,Mandatory,ADAP - Data Processing
nom_607,3,COLB - COLD CHAIN book,Mandatory,L040 - Logistics
nom_608,3,"COLB - Cold Chain, Book",Mandatory,L015 - Immunization - Cold Chain
nom_609,3,COLC - Colecalciferol (Vit D3),Mandatory,DORA - Oral Drugs
nom_610,3,COLG - COLD CHAIN GUIDELINE,Mandatory,L040 - Logistics
nom_611,3,"COLG - Cold Chain, Guide",Mandatory,L015 - Immunization - Cold Chain
nom_612,3,COLL - Radiation shielding collar,Mandatory,EDIM - Diagnostic Imaging equipment
nom_613,3,"COMN - Compress, non woven",Mandatory,SDRE - Dressings
nom_614,3,COMP - Compass,Mandatory,ALIF - Team Life
nom_615,3,COMP - Compress,Mandatory,SDRE - Dressings
nom_616,3,COMP - Compressor,Mandatory,PTOO - Tools
nom_617,3,CONC - Coaxial connector,Mandatory,PCOM - Communication
nom_618,3,CONC - Concentrator,Mandatory,EHOE - Hospital Equipment
nom_619,3,COND - Cable conduit,Mandatory,PELE - Electricity
nom_620,3,COND - Lubricated Condom,Mandatory,SMSU - Small Medical Supplies
nom_621,3,CONG - CONNECTION,Mandatory,ESUF - Surgical Instruments For External Fixator
nom_622,3,CONM - Conductivity meter,Mandatory,CWAT - Water And Sanitation
nom_623,3,CONN - Connecting bar,Mandatory,PELE - Electricity
nom_624,3,CONN - Connection,Mandatory,"SCTD - Catheters, Tubes And Drains"
nom_625,3,CONN - Connector,Mandatory,TVEA - Vehicles Accessories
nom_626,3,CONP - Container protection,Mandatory,ELAE - Laboratory Equipment
nom_627,3,CONT - Container,Mandatory,CSEM - Semipermanent Shelter
nom_628,3,CONT - Container,Mandatory,CWAT - Water And Sanitation
nom_629,3,CONT - Container,Mandatory,ELAE - Laboratory Equipment
nom_630,3,CONT - Container,Mandatory,PPAC - Packing And Handling
nom_631,3,CONT - Container,Mandatory,SINS - Injection Supplies
nom_632,3,CONT - Temperature monitor,Mandatory,PCOL - Cold Chain
nom_633,3,CONV - Converter DC/DC,Mandatory,PELE - Electricity
nom_634,3,COOK - Cooker,Mandatory,ALIF - Team Life
nom_635,3,COOP - Cooking pot,Mandatory,PCOO - Cooking
nom_636,3,CORD - Grommet,Mandatory,PELE - Electricity
nom_637,3,CORS - Corkscrew,Mandatory,PCOO - Cooking
nom_638,3,COTR - Cotrimoxazole,Mandatory,DINJ - Injectable Drugs
nom_639,3,COTR - Cotrimoxazole,Mandatory,DORA - Oral Drugs
nom_640,3,COTW - Cotton Roll,Mandatory,SDRE - Dressings
nom_641,3,COUA - Adapter coupling,Mandatory,CWAT - Water And Sanitation
nom_642,3,COUB - Bend coupling,Mandatory,CWAT - Water And Sanitation
nom_643,3,"COUB - Counselling, Book",Mandatory,L007 - Std - Aids
nom_644,3,"COUB - Counselling, book",Mandatory,L027 - Mental Health
nom_645,3,COUC - Band clip,Mandatory,CWAT - Water And Sanitation
nom_646,3,COUE - Elbow coupling,Mandatory,CWAT - Water And Sanitation
nom_647,3,COUF - Flange coupling,Mandatory,CWAT - Water And Sanitation
nom_648,3,"COUG - Counselling, Guide",Mandatory,L007 - Std - Aids
nom_649,3,"COUG - Counselling, Guide",Mandatory,L027 - Mental Health
nom_650,3,COUH - Symmetrical half coupling,Mandatory,CWAT - Water And Sanitation
nom_651,3,COUI - Spherical coupling,Mandatory,CWAT - Water And Sanitation
nom_652,3,COUM - Coupler,Mandatory,PTOO - Tools
nom_653,3,COUN - Counter,Mandatory,ALIF - Team Life
nom_654,3,COUN - Counter,Mandatory,ELAE - Laboratory Equipment
nom_655,3,COUN - Hour counter,Mandatory,PELE - Electricity
nom_656,3,COUN - Hour counter,Mandatory,TVEC - Vehicles Consumables
nom_657,3,COUN - Nipple coupling,Mandatory,CWAT - Water And Sanitation
nom_658,3,COUP - Plug / cap,Mandatory,CWAT - Water And Sanitation
nom_659,3,COUR - Reducer coupling,Mandatory,CWAT - Water And Sanitation
nom_660,3,COUS - Couscous,Mandatory,AFOO - Food For Msf Staff
nom_661,3,COUS - Socket coupling,Mandatory,CWAT - Water And Sanitation
nom_662,3,COUT - T-coupling,Mandatory,CWAT - Water And Sanitation
nom_663,3,COUU - Union coupling,Mandatory,CWAT - Water And Sanitation
nom_664,3,COUV - Non-return valve,Mandatory,CWAT - Water And Sanitation
nom_665,3,COUY - Y-coupling,Mandatory,CWAT - Water And Sanitation
nom_666,3,COVG - Cover glass,Mandatory,ELAE - Laboratory Equipment
nom_667,3,CPCL - CETYLPIRIDINIUM CHLORIDE (CPC),Mandatory,SLAS - Laboratory Reagents
nom_668,3,CRAB - Cranioclast Of Braun,Mandatory,ESUR - Surgical Instruments
nom_669,3,CRAB - Crowbar,Mandatory,PTOO - Tools
nom_670,3,CREB - Cresyl Blue Shining,Mandatory,SLAS - Laboratory Reagents
nom_671,3,CRES - Sun cream,Mandatory,ALIF - Team Life
nom_672,3,CRRE - CR Reader,Mandatory,EDIM - Diagnostic Imaging equipment
nom_673,3,CRYP - Cryptococcus test,Mandatory,DDGT - Diagnostic tests
nom_674,3,"CUBV - Curette, Volkman",Mandatory,ESUR - Surgical Instruments
nom_675,3,CUEV - Curette for Evisceration,Mandatory,ESUO - Ophtalmic Surgical Instruments
nom_676,3,CUFF - Cuff,Mandatory,EMEQ - Medical Equipment
nom_677,3,CUPB - Cupboard,Mandatory,AFUR - Furnitures
nom_678,3,CUPP - Cup,Mandatory,PCOO - Cooking
nom_679,3,CURG - Curette of Gracey,Mandatory,ESUD - Dental Surgical Instruments
nom_680,3,CURH - Curette of Hemingway,Mandatory,ESUD - Dental Surgical Instruments
nom_681,3,"CUSG - CUSHION, gel",Mandatory,EHOE - Hospital Equipment
nom_682,3,CUTT - Cutter,Mandatory,PTOO - Tools
nom_683,3,CWAT - CHECKLIST for watsan kits,Mandatory,LEAF - Leaflets
nom_684,3,CYCL - Cycloserine,Mandatory,DORA - Oral Drugs
nom_685,3,CYFC - Cyflow counter,Mandatory,ELAE - Laboratory Equipment
nom_686,3,CYFC - Cyflow counter,Mandatory,SLAS - Laboratory Reagents
nom_687,3,"CYLG - Cylinder, measuring, glass",Mandatory,ELAE - Laboratory Equipment
nom_688,3,"CYLM - Measuring cylinder, plastic",Mandatory,ELAE - Laboratory Equipment
nom_689,3,DAPS - Dapsone,Mandatory,DORA - Oral Drugs
nom_690,3,DARU - Darunavir,Mandatory,DORA - Oral Drugs
nom_691,3,DATR - Temperature data recorder,Mandatory,PCOL - Cold Chain
nom_692,3,DATT - Direct agglutination test,Mandatory,DDGT - Diagnostic tests
nom_693,3,DBOT - Drainage bottle,Mandatory,EMEQ - Medical Equipment
nom_694,3,DCDR - CD-R,Mandatory,ADAP - Data Processing
nom_695,3,DCDW - CD-RW,Mandatory,ADAP - Data Processing
nom_696,3,DDMY - Digestion / decontamination kit,Mandatory,SLAS - Laboratory Reagents
nom_697,3,DEAB - Death guide,Mandatory,L020 - Emergencies - Disasters - Conflicts
nom_698,3,DEET - D.E.E.T.,Mandatory,DEXT - Drugs External Use
nom_699,3,DEFI - Defibrillator,Mandatory,EHOE - Hospital Equipment
nom_700,3,DELI - Delivery,Mandatory,ETMA - Training Mannequins
nom_701,3,DELI - Delivery,Mandatory,ETPO - Training Posters
nom_702,3,"DENB - Dengue, Book",Mandatory,L003 - Viral Infectious Diseases
nom_703,3,DENG - Dengue rapid test,Mandatory,DDGT - Diagnostic tests
nom_704,3,"DENG - Dengue, Guide",Mandatory,L003 - Viral Infectious Diseases
nom_705,3,DEPT - Tongue Depressor,Mandatory,SMSU - Small Medical Supplies
nom_706,3,"DERB - Dermatology, Book",Mandatory,L011 - Ophthalmology - Dermatology
nom_707,3,"DERE - Dermatome, electric",Mandatory,EHOE - Hospital Equipment
nom_708,3,DERH - Dermatome of Humby,Mandatory,ESUR - Surgical Instruments
nom_709,3,DERW - Dermatome of Watson,Mandatory,ESUR - Surgical Instruments
nom_710,3,DESK - Desk,Mandatory,AFUR - Furnitures
nom_711,3,DESO - Desogestrel,Mandatory,DORA - Oral Drugs
nom_712,3,DESS - Dessicant,Mandatory,SLAS - Laboratory Reagents
nom_713,3,DETA - Detergent with ammoniac,Mandatory,PHYG - Hygiene
nom_714,3,"DETB - Dentistry, book",Mandatory,L008 - Surgery-Anaesthesia-Dentistry-Physiotherapy-Transf
nom_715,3,DETD - Detergent powder,Mandatory,PHYG - Hygiene
nom_716,3,"DEVB - Development, Book",Mandatory,L073 - Humanitarian Assistance - Interventions
nom_717,3,DEVE - Developer X-Ray,Mandatory,SDIM - Diagnostic imaging supplies
nom_718,3,DEXA - Dexamethazone,Mandatory,DINJ - Injectable Drugs
nom_719,3,DEXN - Dexamethasone + neomycine,Mandatory,DEXO - Ophtalmic Drugs For External Use
nom_720,3,DEXT - Dextrose,Mandatory,DINF - Infusions
nom_721,3,DHAP - Dihydroartemisinin / piperaquine,Mandatory,DORA - Oral Drugs
nom_722,3,"DIAB - Diarrhoea, Book",Mandatory,L002 - Internal Medicine
nom_723,3,"DIAB - Diarrhoea, Book",Mandatory,L010 - Paediatrics
nom_724,3,DIAG - Checklist laboratory diagnosis,Mandatory,ILAB - Laboratory checklists
nom_725,3,DIAZ - Diazepam,Mandatory,DINJ - Injectable Drugs
nom_726,3,DIAZ - Diazepam,Mandatory,DORA - Oral Drugs
nom_727,3,"DICB - Dictionary, Book",Mandatory,L077 - Languages
nom_728,3,"DICB - Dictionnary, Medical terms, Book",Mandatory,L001 - Medicine General Information
nom_729,3,"DICG - Dictionary, Guide",Mandatory,L077 - Languages
nom_730,3,DICL - Diclofenac,Mandatory,DINJ - Injectable Drugs
nom_731,3,DIDA - Didanosine,Mandatory,DORA - Oral Drugs
nom_732,3,DIES - Diesel,Mandatory,TVEC - Vehicles Consumables
nom_733,3,DIET - Diethylcarbamazine,Mandatory,DORA - Oral Drugs
nom_734,3,DIGB - Digging bar,Mandatory,PTOO - Tools
nom_735,3,DIGO - Digoxine,Mandatory,DINJ - Injectable Drugs
nom_736,3,DIGO - Digoxine,Mandatory,DORA - Oral Drugs
nom_737,3,"DILL - Dilatator, Laborde, Tracheal",Mandatory,ESUR - Surgical Instruments
nom_738,3,DIMD - Diagnostic Imaging Digital Media,Mandatory,L012 - Radiology - Medical Imaging
nom_739,3,DINO - Dinoprostone,Mandatory,DEXT - Drugs External Use
nom_740,3,"DIPG - Diphteria, Guide",Mandatory,L004 - Bacterial Infectious Diseases
nom_741,3,DIPM - Dipmeter,Mandatory,CWAT - Water And Sanitation
nom_742,3,DIRE - Director,Mandatory,ESUR - Surgical Instruments
nom_743,3,DIRE - Directory,Mandatory,ASTA - Stationery
nom_744,3,"DISO - Dissector, Olivercrona",Mandatory,ESUR - Surgical Instruments
nom_745,3,DIST - Distiller,Mandatory,ELAE - Laboratory Equipment
nom_746,3,"DIUH - Dilator, Uterine, Hegar",Mandatory,ESUR - Surgical Instruments
nom_747,3,DIVI - Divider,Mandatory,ASTA - Stationery
nom_748,3,DIVR - Diving rod,Mandatory,CWAT - Water And Sanitation
nom_749,3,DMAT - Door mat,Mandatory,PHYG - Hygiene
nom_750,3,DMSO - Dimethyl sulfoxide,Mandatory,SLAS - Laboratory Reagents
nom_751,3,DOLL - Doll,Mandatory,EPSY - Equipment for psychological support
nom_752,3,DOOF - Door frame,Mandatory,CBUI - Building
nom_753,3,DOOR - Door,Mandatory,CBUI - Building
nom_754,3,DOPA - Dopamine,Mandatory,DINJ - Injectable Drugs
nom_755,3,DOSP - Dosing pump,Mandatory,CWAT - Water And Sanitation
nom_756,3,DOXY - Doxycycline,Mandatory,DORA - Oral Drugs
nom_757,3,DRAD - Drain Of Delbet,Mandatory,"SCTD - Catheters, Tubes And Drains"
nom_758,3,DRAK - Drain plug spanner,Mandatory,PTOO - Tools
nom_759,3,DRAP - Drain Of Penrose,Mandatory,"SCTD - Catheters, Tubes And Drains"
nom_760,3,DRAS - Champ chirurgical,Mandatory,ELIN - Linen And Protective Clothing
nom_761,3,DRAT - Thoracic Drainage,Mandatory,"SCTD - Catheters, Tubes And Drains"
nom_762,3,DRAW - DRAWSHEET,Mandatory,ELIN - Linen And Protective Clothing
nom_763,3,DRIB - Drill bit,Mandatory,PTOO - Tools
nom_764,3,"DRIH - Drill, Hudson",Mandatory,ESUR - Surgical Instruments
nom_765,3,DRIL - Drill,Mandatory,ESUR - Surgical Instruments
nom_766,3,DRIL - Drill,Mandatory,PTOO - Tools
nom_767,3,DRIV - CORDLESS DRIVER,Mandatory,STRY - Stryker
nom_768,3,DRSS - Surgical drape single use,Mandatory,ELIN - Linen And Protective Clothing
nom_769,3,DRTT - Drain + Thoracic Trocard,Mandatory,"SCTD - Catheters, Tubes And Drains"
nom_770,3,"DRTV - Drain + Thoracic Trocard, Valve",Mandatory,"SCTD - Catheters, Tubes And Drains"
nom_771,3,"DRUB - Drugs for AIDS and STD, Book",Mandatory,L007 - Std - Aids
nom_772,3,"DRUB - Drugs, Book",Mandatory,L014 - Pharmacology
nom_773,3,"DRUB - Drugs, Book",Mandatory,L026 - Drugs Management
nom_774,3,"DRUD - Drugs, DVD",Mandatory,L014 - Pharmacology
nom_775,3,"DRUG - Drugs, Guide",Mandatory,L007 - Std - Aids
nom_776,3,"DRUG - Drugs, Guide",Mandatory,L014 - Pharmacology
nom_777,3,"DRUG - Drugs, Guide",Mandatory,L026 - Drugs Management
nom_778,3,DRYE - Tumble-dryer,Mandatory,PHYG - Hygiene
nom_779,3,DRYM - Dehydrated meal,Mandatory,AFOO - Food For Msf Staff
nom_780,3,DUCK - Duck,Mandatory,AFOO - Food For Msf Staff
nom_781,3,DUPL - Duplicator,Mandatory,AOFF - Office Equipment
nom_782,3,DUST - Duster,Mandatory,CWAT - Water And Sanitation
nom_783,3,"DVDR - DVD, recordable",Mandatory,ADAP - Data Processing
nom_784,3,DYNA - Dynabeads agitator,Mandatory,ELAE - Laboratory Equipment
nom_785,3,DYNB - Dynabeads,Mandatory,SLAS - Laboratory Reagents
nom_786,3,DYNM - Dynabeads magnet,Mandatory,ELAE - Laboratory Equipment
nom_787,3,ECGR - E.C.G.,Mandatory,EHOE - Hospital Equipment
nom_788,3,ECOG - Ecology Guide,Mandatory,L040 - Logistics
nom_789,3,EFAV - Efavirenz,Mandatory,DORA - Oral Drugs
nom_790,3,EFLO - Eflornithine,Mandatory,DINJ - Injectable Drugs
nom_791,3,EFPU - Enteral feeding pump,Mandatory,EHOE - Hospital Equipment
nom_792,3,ELEV - Elevator,Mandatory,ESUD - Dental Surgical Instruments
nom_793,3,ELSU - Electro Surgical Unit,Mandatory,EHOE - Hospital Equipment
nom_794,3,"EMEB - Emergency, Book",Mandatory,L020 - Emergencies - Disasters - Conflicts
nom_795,3,EMED - Emergencies CDRom,Mandatory,L020 - Emergencies - Disasters - Conflicts
nom_796,3,"EMEG - Emergency, Guide",Mandatory,L020 - Emergencies - Disasters - Conflicts
nom_797,3,"EMER - KIT, EMERGENCY LIBRARY",Mandatory,"KLIB - KIT, LIBRARY"
nom_798,3,ENAL - Enalapril,Mandatory,DORA - Oral Drugs
nom_799,3,ENEB - Energy book,Mandatory,L048 - Energy
nom_800,3,ENEG - Energy guide,Mandatory,L048 - Energy
nom_801,3,"ENGB - Engineering, Book",Mandatory,L018 - Water & Sanitation
nom_802,3,"ENGB - Engineering, Book",Mandatory,L040 - Logistics
nom_803,3,ENGD - Diesel engine,Mandatory,TBOA - Boats
nom_804,3,ENGI - Outboard engine,Mandatory,TBOA - Boats
nom_805,3,ENVE - Envelope,Mandatory,ASTA - Stationery
nom_806,3,EPHE - Ephedrine,Mandatory,DINJ - Injectable Drugs
nom_807,3,"EPIB - EPI, Book",Mandatory,L044 - Data Processing
nom_808,3,"EPIB - Epidemiology, Book",Mandatory,L024 - Epidemiology - Statistics
nom_809,3,"EPID - EPI, CD Rom",Mandatory,L044 - Data Processing
nom_810,3,EPIN - Epinephrine,Mandatory,DINJ - Injectable Drugs
nom_811,3,ERAS - Eraser / correction fluid,Mandatory,ASTA - Stationery
nom_812,3,ERYT - Erythromycin,Mandatory,DINJ - Injectable Drugs
nom_813,3,ERYT - Erythromycine,Mandatory,DORA - Oral Drugs
nom_814,3,ETHA - Ethambutol,Mandatory,DORA - Oral Drugs
nom_815,3,ETHA - Ethylic Alcool,Mandatory,SLAS - Laboratory Reagents
nom_816,3,ETHB - ETHAMBUTOL,Mandatory,SLAS - Laboratory Reagents
nom_817,3,ETHL - Ethinylestradiol / Levonorgestrel,Mandatory,DORA - Oral Drugs
nom_818,3,ETHN - Ethionamide,Mandatory,DORA - Oral Drugs
nom_819,3,ETON - Etonogestrel,Mandatory,DINJ - Injectable Drugs
nom_820,3,ETRA - Etravirine,Mandatory,DORA - Oral Drugs
nom_821,3,EUKI - Eukitt,Mandatory,SLAS - Laboratory Reagents
nom_822,3,"EVAB - Evaluation, Book",Mandatory,L019 - Refugees - Displaced
nom_823,3,"EVAG - Evaluation, Guide",Mandatory,L019 - Refugees - Displaced
nom_824,3,"EXCB - EXCEL, Book",Mandatory,L044 - Data Processing
nom_825,3,EXCG - Excel Guide,Mandatory,L044 - Data Processing
nom_826,3,"EXMU - Extractor, mucus",Mandatory,"SCTD - Catheters, Tubes And Drains"
nom_827,3,EXTP - Extractor,Mandatory,PTOO - Tools
nom_828,3,EXTS - Extension tubing + Stopcock,Mandatory,SINS - Injection Supplies
nom_829,3,EYEC - Cable eye,Mandatory,PHDW - Hardware
nom_830,3,EYEL - Eyelets,Mandatory,CSHE - Shelters
nom_831,3,EYEW - EYE WASH BOTTLE,Mandatory,EMEQ - Medical Equipment
nom_832,3,FACE - Face shield,Mandatory,PSAF - Safety And Protective Equipment
nom_833,3,FACS - FACScount,Mandatory,ELAE - Laboratory Equipment
nom_834,3,FACS - FACScount,Mandatory,SLAS - Laboratory Reagents
nom_835,3,FAIB - First aid book,Mandatory,L002 - Internal Medicine
nom_836,3,FAIB - First aid book,Mandatory,L020 - Emergencies - Disasters - Conflicts
nom_837,3,FALA - Fall arrester,Mandatory,PSAF - Safety And Protective Equipment
nom_838,3,FANC - Ceiling fan,Mandatory,PELE - Electricity
nom_839,3,FANS - Standing fan,Mandatory,PELE - Electricity
nom_840,3,FAPB - Family planning book,Mandatory,L009 - Gynaecology - Obstetrics
nom_841,3,FAPL - Family planning,Mandatory,ETMA - Training Mannequins
nom_842,3,"FDEN - Freight, delivery note",Mandatory,ALST - Logistic Stationery
nom_843,3,FENT - Fentanyl,Mandatory,DINJ - Injectable Drugs
nom_844,3,FERF - Ferrous Sulfate / Folic Acid,Mandatory,DORA - Oral Drugs
nom_845,3,FERS - Ferrous Sulfate,Mandatory,DORA - Oral Drugs
nom_846,3,"FFGC - Freight, free gift certificate",Mandatory,ALST - Logistic Stationery
nom_847,3,"FHCC - Forceps, haemostatic, Coller-Crile",Mandatory,ESUR - Surgical Instruments
nom_848,3,FHDD - Foetal Heart Detector,Mandatory,EHOE - Hospital Equipment
nom_849,3,"FHHA - Forceps, haemostatic, Halsted",Mandatory,ESUR - Surgical Instruments
nom_850,3,"FHRO - Forceps, haemostatic, R-Ochsner",Mandatory,ESUR - Surgical Instruments
nom_851,3,"FHRP - Forceps, haemostatic, R-Pean",Mandatory,ESUR - Surgical Instruments
nom_852,3,FIES - Field stain,Mandatory,SLAS - Laboratory Reagents
nom_853,3,FILA - Air filter,Mandatory,PX-- - Spare parts
nom_854,3,"FILB - Filarial infections, Book",Mandatory,L013 - Laboratory
nom_855,3,"FILB - Filariosis, Book",Mandatory,L006 - Parasitic Infectious Diseases
nom_856,3,"FILB - File, bone",Mandatory,ESUR - Surgical Instruments
nom_857,3,FILE - File,Mandatory,PTOO - Tools
nom_858,3,FILE - File,Mandatory,SMSU - Small Medical Supplies
nom_859,3,FILF - Fuel filter,Mandatory,PX-- - Spare parts
nom_860,3,FILM - Film,Mandatory,ELAE - Laboratory Equipment
nom_861,3,FILM - Film,Mandatory,PPAC - Packing And Handling
nom_862,3,"FILM - FILM, x-ray",Mandatory,SDIM - Diagnostic imaging supplies
nom_863,3,FILS - Filter for syringe,Mandatory,ELAE - Laboratory Equipment
nom_864,3,FILS - Filter straw,Mandatory,SINS - Injection Supplies
nom_865,3,FILT - Filter for HONDA engine,Mandatory,PXHO - Spare Parts Honda
nom_866,3,FILT - Filter for LISTER engine,Mandatory,PXLI - Spare Parts Lister
nom_867,3,FILT - Filter for LOMBARDINI engine,Mandatory,PXLO - Spare Parts Lombardini
nom_868,3,FILT - Filter for PEUGEOT,Mandatory,TXPE - Spare Parts Peugeot
nom_869,3,FILT - Filter for ROBIN engine,Mandatory,PXRO - Spare Parts Robin
nom_870,3,FILT - Filter for TOYOTA,Mandatory,TXTO - Spare Parts Toyota
nom_871,3,FILT - Filter for YANMAR engine,Mandatory,PXYN - Spare Parts Yanmar
nom_872,3,FILT - Spare parts for filter HAYWARD,Mandatory,CXHA - Spare Parts Hayward
nom_873,3,FILT - Water filter,Mandatory,CWAT - Water And Sanitation
nom_874,3,"FINB - Finances, Book",Mandatory,L025 - Health Services Management
nom_875,3,"FIND - CD Rom, Financial management",Mandatory,L050 - Administration - Finances
nom_876,3,"FING - Finances, Guide",Mandatory,L050 - Administration - Finances
nom_877,3,FIRB - Fire blanket,Mandatory,PSAF - Safety And Protective Equipment
nom_878,3,FIRE - Fire extinguisher,Mandatory,PSAF - Safety And Protective Equipment
nom_879,3,FIRO - Firewall / router,Mandatory,ADAP - Data Processing
nom_880,3,FISH - Fish,Mandatory,AFOO - Food For Msf Staff
nom_881,3,FIXA - Antenna fixing device,Mandatory,TVEM - Vehicles Modifications
nom_882,3,FIXA - Fixer x-ray,Mandatory,SDIM - Diagnostic imaging supplies
nom_883,3,FIXS - Fixing device,Mandatory,TVEM - Vehicles Modifications
nom_884,3,FIXT - Tuner fixing device,Mandatory,TVEM - Vehicles Modifications
nom_885,3,FLAG - Flag,Mandatory,PIDE - Identification
nom_886,3,FLBU - Flask bulb,Mandatory,ELAE - Laboratory Equipment
nom_887,3,"FLEN - Flask erlenmeyer, narrow",Mandatory,ELAE - Laboratory Equipment
nom_888,3,"FLES - Flask erlenmeyer, screw",Mandatory,ELAE - Laboratory Equipment
nom_889,3,FLIP - Flip chart,Mandatory,ASTA - Stationery
nom_890,3,FLOA - Float,Mandatory,CWAT - Water And Sanitation
nom_891,3,FLOP - Floor paint,Mandatory,PPAI - Paint
nom_892,3,"FLTB - Fluorescent tube, big",Mandatory,PLIG - Lighting
nom_893,3,"FLTM - Fluorescent tube, mini",Mandatory,PLIG - Lighting
nom_894,3,FLUC - Fluconazole,Mandatory,DINJ - Injectable Drugs
nom_895,3,FLUC - Fluconazole,Mandatory,DORA - Oral Drugs
nom_896,3,FLUI - Fluid,Mandatory,TVEC - Vehicles Consumables
nom_897,3,FLUO - Fluorescein,Mandatory,DEXO - Ophtalmic Drugs For External Use
nom_898,3,FLUO - Fluoreslens,Mandatory,ELAE - Laboratory Equipment
nom_899,3,FLUX - Fluoxetine,Mandatory,DORA - Oral Drugs
nom_900,3,FLUY - Flucytosine,Mandatory,DORA - Oral Drugs
nom_901,3,FLYC - Fly catcher,Mandatory,CWAT - Water And Sanitation
nom_902,3,"FMUB - Female genital mutilation, Book",Mandatory,L009 - Gynaecology - Obstetrics
nom_903,3,FMUG - Female mutilation guide,Mandatory,L009 - Gynaecology - Obstetrics
nom_904,3,"FOAB - Forceps, haemostatic, Bengolea",Mandatory,ESUR - Surgical Instruments
nom_905,3,"FOAC - Forceps, haemostatic, Chaput",Mandatory,ESUR - Surgical Instruments
nom_906,3,"FOAE - Forceps, Haemostatic, Kelly",Mandatory,ESUR - Surgical Instruments
nom_907,3,"FOAH - Forceps, haemostatic, Halsted",Mandatory,ESUR - Surgical Instruments
nom_908,3,"FOAK - Forceps, haemostatic, Kocher",Mandatory,ESUR - Surgical Instruments
nom_909,3,"FOAM - Forceps, haemostatic, Mixter",Mandatory,ESUR - Surgical Instruments
nom_910,3,"FOAP - Forceps, haemostatic, Pean",Mandatory,ESUR - Surgical Instruments
nom_911,3,"FOAR - Foetus, articulated",Mandatory,ETMA - Training Mannequins
nom_912,3,"FOBH - Forceps, bone holding",Mandatory,ESUR - Surgical Instruments
nom_913,3,"FOBL - Forceps, Bone Cutting, Liston",Mandatory,ESUR - Surgical Instruments
nom_914,3,FOBR - Forceps Of Brucelle,Mandatory,ELAE - Laboratory Equipment
nom_915,3,"FOCU - forceps, Cutter",Mandatory,ESUR - Surgical Instruments
nom_916,3,"FODC - Forceps, Dressing, Cheron",Mandatory,ESUR - Surgical Instruments
nom_917,3,"FODD - Forceps, dressing, delicate",Mandatory,ESUR - Surgical Instruments
nom_918,3,FODE - Forceps Dental,Mandatory,ESUD - Dental Surgical Instruments
nom_919,3,"FODR - Forceps, Dressing",Mandatory,ESUR - Surgical Instruments
nom_920,3,"FODV - Forceps, vascular",Mandatory,ESUR - Surgical Instruments
nom_921,3,FOET - Foetus,Mandatory,ETPO - Training Posters
nom_922,3,FOHA - Forceps Of Halstead,Mandatory,ESUO - Ophtalmic Surgical Instruments
nom_923,3,"FOHG - Forceps, hysterectomy, Glenner",Mandatory,ESUR - Surgical Instruments
nom_924,3,"FOIB - Forceps, intestinal Babcock",Mandatory,ESUR - Surgical Instruments
nom_925,3,"FOID - Forceps, Intestinal, Doyen",Mandatory,ESUR - Surgical Instruments
nom_926,3,FOLA - Folic Acid,Mandatory,DORA - Oral Drugs
nom_927,3,FOLC - Calcium folinate,Mandatory,DORA - Oral Drugs
nom_928,3,FOLD - Folder,Mandatory,ASTA - Stationery
nom_929,3,"FOLE - Forceps, Lester",Mandatory,ESUO - Ophtalmic Surgical Instruments
nom_930,3,FOMA - Forceps Of Magill,Mandatory,EANE - Anaesthesia
nom_931,3,FOME - Forceps of Meriam,Mandatory,ESUD - Dental Surgical Instruments
nom_932,3,FOMU - Forceps Of Muzeux,Mandatory,ESUR - Surgical Instruments
nom_933,3,"FOOB - Food Aid, Book",Mandatory,L046 - Food Aid
nom_934,3,"FOOB - Forceps, Obstetrical",Mandatory,ESUR - Surgical Instruments
nom_935,3,"FOOG - Food, Guide",Mandatory,L046 - Food Aid
nom_936,3,FOPA - Forceps Of Paufique,Mandatory,ESUO - Ophtalmic Surgical Instruments
nom_937,3,"FOPF - Forceps, Peritoneal, Faure",Mandatory,ESUR - Surgical Instruments
nom_938,3,"FOPO - Forceps, Tenaculum, Pozzi",Mandatory,ESUR - Surgical Instruments
nom_939,3,FORK - Fork,Mandatory,PCOO - Cooking
nom_940,3,FORO - Formaldehyd Commercial,Mandatory,SLAS - Laboratory Reagents
nom_941,3,"FORS - Fork, knife and spoon set",Mandatory,PCOO - Cooking
nom_942,3,FOSF - Fosfomycin,Mandatory,DORA - Oral Drugs
nom_943,3,FOST - Suture Tightening Forceps,Mandatory,ESUO - Ophtalmic Surgical Instruments
nom_944,3,"FOTA - Forceps, tissue, Allis",Mandatory,ESUR - Surgical Instruments
nom_945,3,"FOTC - Forceps, Tissue, Collin",Mandatory,ESUR - Surgical Instruments
nom_946,3,"FOTD - Forceps, Tissue, Duval",Mandatory,ESUR - Surgical Instruments
nom_947,3,"FOTI - Forceps, Tissue",Mandatory,ESUR - Surgical Instruments
nom_948,3,FOVA - Foetus for vacuum delivery,Mandatory,ETMA - Training Mannequins
nom_949,3,"FPAC - Freight, packing list",Mandatory,ALST - Logistic Stationery
nom_950,3,FREE - Freezer,Mandatory,PCOL - Cold Chain
nom_951,3,FRIB - Blood bank refrigerator,Mandatory,PCOL - Cold Chain
nom_952,3,FRID - Refrigerator,Mandatory,PCOL - Cold Chain
nom_953,3,FRIF - Refrigerator/freezer,Mandatory,PCOL - Cold Chain
nom_954,3,FRIS - Solar refrigerator,Mandatory,PCOL - Cold Chain
nom_955,3,FRUI - Fruit,Mandatory,AFOO - Food For Msf Staff
nom_956,3,"FTDA - Forceps, tissue, delicate, Adson",Mandatory,ESUR - Surgical Instruments
nom_957,3,FUCB - Basic Fuchsin,Mandatory,SLAS - Laboratory Reagents
nom_958,3,FUCG - Fuchia,Mandatory,L044 - Data Processing
nom_959,3,"FUCK - Fuchsin, Kinyoun",Mandatory,SLAS - Laboratory Reagents
nom_960,3,"FUCZ - Fuchsin, Ziehl",Mandatory,SLAS - Laboratory Reagents
nom_961,3,FUEL - Fuel,Mandatory,TVEC - Vehicles Consumables
nom_962,3,"FUNG - Funnel, glass",Mandatory,ELAE - Laboratory Equipment
nom_963,3,FUNM - Funnel with water retention filter,Mandatory,TVEA - Vehicles Accessories
nom_964,3,FUNN - Funnel,Mandatory,ELAE - Laboratory Equipment
nom_965,3,FUNN - Funnel,Mandatory,TVEA - Vehicles Accessories
nom_966,3,"FUPL - Funnel, plastic, large stem",Mandatory,ELAE - Laboratory Equipment
nom_967,3,FURO - Furosemide,Mandatory,DINJ - Injectable Drugs
nom_968,3,FURO - Furosemide,Mandatory,DORA - Oral Drugs
nom_969,3,FUSF - Fork fuse for Toyota,Mandatory,TVEC - Vehicles Consumables
nom_970,3,FUSG - Glass fuse,Mandatory,PELE - Electricity
nom_971,3,"FVDB - Forceps, vascular",Mandatory,ESUR - Surgical Instruments
nom_972,3,"FWAY - Freight, waybill",Mandatory,ALST - Logistic Stationery
nom_973,3,GALI - Gallipot,Mandatory,ESUR - Surgical Instruments
nom_974,3,GANC - Ganciclovir,Mandatory,DINJ - Injectable Drugs
nom_975,3,GASD - Gas devices accessories,Mandatory,PCOL - Cold Chain
nom_976,3,GASK - Gasket,Mandatory,PHDW - Hardware
nom_977,3,GASK - Gasket,Mandatory,PX-- - Spare parts
nom_978,3,GASK - Gasket for DAVEY pump,Mandatory,PXDV - Spare Parts Davey
nom_979,3,GASK - Gasket for LISTER engine,Mandatory,PXLI - Spare Parts Lister
nom_980,3,GASK - Gasket for LOMBARDINI engine,Mandatory,PXLO - Spare Parts Lombardini
nom_981,3,GASK - Gasket for ROBIN engine,Mandatory,PXRO - Spare Parts Robin
nom_982,3,GAUG - Feeler gauge,Mandatory,PTOO - Tools
nom_983,3,GAUG - Gauge,Mandatory,TVEA - Vehicles Accessories
nom_984,3,GEN0 - Remarks on generators,Mandatory,PELE - Electricity
nom_985,3,GENB - Violet Gentian For Bacteriologie,Mandatory,SLAS - Laboratory Reagents
nom_986,3,GEND - Diesel generator,Mandatory,PELE - Electricity
nom_987,3,GENE - GENERATOR BAGS,Mandatory,SLAS - Laboratory Reagents
nom_988,3,GENF - Female genital organs,Mandatory,ETPO - Training Posters
nom_989,3,GENP - Petrol generator,Mandatory,PELE - Electricity
nom_990,3,GENP - Violet Gentian Carbolated,Mandatory,SLAS - Laboratory Reagents
nom_991,3,GENT - Gentamycine,Mandatory,DINJ - Injectable Drugs
nom_992,3,GENX - GeneXpert,Mandatory,DDGT - Diagnostic tests
nom_993,3,GENX - Genexpert,Mandatory,ELAE - Laboratory Equipment
nom_994,3,GIEM - Giemsa,Mandatory,SLAS - Laboratory Reagents
nom_995,3,GLAF - Fibreglass,Mandatory,PHDW - Hardware
nom_996,3,GLAS - Glass,Mandatory,CBUI - Building
nom_997,3,GLAS - Glass,Mandatory,PCOO - Cooking
nom_998,3,GLAS - Glasses,Mandatory,EMEQ - Medical Equipment
nom_999,3,"GLEN - Examination glove, nitrile",Mandatory,SMSU - Small Medical Supplies
nom_1000,3,GLIB - Glibenclamide,Mandatory,DORA - Oral Drugs
nom_1001,3,GLOC - Cleaning gloves,Mandatory,PHYG - Hygiene
nom_1002,3,"GLOE - Examination glove, latex",Mandatory,SMSU - Small Medical Supplies
nom_1003,3,GLOG - Gynaecological gloves,Mandatory,SMSU - Small Medical Supplies
nom_1004,3,GLOP - Protective gloves,Mandatory,SMSU - Small Medical Supplies
nom_1005,3,GLOS - Surgical gloves,Mandatory,SMSU - Small Medical Supplies
nom_1006,3,GLOV - Gloves,Mandatory,ALIF - Team Life
nom_1007,3,GLOV - Gloves,Mandatory,PSAF - Safety And Protective Equipment
nom_1008,3,GLUC - Glucose Hypertonic,Mandatory,DINJ - Injectable Drugs
nom_1009,3,GLUC - Glucosemeter,Mandatory,ELAE - Laboratory Equipment
nom_1010,3,GLUC - Glucosemeter (Nova),Mandatory,SLAS - Laboratory Reagents
nom_1011,3,GLUE - Glue,Mandatory,ASTA - Stationery
nom_1012,3,GLUE - Glue,Mandatory,CWAT - Water And Sanitation
nom_1013,3,GLUE - Glue,Mandatory,PHDW - Hardware
nom_1014,3,GLYC - Glycerol,Mandatory,SLAS - Laboratory Reagents
nom_1015,3,GLYT - Glycerine Trinitrate,Mandatory,DORA - Oral Drugs
nom_1016,3,GOGG - Goggles,Mandatory,PSAF - Safety And Protective Equipment
nom_1017,3,GOKI - LIST of EMERGENCY ITEMS,Mandatory,IEME - Emergency items list
nom_1018,3,GONS - Gonad shield,Mandatory,EDIM - Diagnostic Imaging equipment
nom_1019,3,GOWI - Isolation gown,Mandatory,ELIN - Linen And Protective Clothing
nom_1020,3,"GOWS - GOWN, SURGICAL",Mandatory,ELIN - Linen And Protective Clothing
nom_1021,3,GPSG - GPS (Garmin),Mandatory,PCOM - Communication
nom_1022,3,GRAM - Kit Gram Hucker,Mandatory,SLAS - Laboratory Reagents
nom_1023,3,GRAV - Gravel,Mandatory,CBUI - Building
nom_1024,3,GREA - Grease,Mandatory,TVEC - Vehicles Consumables
nom_1025,3,GREA - Greasing nipple,Mandatory,PHDW - Hardware
nom_1026,3,GREG - Grease gun,Mandatory,PTOO - Tools
nom_1027,3,GRID - X-ray grid,Mandatory,EDIM - Diagnostic Imaging equipment
nom_1028,3,GRIN - Grinder,Mandatory,PTOO - Tools
nom_1029,3,GRIS - Griseovulvine,Mandatory,DORA - Oral Drugs
nom_1030,3,GRIT - Grinding tool,Mandatory,PTOO - Tools
nom_1031,3,GUID - Guide,Mandatory,SMST - Medical Stationery
nom_1032,3,"GULK - Guide, liigature, Koenig",Mandatory,ESUR - Surgical Instruments
nom_1033,3,GUMB - Gum elastic bougie,Mandatory,EANE - Anaesthesia
nom_1034,3,GUMS - Gums,Mandatory,AFOO - Food For Msf Staff
nom_1035,3,GUNS - Silicone gun,Mandatory,PTOO - Tools
nom_1036,3,"GYNB - Gynaecology, Book",Mandatory,L009 - Gynaecology - Obstetrics
nom_1037,3,H76D - Toyota HZJ76 diesel,Mandatory,TTOY - Toyota Vehicles
nom_1038,3,H78D - Toyota HZJ78 diesel,Mandatory,TTOY - Toyota Vehicles
nom_1039,3,H79D - Toyota HZJ79 diesel,Mandatory,TTOY - Toyota Vehicles
nom_1040,3,H80D - Toyota HZJ80 diesel,Mandatory,TTOY - Toyota Vehicles
nom_1041,3,HACS - Hacksaw,Mandatory,PTOO - Tools
nom_1042,3,HAEM - HAEMOGLOBINOMETER,Mandatory,ELAE - Laboratory Equipment
nom_1043,3,HAEM - Haemoglobinometer,Mandatory,SLAS - Laboratory Reagents
nom_1044,3,HAIB - Hairbrush,Mandatory,PHYG - Hygiene
nom_1045,3,HALO - Halothane,Mandatory,DORA - Oral Drugs
nom_1046,3,HALP - Haloperidol,Mandatory,DINJ - Injectable Drugs
nom_1047,3,HALP - Haloperidol,Mandatory,DORA - Oral Drugs
nom_1048,3,HAMM - Hammer,Mandatory,PTOO - Tools
nom_1049,3,HAMR - Hammer For Reflexes,Mandatory,EMEQ - Medical Equipment
nom_1050,3,HANA - Checklist lab haemotology analyzers,Mandatory,ILAB - Laboratory checklists
nom_1051,3,HANA - Haematologic analyzer,Mandatory,ELAE - Laboratory Equipment
nom_1052,3,HANA - Haematologic analyzer,Mandatory,SLAS - Laboratory Reagents
nom_1053,3,HAND - Handle,Mandatory,ESUD - Dental Surgical Instruments
nom_1054,3,HAND - Handle,Mandatory,PHDW - Hardware
nom_1055,3,HAND - Handle,Mandatory,PPAC - Packing And Handling
nom_1056,3,HANG - Hanger,Mandatory,EDIM - Diagnostic Imaging equipment
nom_1057,3,HARH - Hard hat,Mandatory,PSAF - Safety And Protective Equipment
nom_1058,3,HARN - Harness,Mandatory,PSAF - Safety And Protective Equipment
nom_1059,3,HATL - Lined hat,Mandatory,ALIF - Team Life
nom_1060,3,HATS - Sun hat,Mandatory,ALIF - Team Life
nom_1061,3,HBBI - Helping babies breathe,Mandatory,ETPO - Training Posters
nom_1062,3,HBTE - Hepatitis B test,Mandatory,DDGT - Diagnostic tests
nom_1063,3,HCTE - Hepatitis C test,Mandatory,DDGT - Diagnostic tests
nom_1064,3,HDDE - External hard drive,Mandatory,ADAP - Data Processing
nom_1065,3,HDWR - Hardware,Mandatory,TVEM - Vehicles Modifications
nom_1066,3,HEAF - Fuel heater,Mandatory,CSHE - Shelters
nom_1067,3,HEAG - Gas heater,Mandatory,CSHE - Shelters
nom_1068,3,"HEAP - Heating pad, electrical",Mandatory,EHOE - Hospital Equipment
nom_1069,3,HEAR - Hearing protection,Mandatory,PSAF - Safety And Protective Equipment
nom_1070,3,HEAS - Space heater,Mandatory,CSHE - Shelters
nom_1071,3,HEAT - Heater,Mandatory,TVEM - Vehicles Modifications
nom_1072,3,HEBF - Isoniazid / Ethambutol Blister FDC,Mandatory,DORA - Oral Drugs
nom_1073,3,"HEFB - Haemorrhagic fever, Book",Mandatory,L003 - Viral Infectious Diseases
nom_1074,3,HEFD - Isoniazid / Ethambutol FDC,Mandatory,DORA - Oral Drugs
nom_1075,3,"HEFG - Haemorrhagic fever, guide",Mandatory,L003 - Viral Infectious Diseases
nom_1076,3,"HEFV - Haemorrhagic fever, Video",Mandatory,L003 - Viral Infectious Diseases
nom_1077,3,"HELB - Helminths, Book",Mandatory,L013 - Laboratory
nom_1078,3,HELM - Helmet,Mandatory,PIDE - Identification
nom_1079,3,HELM - Helmet,Mandatory,PSAF - Safety And Protective Equipment
nom_1080,3,HEPA - Heparin,Mandatory,DINJ - Injectable Drugs
nom_1081,3,HEPB - Hepatitis book,Mandatory,L003 - Viral Infectious Diseases
nom_1082,3,"HEXB - Health of expatriates, Book",Mandatory,L028 - Health Of Expatriates
nom_1083,3,"HEXD - Health of Expatriates, Digital Media",Mandatory,L028 - Health Of Expatriates
nom_1084,3,HEXG - Health expatriates,Mandatory,L052 - Security
nom_1085,3,"HEXG - Health of expatriates, Guide",Mandatory,L028 - Health Of Expatriates
nom_1086,3,"HIAD - Toyota HI ACE, Commuter bus",Mandatory,TTOY - Toyota Vehicles
nom_1087,3,HILD - Toyota Hilux diesel,Mandatory,TTOY - Toyota Vehicles
nom_1088,3,HING - Hinge,Mandatory,PHDW - Hardware
nom_1089,3,HIVD - HIV Determine test,Mandatory,DDGT - Diagnostic tests
nom_1090,3,"HIVI - HIV test, Immunoflow",Mandatory,DDGT - Diagnostic tests
nom_1091,3,HIVU - HIV Unigold test,Mandatory,DDGT - Diagnostic tests
nom_1092,3,HODB - Decapitation Hook Of Braun,Mandatory,ESUR - Surgical Instruments
nom_1093,3,HOEP - Hoe,Mandatory,PTOO - Tools
nom_1094,3,"HOFI - Hook, fistula, Emmet",Mandatory,ESUR - Surgical Instruments
nom_1095,3,HOLD - Holder,Mandatory,ASTA - Stationery
nom_1096,3,HOLD - Holder,Mandatory,PLIG - Lighting
nom_1097,3,HOLD - Holder for cable seath,Mandatory,PELE - Electricity
nom_1098,3,HOLS - Hole saw,Mandatory,PTOO - Tools
nom_1099,3,"HONE - Hook, nerve",Mandatory,ESUR - Surgical Instruments
nom_1100,3,HOOK - Fixing hook,Mandatory,TVEC - Vehicles Consumables
nom_1101,3,HOOK - Hook,Mandatory,PHDW - Hardware
nom_1102,3,HOOK - Towing hook,Mandatory,TVEM - Vehicles Modifications
nom_1103,3,HOOS - Strabismus Hook,Mandatory,ESUO - Ophtalmic Surgical Instruments
nom_1104,3,HOSE - Fuel hose,Mandatory,TVEA - Vehicles Accessories
nom_1105,3,HOSE - Hose,Mandatory,CWAT - Water And Sanitation
nom_1106,3,HOSF - Flat hose,Mandatory,CWAT - Water And Sanitation
nom_1107,3,HOSG - Garden hose,Mandatory,CWAT - Water And Sanitation
nom_1108,3,HOSS - Spiral hose,Mandatory,CWAT - Water And Sanitation
nom_1109,3,HOSY - Yellow wastewater hose,Mandatory,CWAT - Water And Sanitation
nom_1110,3,HUBU - USB hub,Mandatory,ADAP - Data Processing
nom_1111,3,"HUMB - Humanitarian, Book",Mandatory,L070 - Humanitarian Assistance
nom_1112,3,"HUMG - Humanitarian Assistance, Guide",Mandatory,L070 - Humanitarian Assistance
nom_1113,3,HVIJ - Hi-visibility jacket,Mandatory,PSAF - Safety And Protective Equipment
nom_1114,3,HYAC - Hydrochloric Acid,Mandatory,SLAS - Laboratory Reagents
nom_1115,3,HYDA - Hydralazine,Mandatory,DINJ - Injectable Drugs
nom_1116,3,HYDA - Hydralazine,Mandatory,DORA - Oral Drugs
nom_1117,3,HYDO - Hydrochlorothiazide,Mandatory,DORA - Oral Drugs
nom_1118,3,HYDR - Hydrocortisone,Mandatory,DEXT - Drugs External Use
nom_1119,3,HYDR - Hydrocortisone,Mandatory,DINJ - Injectable Drugs
nom_1120,3,HYDR - Hydrometer,Mandatory,PTOO - Tools
nom_1121,3,"HYGB - Hygiene, Book",Mandatory,L018 - Water & Sanitation
nom_1122,3,HYGB - Infection control book,Mandatory,L029 - Nursing - Infection Control
nom_1123,3,"HYGG - Infection control, guide",Mandatory,L029 - Nursing - Infection Control
nom_1124,3,"HYGV - Infection control, video",Mandatory,L029 - Nursing - Infection Control
nom_1125,3,HYOS - Hyoscine butylbromide,Mandatory,DINJ - Injectable Drugs
nom_1126,3,HYOS - Hyoscine butylbromide,Mandatory,DORA - Oral Drugs
nom_1127,3,IADD - Insecticide adulticide,Mandatory,CWAT - Water And Sanitation
nom_1128,3,IBUP - Ibuprofene,Mandatory,DORA - Oral Drugs
nom_1129,3,ICES - Anti-icing,Mandatory,TVEC - Vehicles Consumables
nom_1130,3,ICOF - Insecticide for cockroaches,Mandatory,CWAT - Water And Sanitation
nom_1131,3,"IECB - Information, Educ., Comm. Book",Mandatory,L007 - Std - Aids
nom_1132,3,"IECG - Information, Education, Comm. Guide",Mandatory,L007 - Std - Aids
nom_1133,3,IICL - Insecticide impregnation of clothing,Mandatory,CWAT - Water And Sanitation
nom_1134,3,IIDU - Insecticide for dusting,Mandatory,CWAT - Water And Sanitation
nom_1135,3,IINK - India ink,Mandatory,SLAS - Laboratory Reagents
nom_1136,3,IIRS - Insecticide for residual spraying,Mandatory,CWAT - Water And Sanitation
nom_1137,3,ILAT - Insecticide larvicide,Mandatory,CWAT - Water And Sanitation
nom_1138,3,IMAS - Immunoglobulins antivenom snakes,Mandatory,DVAC - Vaccines
nom_1139,3,IMHR - Immunoglobulins human antirabies,Mandatory,DVAC - Vaccines
nom_1140,3,IMMA - Immatriculation,Mandatory,TVEA - Vehicles Accessories
nom_1141,3,"IMMB - Immunization, Book",Mandatory,L015 - Immunization - Cold Chain
nom_1142,3,"IMMD - Immunization, CD-Rom",Mandatory,L015 - Immunization - Cold Chain
nom_1143,3,"IMMG - Immunization, Guide",Mandatory,L015 - Immunization - Cold Chain
nom_1144,3,IMON - Insecticide for mosquito nets,Mandatory,CWAT - Water And Sanitation
nom_1145,3,INCI - De Montfort Incinerator components,Mandatory,CWAT - Water And Sanitation
nom_1146,3,INCU - Incubator,Mandatory,ELAE - Laboratory Equipment
nom_1147,3,INDI - Indinavir,Mandatory,DORA - Oral Drugs
nom_1148,3,INFB - INFLUENZA BOOKS,Mandatory,L003 - Viral Infectious Diseases
nom_1149,3,"INFG - Influenza, Guide",Mandatory,L003 - Viral Infectious Diseases
nom_1150,3,INHV - HF/VHF interface,Mandatory,PCOM - Communication
nom_1151,3,INSH - Insulin (Human),Mandatory,DINJ - Injectable Drugs
nom_1152,3,INSK - Insect killer,Mandatory,ALIF - Team Life
nom_1153,3,INVE - Inverter,Mandatory,PELE - Electricity
nom_1154,3,INVG - Inventory,Mandatory,L045 - Catalogues & Order Lists
nom_1155,3,IODI - Iodine,Mandatory,SLAS - Laboratory Reagents
nom_1156,3,IODO - Iodized Oil,Mandatory,DORA - Oral Drugs
nom_1157,3,IODP - Iodine Povidone,Mandatory,DEXT - Drugs External Use
nom_1158,3,IRON - Electrical iron,Mandatory,PHYG - Hygiene
nom_1159,3,IROP - Steel section,Mandatory,CBUI - Building
nom_1160,3,IROR - Iron rod,Mandatory,CBUI - Building
nom_1161,3,IROW - Wire-mesh,Mandatory,CBUI - Building
nom_1162,3,"ISAT - ISATPHONE PRO, satellite phone",Mandatory,PCOM - Communication
nom_1163,3,ISOB - Isorbide dinitrate,Mandatory,DORA - Oral Drugs
nom_1164,3,ISOB - Isosorbide dinitrate,Mandatory,DINJ - Injectable Drugs
nom_1165,3,ISON - Isoniazid,Mandatory,DORA - Oral Drugs
nom_1166,3,ISON - Isoniazide,Mandatory,SLAS - Laboratory Reagents
nom_1167,3,"ISYG - Isystock, guide",Mandatory,L044 - Data Processing
nom_1168,3,ITRA - Itraconazol,Mandatory,DORA - Oral Drugs
nom_1169,3,IUDE - Intra Uterine Device,Mandatory,SMSU - Small Medical Supplies
nom_1170,3,IVER - Ivermectine,Mandatory,DORA - Oral Drugs
nom_1171,3,IVPP - Catheter with injection port,Mandatory,SINS - Injection Supplies
nom_1172,3,"JACB - Jack, bottle type",Mandatory,TVEA - Vehicles Accessories
nom_1173,3,JACK - Jack,Mandatory,PTOO - Tools
nom_1174,3,JACK - Jack,Mandatory,TVEA - Vehicles Accessories
nom_1175,3,JACK - Jacket,Mandatory,PIDE - Identification
nom_1176,3,JAMF - Jam,Mandatory,AFOO - Food For Msf Staff
nom_1177,3,JARF - Forceps Jar,Mandatory,EMEQ - Medical Equipment
nom_1178,3,"JARI - Jar, incubation",Mandatory,ELAE - Laboratory Equipment
nom_1179,3,JARS - staining jar,Mandatory,ELAE - Laboratory Equipment
nom_1180,3,JERR - Jerrycan,Mandatory,CWAT - Water And Sanitation
nom_1181,3,JERR - Jerrycan,Mandatory,TVEA - Vehicles Accessories
nom_1182,3,JOIC - Joint compound,Mandatory,CWAT - Water And Sanitation
nom_1183,3,JUIC - Fruit juice,Mandatory,AFOO - Food For Msf Staff
nom_1184,3,"KADM - Kit, administration",Mandatory,KADM - Administration Kits
nom_1185,3,KANA - Kanamycin,Mandatory,DINJ - Injectable Drugs
nom_1186,3,KANA - Kanamycin,Mandatory,SLAS - Laboratory Reagents
nom_1187,3,KBAS - Basis Kit,Mandatory,KMED - Medical Kits
nom_1188,3,KBDA - Keyboard AZERTY,Mandatory,ADAP - Data Processing
nom_1189,3,KBDQ - Keyboard QWERTY,Mandatory,ADAP - Data Processing
nom_1190,3,"KBOA - Kit, boat",Mandatory,KTRA - Transport Kits
nom_1191,3,KBOD - Body management kit,Mandatory,KWAT - Water And Sanitation Kits
nom_1192,3,"KCHL - Kit, chlorination",Mandatory,KWAT - Water And Sanitation Kits
nom_1193,3,KCHO - Cholera Kit,Mandatory,KMED - Medical Kits
nom_1194,3,"KDEN - Kit, Dengue",Mandatory,KWAT - Water And Sanitation Kits
nom_1195,3,KEBO - Viral haemorrhagic fever kit,Mandatory,KMED - Medical Kits
nom_1196,3,KEME - Emergency Health Kit,Mandatory,KMED - Medical Kits
nom_1197,3,KERO - Kerosene,Mandatory,TVEC - Vehicles Consumables
nom_1198,3,KETA - Ketamine,Mandatory,DINJ - Injectable Drugs
nom_1199,3,KETT - Kettel,Mandatory,PCOO - Cooking
nom_1200,3,KFAI - First Aid Kit,Mandatory,KMED - Medical Kits
nom_1201,3,"KFRI - Kit, refrigerator/freezer",Mandatory,KPRO - Programme Support Kits
nom_1202,3,"KGEN - Kit, generator",Mandatory,KPRO - Programme Support Kits
nom_1203,3,KHDE - PART hospital delivery room,Mandatory,KMED - Medical Kits
nom_1204,3,"KHFM - Kit, HF mobile station",Mandatory,KCOM - Communication Kits
nom_1205,3,"KHIM - Intensive care unit module, medicines",Mandatory,KMED - Medical Kits
nom_1206,3,"KHIS - Intensive care unit module, renew.suppl.",Mandatory,KMED - Medical Kits
nom_1207,3,"KHLA - PART hospital, laboratory",Mandatory,KMED - Medical Kits
nom_1208,3,KHMI - PART hospital divers modules,Mandatory,KMED - Medical Kits
nom_1209,3,"KHOC - KIT HOSPITAL, complete",Mandatory,KMED - Medical Kits
nom_1210,3,"KHOE - Operation theatre module, equipment",Mandatory,KMED - Medical Kits
nom_1211,3,KHPH - PART hospital central pharmacy,Mandatory,KMED - Medical Kits
nom_1212,3,"KHST - PART hospital, central sterilization",Mandatory,KMED - Medical Kits
nom_1213,3,"KHTE - Module triage & OPD, equipment",Mandatory,KMED - Medical Kits
nom_1214,3,"KHTS - Module triage & OPD, medical supplies",Mandatory,KMED - Medical Kits
nom_1215,3,"KHWE - Module ward, equipment",Mandatory,KMED - Medical Kits
nom_1216,3,"KHWS - Module ward, renewable supplies",Mandatory,KMED - Medical Kits
nom_1217,3,KHXR - PART hospital radiology,Mandatory,KMED - Medical Kits
nom_1218,3,"KHYG - Kit, Hygiene",Mandatory,KCAM - Camps Kits
nom_1219,3,KIDD - Kidney Dish,Mandatory,EMEQ - Medical Equipment
nom_1220,3,KIMM - Immunization Kit,Mandatory,KMED - Medical Kits
nom_1221,3,"KINC - Kit, incinerator",Mandatory,KWAT - Water And Sanitation Kits
nom_1222,3,"KJET - Kit, jetting",Mandatory,KWAT - Water And Sanitation Kits
nom_1223,3,KLAB - Laboratory Kit,Mandatory,KMED - Medical Kits
nom_1224,3,"KLIF - Kit, team life",Mandatory,KADM - Administration Kits
nom_1225,3,"KLIG - Kit, lighting",Mandatory,KPRO - Programme Support Kits
nom_1226,3,KMCU - Checklist for Kangaroo Mother Care Unit,Mandatory,IPED - Paediatric checklists
nom_1227,3,"KMEG - Kit, mégaphone",Mandatory,KCOM - Communication Kits
nom_1228,3,"KMOD - Kit, vehicle modification",Mandatory,KTRA - Transport Kits
nom_1229,3,KMSU - Medical Surgical Kit,Mandatory,KMED - Medical Kits
nom_1230,3,KNIF - Knife,Mandatory,PCOO - Cooking
nom_1231,3,KNIF - Knife,Mandatory,PPAC - Packing And Handling
nom_1232,3,KNIF - Knife,Mandatory,PTOO - Tools
nom_1233,3,KNUT - Checklist for nutrition kits,Mandatory,LEAF - Leaflets
nom_1234,3,KNUT - Nutritional Equipment Kit,Mandatory,KMED - Medical Kits
nom_1235,3,"KPAT - Kit, Patient transport",Mandatory,KTRA - Transport Kits
nom_1236,3,KPSY - Psycho-social kit,Mandatory,KMED - Medical Kits
nom_1237,3,"KPUD - Kit, diesel motor pump",Mandatory,KWAT - Water And Sanitation Kits
nom_1238,3,"KPUE - Kit, electrical pump",Mandatory,KWAT - Water And Sanitation Kits
nom_1239,3,"KPUF - Kit, fuel pump",Mandatory,KPRO - Programme Support Kits
nom_1240,3,"KPUP - Kit, petrol motor pump",Mandatory,KWAT - Water And Sanitation Kits
nom_1241,3,"KRTX - Kit, radio telex",Mandatory,KCOM - Communication Kits
nom_1242,3,"KSAT - Kit, satellite",Mandatory,KCOM - Communication Kits
nom_1243,3,"KSEA - Kit, crimping tools",Mandatory,KPRO - Programme Support Kits
nom_1244,3,"KSHE - Kit, shelter",Mandatory,KCAM - Camps Kits
nom_1245,3,"KSOL - Kit, solar",Mandatory,KCOM - Communication Kits
nom_1246,3,"KSPR - Kit, spraying",Mandatory,KWAT - Water And Sanitation Kits
nom_1247,3,KSUR - Surgical Kit,Mandatory,KMED - Medical Kits
nom_1248,3,"KTAN - Kit, water tank",Mandatory,KWAT - Water And Sanitation Kits
nom_1249,3,"KTES - Kit, water testing",Mandatory,KWAT - Water And Sanitation Kits
nom_1250,3,"KTOO - Kit, tools",Mandatory,KPRO - Programme Support Kits
nom_1251,3,"KTOO - Kit, water tools",Mandatory,KWAT - Water And Sanitation Kits
nom_1252,3,"KTRE - Kit, water treatment",Mandatory,KWAT - Water And Sanitation Kits
nom_1253,3,"KTRI - Kit, tripod",Mandatory,KWAT - Water And Sanitation Kits
nom_1254,3,"KUHF - Kit, UHF",Mandatory,KCOM - Communication Kits
nom_1255,3,"KVAL - Kit, valve adjustment",Mandatory,KTRA - Transport Kits
nom_1256,3,"KVEH - Kit, tools for vehicle",Mandatory,KTRA - Transport Kits
nom_1257,3,"KVHF - Kit, VHF",Mandatory,KCOM - Communication Kits
nom_1258,3,KWAT - Technical notes for Watsan kits,Mandatory,LEAF - Leaflets
nom_1259,3,LABA - Adhesive labels,Mandatory,ASTA - Stationery
nom_1260,3,"LABB - Laboratory, Book",Mandatory,L013 - Laboratory
nom_1261,3,LABE - Label,Mandatory,PPAC - Packing And Handling
nom_1262,3,LABE - Labetalol,Mandatory,DINJ - Injectable Drugs
nom_1263,3,LABE - Labetalol,Mandatory,DORA - Oral Drugs
nom_1264,3,"LABG - Laboratory, Guide",Mandatory,L013 - Laboratory
nom_1265,3,"LABL - Laryngoscope, Blade",Mandatory,EANE - Anaesthesia
nom_1266,3,LACT - Analyser lactate,Mandatory,SLAS - Laboratory Reagents
nom_1267,3,LACT - Lactatometer,Mandatory,ELAE - Laboratory Equipment
nom_1268,3,LACT - Lactulose,Mandatory,DORA - Oral Drugs
nom_1269,3,LADD - Ladder,Mandatory,PSAF - Safety And Protective Equipment
nom_1270,3,LADL - Ladle,Mandatory,PCOO - Cooking
nom_1271,3,"LAEX - Lamp, Examination",Mandatory,EHOE - Hospital Equipment
nom_1272,3,LAMA - Label maker,Mandatory,AOFF - Office Equipment
nom_1273,3,LAMD - Lamp darkroom,Mandatory,EDIM - Diagnostic Imaging equipment
nom_1274,3,LAMF - Fluorescent lamp,Mandatory,PLIG - Lighting
nom_1275,3,LAMI - Lamivudine (3CT),Mandatory,DORA - Oral Drugs
nom_1276,3,LAMP - Lamp,Mandatory,ELAE - Laboratory Equipment
nom_1277,3,LAMP - Lamp,Mandatory,PLIG - Lighting
nom_1278,3,LANC - Blood Lancet,Mandatory,ELAE - Laboratory Equipment
nom_1279,3,LANY - Lanyard,Mandatory,PSAF - Safety And Protective Equipment
nom_1280,3,LAOP - Operating Lamp,Mandatory,EHOE - Hospital Equipment
nom_1281,3,"LARB - Laryngoscope, Bulb",Mandatory,EANE - Anaesthesia
nom_1282,3,LARY - Laryngoscope,Mandatory,EANE - Anaesthesia
nom_1283,3,"LAWB - Law, Book",Mandatory,L072 - Humanitarian Assistance - Law
nom_1284,3,"LAWG - Law, Guide",Mandatory,L072 - Humanitarian Assistance - Law
nom_1285,3,LBUI - Building list,Mandatory,KCAM - Camps Kits
nom_1286,3,LEAS - Leaf spring  for TOYOTA,Mandatory,TXTO - Spare Parts Toyota
nom_1287,3,LEFL - Levofloxacin,Mandatory,DORA - Oral Drugs
nom_1288,3,"LEIB - Leishmaniosis, Book",Mandatory,L006 - Parasitic Infectious Diseases
nom_1289,3,LEID - Leishmaniosis on CD rom,Mandatory,L006 - Parasitic Infectious Diseases
nom_1290,3,"LEIG - Leishmaniosis, Guide",Mandatory,L006 - Parasitic Infectious Diseases
nom_1291,3,LEIS - Leishmaniasis rapid test,Mandatory,DDGT - Diagnostic tests
nom_1292,3,LENT - Lentils,Mandatory,NFOO - Food Commodities
nom_1293,3,"LEPB - Leprosy, Book",Mandatory,L004 - Bacterial Infectious Diseases
nom_1294,3,"LETT - Letter, brasse",Mandatory,EDIM - Diagnostic Imaging equipment
nom_1295,3,LEVB - Levobupivacaine,Mandatory,DINJ - Injectable Drugs
nom_1296,3,LEVC - Levodopa / Carbidopa,Mandatory,DORA - Oral Drugs
nom_1297,3,LEVE - Level,Mandatory,PTOO - Tools
nom_1298,3,LEVE - Tyre lever,Mandatory,TVEA - Vehicles Accessories
nom_1299,3,LEVN - Levonorgestrel,Mandatory,DINJ - Injectable Drugs
nom_1300,3,LEVN - Levonorgestrel,Mandatory,DORA - Oral Drugs
nom_1301,3,LEVO - Levothyroxine,Mandatory,DORA - Oral Drugs
nom_1302,3,"LIBG - Library, Guide",Mandatory,L045 - Catalogues & Order Lists
nom_1303,3,LIBR - Library checklist for diagnostic imaging,Mandatory,IDIM - Diagnostic imaging checklists
nom_1304,3,LICO - Lightning protector,Mandatory,PCOM - Communication
nom_1305,3,LIDE - Lidocaine/Epinephrine,Mandatory,DINJ - Injectable Drugs
nom_1306,3,LIDO - Lidocaine,Mandatory,DEXT - Drugs External Use
nom_1307,3,LIDO - Lidocaine,Mandatory,DINJ - Injectable Drugs
nom_1308,3,LIFE - Fall arrest lifeline,Mandatory,PSAF - Safety And Protective Equipment
nom_1309,3,LIFJ - Life jacket,Mandatory,PSAF - Safety And Protective Equipment
nom_1310,3,LIGH - Light,Mandatory,TVEA - Vehicles Accessories
nom_1311,3,LIGH - Lighter,Mandatory,ALIF - Team Life
nom_1312,3,LIME - Hydraulic lime,Mandatory,CBUI - Building
nom_1313,3,LINE - Linezolid,Mandatory,DORA - Oral Drugs
nom_1314,3,LIQU - Liquid,Mandatory,TVEC - Vehicles Consumables
nom_1315,3,LIQW - Washing-up liquid,Mandatory,PHYG - Hygiene
nom_1316,3,LLIN - Long lasting insecticidal net,Mandatory,CWAT - Water And Sanitation
nom_1317,3,LOCK - Lock,Mandatory,PHDW - Hardware
nom_1318,3,LOGB - Logbook holder,Mandatory,TVEA - Vehicles Accessories
nom_1319,3,LOGD - Logistics CD-Rom,Mandatory,L040 - Logistics
nom_1320,3,LOGG - Logistic guide,Mandatory,L047 - Supply
nom_1321,3,"LOGG - Logistics, Guide",Mandatory,L040 - Logistics
nom_1322,3,"LOGG - Logistix, Guide",Mandatory,L044 - Data Processing
nom_1323,3,LOJE - Lowenstein-Jensen,Mandatory,SLAS - Laboratory Reagents
nom_1324,3,LOPE - Loperamide,Mandatory,DORA - Oral Drugs
nom_1325,3,LPRF - Lopinavir (LPV) / Ritonavir (r),Mandatory,DORA - Oral Drugs
nom_1326,3,LPUR - Local purchase,Mandatory,ALST - Logistic Stationery
nom_1327,3,LSNV - Lamivudine / Stavudine / Nevirapine,Mandatory,DORA - Oral Drugs
nom_1328,3,LSTA - Lamivudine / Stavudine,Mandatory,DORA - Oral Drugs
nom_1329,3,LUBR - Lubricant,Mandatory,CWAT - Water And Sanitation
nom_1330,3,LUBR - Lubricant,Mandatory,TVEC - Vehicles Consumables
nom_1331,3,LUGG - Logul Of Gram,Mandatory,SLAS - Laboratory Reagents
nom_1332,3,LUGO - Lugol,Mandatory,SLAS - Laboratory Reagents
nom_1333,3,LZAB - Lamivudine/ Zidovudine + ABC,Mandatory,DORA - Oral Drugs
nom_1334,3,LZAF - Lamivudine / Zidovudine / Abacavir,Mandatory,DORA - Oral Drugs
nom_1335,3,LZEB - Lamivudine / Zidovudine + Efavirenz,Mandatory,DORA - Oral Drugs
nom_1336,3,LZNV - Lamivudine / Zidovudine / Nevirapin,Mandatory,DORA - Oral Drugs
nom_1337,3,M59D - Peugeot Partner M59 diesel,Mandatory,TPEU - Peugeot
nom_1338,3,"MABB - Mallet, Bone, Bergmann",Mandatory,ESUR - Surgical Instruments
nom_1339,3,MACE - Macedoine,Mandatory,AFOO - Food For Msf Staff
nom_1340,3,MACH - Machete,Mandatory,PTOO - Tools
nom_1341,3,MACK - Mackerel,Mandatory,AFOO - Food For Msf Staff
nom_1342,3,"MADA - Module, adaptation",Mandatory,KWAT - Water And Sanitation Kits
nom_1343,3,"MADM - Module, administration",Mandatory,KADM - Administration Kits
nom_1344,3,MAFT - Mask fit test,Mandatory,ELIN - Linen And Protective Clothing
nom_1345,3,MAGG - Magnifying glass,Mandatory,ASTA - Stationery
nom_1346,3,MAGN - Magnesium,Mandatory,DORA - Oral Drugs
nom_1347,3,MAGS - Magnesium sulfate,Mandatory,DINJ - Injectable Drugs
nom_1348,3,MAIZ - Maize,Mandatory,NFOO - Food Commodities
nom_1349,3,MALA - Malathion,Mandatory,DEXT - Drugs External Use
nom_1350,3,"MALA - Mask, laryngeal",Mandatory,EANE - Anaesthesia
nom_1351,3,"MALB - Malaria, Book",Mandatory,L006 - Parasitic Infectious Diseases
nom_1352,3,"MALB - Malaria, Book",Mandatory,L013 - Laboratory
nom_1353,3,"MALF - Malaria P.f. diagnostic test, CD",Mandatory,LEAF - Leaflets
nom_1354,3,"MALF - Malaria, p. falciparum",Mandatory,DDGT - Diagnostic tests
nom_1355,3,"MALG - Malaria, Guide",Mandatory,L006 - Parasitic Infectious Diseases
nom_1356,3,MALL - Mallet,Mandatory,PTOO - Tools
nom_1357,3,"MALP - Malaria  P.f./Pan-Combo diagn. test, CD",Mandatory,LEAF - Leaflets
nom_1358,3,"MALP - Malaria, pan pLDH",Mandatory,DDGT - Diagnostic tests
nom_1359,3,MANA - Anaesthesia Module,Mandatory,KMED - Medical Kits
nom_1360,3,"MANB - Management, Book",Mandatory,L025 - Health Services Management
nom_1361,3,"MANG - Management, Guide",Mandatory,L025 - Health Services Management
nom_1362,3,"MANG - Management, Guide",Mandatory,L050 - Administration - Finances
nom_1363,3,"MANG - Management, Guide",Mandatory,L051 - Human Resources Management
nom_1364,3,"MANT - Module, antenna",Mandatory,KCOM - Communication Kits
nom_1365,3,"MARC - Marker, colour",Mandatory,EPSY - Equipment for psychological support
nom_1366,3,MARG - Margarine,Mandatory,AFOO - Food For Msf Staff
nom_1367,3,"MARK - Marker, permanent, black",Mandatory,ELAE - Laboratory Equipment
nom_1368,3,MASA - Anaesthesia Mask,Mandatory,EANE - Anaesthesia
nom_1369,3,MASG - Gas mask,Mandatory,PSAF - Safety And Protective Equipment
nom_1370,3,"MASO - Mask, oxygen",Mandatory,"SCTD - Catheters, Tubes And Drains"
nom_1371,3,MASP - Respirator,Mandatory,ELIN - Linen And Protective Clothing
nom_1372,3,MASP - Respiratory protection,Mandatory,PSAF - Safety And Protective Equipment
nom_1373,3,MASS - Surgical Mask,Mandatory,ELIN - Linen And Protective Clothing
nom_1374,3,MATC - Matches,Mandatory,ALIF - Team Life
nom_1375,3,MATG - Ground mat,Mandatory,ALIF - Team Life
nom_1376,3,MATT - Matting,Mandatory,CBUI - Building
nom_1377,3,MATT - Mattress,Mandatory,ALIF - Team Life
nom_1378,3,MATT - Mattress,Mandatory,EHOE - Hospital Equipment
nom_1379,3,"MAUT - Module, autoclave",Mandatory,KMED - Medical Kits
nom_1380,3,"MCAB - Module, electrical cable",Mandatory,KPRO - Programme Support Kits
nom_1381,3,"MCAL - Module, calculator",Mandatory,KADM - Administration Kits
nom_1382,3,MCHB - Mother and child health book,Mandatory,L009 - Gynaecology - Obstetrics
nom_1383,3,"MCHL - Module, chlorination",Mandatory,KWAT - Water And Sanitation Kits
nom_1384,3,MCHO - Cholera Module,Mandatory,KMED - Medical Kits
nom_1385,3,"MCOL - Module, laptop computer",Mandatory,KADM - Administration Kits
nom_1386,3,"MCOO - Module, cooking",Mandatory,KCAM - Camps Kits
nom_1387,3,"MDEN - Module, dengue, 1 000 persons",Mandatory,KWAT - Water And Sanitation Kits
nom_1388,3,MDIS - Disaster Module,Mandatory,KMED - Medical Kits
nom_1389,3,"MDIS - Module, water distribution",Mandatory,KWAT - Water And Sanitation Kits
nom_1390,3,"MDOS - Module, dosing pump",Mandatory,KWAT - Water And Sanitation Kits
nom_1391,3,MDRE - Dressing Module,Mandatory,KMED - Medical Kits
nom_1392,3,MDRS - Dressing Module,Mandatory,KMED - Medical Kits
nom_1393,3,"MDUP - Module, duplicator",Mandatory,KADM - Administration Kits
nom_1394,3,MEAA - Measuring apparatus,Mandatory,EANT - Anthropometric Equipment
nom_1395,3,"MEAB - Measles, Book",Mandatory,L003 - Viral Infectious Diseases
nom_1396,3,"MEAG - Measle, Guide",Mandatory,L003 - Viral Infectious Diseases
nom_1397,3,"MEAG - Measles vaccination, guide",Mandatory,L015 - Immunization - Cold Chain
nom_1398,3,MEAJ - Measuring jug,Mandatory,PCOO - Cooking
nom_1399,3,MEAR - Measuring tools,Mandatory,PTOO - Tools
nom_1400,3,MEAT - Meat,Mandatory,AFOO - Food For Msf Staff
nom_1401,3,MEBE - Mebendazole,Mandatory,DORA - Oral Drugs
nom_1402,3,MEBO - Viral haemorrhagic fever module,Mandatory,KMED - Medical Kits
nom_1403,3,"MECB - Mechanic, Book",Mandatory,L041 - Mechanics /Transport
nom_1404,3,"MECD - Mechanics, Digital Media",Mandatory,L041 - Mechanics /Transport
nom_1405,3,"MECG - Mechanic, Guide",Mandatory,L040 - Logistics
nom_1406,3,"MECG - Mechanic, Guide",Mandatory,L041 - Mechanics /Transport
nom_1407,3,MECY - Menstruation cycle,Mandatory,ETPO - Training Posters
nom_1408,3,"MEDB - Medecine, Humanitary, Book",Mandatory,L001 - Medicine General Information
nom_1409,3,"MEDB - Medecine, Humanitary, Book",Mandatory,L070 - Humanitarian Assistance
nom_1410,3,"MEDB - Medical, Book",Mandatory,L002 - Internal Medicine
nom_1411,3,MEDR - Depo Medroxyprogesterone,Mandatory,DINJ - Injectable Drugs
nom_1412,3,MEET - Mercapto-ethanol,Mandatory,SLAS - Laboratory Reagents
nom_1413,3,MEFL - Mefloquine,Mandatory,DORA - Oral Drugs
nom_1414,3,MEGA - Megaphone,Mandatory,PCOM - Communication
nom_1415,3,MEGA - Meglumine Antimoniate,Mandatory,DINJ - Injectable Drugs
nom_1416,3,MEHB - Mental health,Mandatory,L019 - Refugees - Displaced
nom_1417,3,MELA - Melarsoprol,Mandatory,DINJ - Injectable Drugs
nom_1418,3,MEMK - USB memory key,Mandatory,ADAP - Data Processing
nom_1419,3,MEMR - RAM memory,Mandatory,ADAP - Data Processing
nom_1420,3,"MEND - Meningitis, Digital Media",Mandatory,L013 - Laboratory
nom_1421,3,"MENG - Meningitis, Guide",Mandatory,L004 - Bacterial Infectious Diseases
nom_1422,3,MENT - Meningitis Test,Mandatory,DDGT - Diagnostic tests
nom_1423,3,MERG - Methylergometrine,Mandatory,DINJ - Injectable Drugs
nom_1424,3,MERG - Methylergometrine,Mandatory,DORA - Oral Drugs
nom_1425,3,MESG - skin graft mesher,Mandatory,ESUR - Surgical Instruments
nom_1426,3,"MESN - Mesh, surgical, NON absorbable",Mandatory,SSUT - Sutures
nom_1427,3,META - Methylic Alcool,Mandatory,SLAS - Laboratory Reagents
nom_1428,3,METB - Methylene Blue,Mandatory,SLAS - Laboratory Reagents
nom_1429,3,METF - Metformin,Mandatory,DORA - Oral Drugs
nom_1430,3,METN - Metronidazol,Mandatory,DINJ - Injectable Drugs
nom_1431,3,METN - Metronidazol,Mandatory,DORA - Oral Drugs
nom_1432,3,METO - Metoclopramide,Mandatory,DINJ - Injectable Drugs
nom_1433,3,METO - Metoclopramide,Mandatory,DORA - Oral Drugs
nom_1434,3,METR - Metrology tools,Mandatory,PTOO - Tools
nom_1435,3,METY - Methyldopa,Mandatory,DORA - Oral Drugs
nom_1436,3,MEXA - Examination Material Module,Mandatory,KMED - Medical Kits
nom_1437,3,MFAI - First Aid Drugs Module,Mandatory,KMED - Medical Kits
nom_1438,3,"MFAX - Module, fax machine",Mandatory,KADM - Administration Kits
nom_1439,3,"MFOS - Module, sampling food commodities",Mandatory,KMED - Medical Kits
nom_1440,3,"MFRI - Module, refrigerator maintenance",Mandatory,KPRO - Programme Support Kits
nom_1441,3,"MFUR - Module, furniture",Mandatory,KADM - Administration Kits
nom_1442,3,MGIT - Mycobacteria growth indicator,Mandatory,SLAS - Laboratory Reagents
nom_1443,3,MGIT - Mycobacterial detection system,Mandatory,ELAE - Laboratory Equipment
nom_1444,3,"MHDW - Module, hardware",Mandatory,KPRO - Programme Support Kits
nom_1445,3,"MHFB - Module, HF base station",Mandatory,KCOM - Communication Kits
nom_1446,3,"MHFM - Module, HF mobile station",Mandatory,KCOM - Communication Kits
nom_1447,3,"MHHE - Module hospital, equipment",Mandatory,KMED - Medical Kits
nom_1448,3,"MHHM - Module hospital, medicines",Mandatory,KMED - Medical Kits
nom_1449,3,"MHHS - Module hospital, renewable supplies",Mandatory,KMED - Medical Kits
nom_1450,3,MHMI - Module stationary hospital kit,Mandatory,KADM - Administration Kits
nom_1451,3,"MHOM - Operation theatre module, medicines",Mandatory,KMED - Medical Kits
nom_1452,3,"MHOO - KIT HOSPITAL, ordering information",Mandatory,KMED - Medical Kits
nom_1453,3,"MHOS - Module, hose",Mandatory,KWAT - Water And Sanitation Kits
nom_1454,3,"MHOS - Operation theatre module, renew.supplies",Mandatory,KMED - Medical Kits
nom_1455,3,"MHTM - Module triage & OPD, medicines",Mandatory,KMED - Medical Kits
nom_1456,3,"MHWM - Module ward, medicines",Mandatory,KMED - Medical Kits
nom_1457,3,MICO - Miconazole,Mandatory,DEXT - Drugs External Use
nom_1458,3,MICO - Miconazole,Mandatory,DORA - Oral Drugs
nom_1459,3,MICR - Microscope,Mandatory,ELAE - Laboratory Equipment
nom_1460,3,MIDA - Midazolam,Mandatory,DINJ - Injectable Drugs
nom_1461,3,MIDB - Middlebrook,Mandatory,SLAS - Laboratory Reagents
nom_1462,3,"MIDE - Module, identification",Mandatory,KPRO - Programme Support Kits
nom_1463,3,MIFP - Mifepristone,Mandatory,DORA - Oral Drugs
nom_1464,3,"MILI - Milk, infant",Mandatory,NFOS - Specialized Food
nom_1465,3,MILK - Milk,Mandatory,AFOO - Food For Msf Staff
nom_1466,3,MILK - Milk,Mandatory,NFOS - Specialized Food
nom_1467,3,MILL - Millet,Mandatory,NFOO - Food Commodities
nom_1468,3,MILP - Microloop Pasteur,Mandatory,ELAE - Laboratory Equipment
nom_1469,3,MILT - Miltefosine,Mandatory,DORA - Oral Drugs
nom_1470,3,MIMM - Module Immunization,Mandatory,KMED - Medical Kits
nom_1471,3,MINB - Minimum to know,Mandatory,CBUI - Building
nom_1472,3,"MINC - Module, incinerator",Mandatory,KWAT - Water And Sanitation Kits
nom_1473,3,"MINS - Module, installation",Mandatory,KCAM - Camps Kits
nom_1474,3,MINU - Micronutrient complex,Mandatory,NFOS - Specialized Food
nom_1475,3,MIRR - Mirror,Mandatory,ESUD - Dental Surgical Instruments
nom_1476,3,MIRR - Mirror,Mandatory,PHYG - Hygiene
nom_1477,3,MIRR - Mirror,Mandatory,PTOO - Tools
nom_1478,3,MISC - Miscellaneous,Mandatory,ADAP - Data Processing
nom_1479,3,MISC - Miscellaneous,Mandatory,AFOO - Food For Msf Staff
nom_1480,3,MISC - Miscellaneous,Mandatory,AFUR - Furnitures
nom_1481,3,MISC - Miscellaneous,Mandatory,ALIF - Team Life
nom_1482,3,MISC - Miscellaneous,Mandatory,ALST - Logistic Stationery
nom_1483,3,MISC - Miscellaneous,Mandatory,AOFF - Office Equipment
nom_1484,3,MISC - Miscellaneous,Mandatory,ASTA - Stationery
nom_1485,3,MISC - Miscellaneous,Mandatory,CBUI - Building
nom_1486,3,MISC - Miscellaneous,Mandatory,CSHE - Shelters
nom_1487,3,MISC - Miscellaneous,Mandatory,CWAT - Water And Sanitation
nom_1488,3,MISC - Miscellaneous,Mandatory,DDGT - Diagnostic tests
nom_1489,3,MISC - Miscellaneous,Mandatory,DEXO - Ophtalmic Drugs For External Use
nom_1490,3,MISC - Miscellaneous,Mandatory,DEXT - Drugs External Use
nom_1491,3,MISC - Miscellaneous,Mandatory,DINF - Infusions
nom_1492,3,MISC - Miscellaneous,Mandatory,DINJ - Injectable Drugs
nom_1493,3,MISC - Miscellaneous,Mandatory,DORA - Oral Drugs
nom_1494,3,MISC - Miscellaneous,Mandatory,DVAC - Vaccines
nom_1495,3,MISC - Miscellaneous,Mandatory,EANE - Anaesthesia
nom_1496,3,MISC - Miscellaneous,Mandatory,EANT - Anthropometric Equipment
nom_1497,3,MISC - Miscellaneous,Mandatory,EDIM - Diagnostic Imaging equipment
nom_1498,3,MISC - Miscellaneous,Mandatory,EHOE - Hospital Equipment
nom_1499,3,MISC - Miscellaneous,Mandatory,ELAE - Laboratory Equipment
nom_1500,3,MISC - Miscellaneous,Mandatory,ELIN - Linen And Protective Clothing
nom_1501,3,MISC - Miscellaneous,Mandatory,EMEQ - Medical Equipment
nom_1502,3,MISC - Miscellaneous,Mandatory,EPSY - Equipment for psychological support
nom_1503,3,MISC - Miscellaneous,Mandatory,ESTE - Sterilization
nom_1504,3,MISC - Miscellaneous,Mandatory,ESUD - Dental Surgical Instruments
nom_1505,3,MISC - Miscellaneous,Mandatory,ESUF - Surgical Instruments For External Fixator
nom_1506,3,MISC - Miscellaneous,Mandatory,ESUO - Ophtalmic Surgical Instruments
nom_1507,3,MISC - Miscellaneous,Mandatory,ESUR - Surgical Instruments
nom_1508,3,MISC - Miscellaneous,Mandatory,ETMA - Training Mannequins
nom_1509,3,MISC - Miscellaneous,Mandatory,ETPO - Training Posters
nom_1510,3,MISC - Miscellaneous,Mandatory,SIGN - NAIL OF SIGN material
nom_1511,3,MISC - Miscellaneous,Mandatory,KADM - Administration Kits
nom_1512,3,MISC - Miscellaneous,Mandatory,NFOO - Food Commodities
nom_1513,3,MISC - Miscellaneous,Mandatory,NFOS - Specialized Food
nom_1514,3,MISC - Miscellaneous,Mandatory,PCOL - Cold Chain
nom_1515,3,MISC - Miscellaneous,Mandatory,PCOM - Communication
nom_1516,3,MISC - Miscellaneous,Mandatory,PCOO - Cooking
nom_1517,3,MISC - Miscellaneous,Mandatory,PELE - Electricity
nom_1518,3,MISC - Miscellaneous,Mandatory,PHDW - Hardware
nom_1519,3,MISC - Miscellaneous,Mandatory,PHYG - Hygiene
nom_1520,3,MISC - Miscellaneous,Mandatory,PIDE - Identification
nom_1521,3,MISC - Miscellaneous,Mandatory,PLIG - Lighting
nom_1522,3,MISC - Miscellaneous,Mandatory,PPAC - Packing And Handling
nom_1523,3,MISC - Miscellaneous,Mandatory,PPAI - Paint
nom_1524,3,MISC - Miscellaneous,Mandatory,PSAF - Safety And Protective Equipment
nom_1525,3,MISC - Miscellaneous,Mandatory,PTOO - Tools
nom_1526,3,MISC - Miscellaneous,Mandatory,PX-- - Spare parts
nom_1527,3,MISC - Miscellaneous,Mandatory,"SCTD - Catheters, Tubes And Drains"
nom_1528,3,MISC - Miscellaneous,Mandatory,SDRE - Dressings
nom_1529,3,MISC - Miscellaneous,Mandatory,SINS - Injection Supplies
nom_1530,3,MISC - Miscellaneous,Mandatory,SLAS - Laboratory Reagents
nom_1531,3,MISC - Miscellaneous,Mandatory,SMST - Medical Stationery
nom_1532,3,MISC - Miscellaneous,Mandatory,SMSU - Small Medical Supplies
nom_1533,3,MISC - Miscellaneous,Mandatory,SSUT - Sutures
nom_1534,3,MISC - Miscellaneous,Mandatory,SDIM - Diagnostic imaging supplies
nom_1535,3,MISC - Miscellaneous,Mandatory,TBOA - Boats
nom_1536,3,MISC - Miscellaneous,Mandatory,TTOY - Toyota Vehicles
nom_1537,3,MISC - Miscellaneous,Mandatory,TVEA - Vehicles Accessories
nom_1538,3,MISC - Miscellaneous,Mandatory,TVEC - Vehicles Consumables
nom_1539,3,MISC - Miscellaneous,Mandatory,TVEM - Vehicles Modifications
nom_1540,3,MISC - Miscellaneous,Mandatory,TXTO - Spare Parts Toyota
nom_1541,3,MISC - Miscellaneous,Mandatory,TXYA - Spare Parts Yamaha
nom_1542,3,MISC - Miscellaneous,Mandatory,CSEM - Semipermanent Shelter
nom_1543,3,MISC - Miscellaneous,Mandatory,CXHA - Spare Parts Hayward
nom_1544,3,MISC - Miscellaneous,Mandatory,DDIS - Disinfectants
nom_1545,3,MISC - Miscellaneous,Mandatory,EPHY - Physiotherapy equipment
nom_1546,3,MISC - Miscellaneous,Mandatory,ESIG - NAIL of SIGN material
nom_1547,3,MISC - Miscellaneous,Mandatory,ESTR - Stryker material for internal fixation
nom_1548,3,MISC - Miscellaneous,Mandatory,KCAM - Camps Kits
nom_1549,3,MISC - Miscellaneous,Mandatory,KCOM - Communication Kits
nom_1550,3,MISC - Miscellaneous,Mandatory,"KLIB - KIT, LIBRARY"
nom_1551,3,MISC - Miscellaneous,Mandatory,KMED - Medical Kits
nom_1552,3,MISC - Miscellaneous,Mandatory,KPRO - Programme Support Kits
nom_1553,3,MISC - Miscellaneous,Mandatory,KSUD - Dental Instrument Box
nom_1554,3,MISC - Miscellaneous,Mandatory,KSUO - Ophthalmic instruments boxes
nom_1555,3,MISC - Miscellaneous,Mandatory,KSUR - Surgical Instruments Sets
nom_1556,3,MISC - Miscellaneous,Mandatory,KTRA - Transport Kits
nom_1557,3,MISC - Miscellaneous,Mandatory,KWAT - Water And Sanitation Kits
nom_1558,3,MISC - Miscellaneous,Mandatory,L000 - MSF (articles written by MSF)
nom_1559,3,MISC - Miscellaneous,Mandatory,L001 - Medicine General Information
nom_1560,3,MISC - Miscellaneous,Mandatory,L002 - Internal Medicine
nom_1561,3,MISC - Miscellaneous,Mandatory,L003 - Viral Infectious Diseases
nom_1562,3,MISC - Miscellaneous,Mandatory,L004 - Bacterial Infectious Diseases
nom_1563,3,MISC - Miscellaneous,Mandatory,L005 - MYCOLOGICAL INFECTIOUS DISEASES
nom_1564,3,MISC - Miscellaneous,Mandatory,L006 - Parasitic Infectious Diseases
nom_1565,3,MISC - Miscellaneous,Mandatory,L007 - Std - Aids
nom_1566,3,MISC - Miscellaneous,Mandatory,L008 - Surgery-Anaesthesia-Dentistry-Physiotherapy-Transf
nom_1567,3,MISC - Miscellaneous,Mandatory,L009 - Gynaecology - Obstetrics
nom_1568,3,MISC - Miscellaneous,Mandatory,L010 - Paediatrics
nom_1569,3,MISC - Miscellaneous,Mandatory,L011 - Ophthalmology - Dermatology
nom_1570,3,MISC - Miscellaneous,Mandatory,L012 - Radiology - Medical Imaging
nom_1571,3,MISC - Miscellaneous,Mandatory,L013 - Laboratory
nom_1572,3,MISC - Miscellaneous,Mandatory,L014 - Pharmacology
nom_1573,3,MISC - Miscellaneous,Mandatory,L015 - Immunization - Cold Chain
nom_1574,3,MISC - Miscellaneous,Mandatory,L016 - Nutrition
nom_1575,3,MISC - Miscellaneous,Mandatory,L017 - REPRODUCTIVE HEALTH
nom_1576,3,MISC - Miscellaneous,Mandatory,L018 - Water & Sanitation
nom_1577,3,MISC - Miscellaneous,Mandatory,L019 - Refugees - Displaced
nom_1578,3,MISC - Miscellaneous,Mandatory,L020 - Emergencies - Disasters - Conflicts
nom_1579,3,MISC - Miscellaneous,Mandatory,L021 - Training - Education
nom_1580,3,MISC - Miscellaneous,Mandatory,L022 - Community Health
nom_1581,3,MISC - Miscellaneous,Mandatory,L023 - Anthropology
nom_1582,3,MISC - Miscellaneous,Mandatory,L024 - Epidemiology - Statistics
nom_1583,3,MISC - Miscellaneous,Mandatory,L025 - Health Services Management
nom_1584,3,MISC - Miscellaneous,Mandatory,L026 - Drugs Management
nom_1585,3,MISC - Miscellaneous,Mandatory,L027 - Mental Health
nom_1586,3,MISC - Miscellaneous,Mandatory,L028 - Health Of Expatriates
nom_1587,3,MISC - Miscellaneous,Mandatory,L029 - Nursing - Infection Control
nom_1588,3,MISC - Miscellaneous,Mandatory,L030 - INFECTION CONTROL
nom_1589,3,MISC - Miscellaneous,Mandatory,L031 - SOCIAL ISSUES
nom_1590,3,MISC - Miscellaneous,Mandatory,L040 - Logistics
nom_1591,3,MISC - Miscellaneous,Mandatory,L041 - Mechanics /Transport
nom_1592,3,MISC - Miscellaneous,Mandatory,L042 - Telecommunication
nom_1593,3,MISC - Miscellaneous,Mandatory,L043 - Building - Shelters
nom_1594,3,MISC - Miscellaneous,Mandatory,L044 - Data Processing
nom_1595,3,MISC - Miscellaneous,Mandatory,L045 - Catalogues & Order Lists
nom_1596,3,MISC - Miscellaneous,Mandatory,L046 - Food Aid
nom_1597,3,MISC - Miscellaneous,Mandatory,L047 - Supply
nom_1598,3,MISC - Miscellaneous,Mandatory,L048 - Energy
nom_1599,3,MISC - Miscellaneous,Mandatory,L050 - Administration - Finances
nom_1600,3,MISC - Miscellaneous,Mandatory,L051 - Human Resources Management
nom_1601,3,MISC - Miscellaneous,Mandatory,L052 - Security
nom_1602,3,MISC - Miscellaneous,Mandatory,L060 - MSF - GENERAL FACTS
nom_1603,3,MISC - Miscellaneous,Mandatory,L061 - Msf - Publications
nom_1604,3,MISC - Miscellaneous,Mandatory,L062 - MSF - INTERNAL DOCUMENTS
nom_1605,3,MISC - Miscellaneous,Mandatory,L070 - Humanitarian Assistance
nom_1606,3,MISC - Miscellaneous,Mandatory,L071 - CONTEXTS - GEOPOLITICS
nom_1607,3,MISC - Miscellaneous,Mandatory,L072 - Humanitarian Assistance - Law
nom_1608,3,MISC - Miscellaneous,Mandatory,L073 - Humanitarian Assistance - Interventions
nom_1609,3,MISC - Miscellaneous,Mandatory,L074 - NTERNATIONAL ORGANISATIONS
nom_1610,3,MISC - Miscellaneous,Mandatory,L075 - NGO's
nom_1611,3,MISC - Miscellaneous,Mandatory,L076 - STATES: HUM. ASSISTANCE
nom_1612,3,MISC - Miscellaneous,Mandatory,L077 - Languages
nom_1613,3,MISC - Miscellaneous,Mandatory,LEAF - Leaflets
nom_1614,3,MISC - Miscellaneous,Mandatory,NFST - Food commodities stationary
nom_1615,3,MISC - Miscellaneous,Mandatory,NSST - Specialized food stationary
nom_1616,3,MISC - Miscellaneous,Mandatory,PXDV - Spare Parts Davey
nom_1617,3,MISC - Miscellaneous,Mandatory,PXHO - Spare Parts Honda
nom_1618,3,MISC - Miscellaneous,Mandatory,PXKO - Spare Parts Koshin
nom_1619,3,MISC - Miscellaneous,Mandatory,PXLI - Spare Parts Lister
nom_1620,3,MISC - Miscellaneous,Mandatory,PXLO - Spare Parts Lombardini
nom_1621,3,MISC - Miscellaneous,Mandatory,PXRO - Spare Parts Robin
nom_1622,3,MISC - Miscellaneous,Mandatory,PXYN - Spare Parts Yanmar
nom_1623,3,MISC - Miscellaneous,Mandatory,SXRS - X-ray supplies (stopped)
nom_1624,3,MISC - Miscellaneous,Mandatory,THON - Honda
nom_1625,3,MISC - Miscellaneous,Mandatory,TMER - Mercedes
nom_1626,3,MISC - Miscellaneous,Mandatory,TPEU - Peugeot
nom_1627,3,MISC - Miscellaneous,Mandatory,TXHO - Spare parts Honda
nom_1628,3,MISC - Miscellaneous,Mandatory,TXLA - Spare Parts Land Rover
nom_1629,3,MISC - Miscellaneous,Mandatory,TXME - Spare parts Mercedes
nom_1630,3,MISC - Miscellaneous,Mandatory,TXPE - Spare Parts Peugeot
nom_1631,3,MISC - Miscellaneous,Mandatory,XCUS - Custom fees
nom_1632,3,MISC - Miscellaneous,Mandatory,XFRE - Freight
nom_1633,3,MISC - Miscellaneous,Mandatory,XINS - Insurance
nom_1634,3,MISC - Miscellaneous,Mandatory,XMAI - Maintenance
nom_1635,3,MISC - Miscellaneous,Mandatory,XREN - Rental
nom_1636,3,MISC - Miscellaneous,Mandatory,XREP - Repairs
nom_1637,3,MISC - Miscellaneous,Mandatory,XTAX - Taxes
nom_1638,3,MISC - Miscellaneous,Mandatory,XTRA - Transport
nom_1639,3,MISP - Misoprostol,Mandatory,DORA - Oral Drugs
nom_1640,3,MLAB - Laboratory Module,Mandatory,KMED - Medical Kits
nom_1641,3,"MLIF - Module, team life",Mandatory,KADM - Administration Kits
nom_1642,3,"MLIG - Module, lighting",Mandatory,KPRO - Programme Support Kits
nom_1643,3,"MLIS - Linen, single use",Mandatory,KMED - Medical Kits
nom_1644,3,"MLOG - Module, logistic",Mandatory,KPRO - Programme Support Kits
nom_1645,3,"MMAI - Module, generator maintenance",Mandatory,KPRO - Programme Support Kits
nom_1646,3,"MMAI - Module, vehicle maintenance",Mandatory,KTRA - Transport Kits
nom_1647,3,MMHO - Module maintenance for HONDA engine,Mandatory,KPRO - Programme Support Kits
nom_1648,3,MMNS - Multiple micronutrient,Mandatory,DORA - Oral Drugs
nom_1649,3,"MMOD - Module, vehicle modification",Mandatory,KTRA - Transport Kits
nom_1650,3,MMSU - Medical-Surgical Module,Mandatory,KMED - Medical Kits
nom_1651,3,MMYN - Module maintenance for YANMAR engine,Mandatory,KPRO - Programme Support Kits
nom_1652,3,MNUT - Nutrition Module,Mandatory,KMED - Medical Kits
nom_1653,3,MOBP - Mobile phone,Mandatory,PCOM - Communication
nom_1654,3,MODE - Modem,Mandatory,ADAP - Data Processing
nom_1655,3,MONI - Monitor,Mandatory,EANE - Anaesthesia
nom_1656,3,MONI - Monitor,Mandatory,EDIM - Diagnostic Imaging equipment
nom_1657,3,MONI - Monitor,Mandatory,EHOE - Hospital Equipment
nom_1658,3,MORP - Morphine,Mandatory,DINJ - Injectable Drugs
nom_1659,3,MORP - Morphine,Mandatory,DORA - Oral Drugs
nom_1660,3,MORT - Mortar,Mandatory,ELAE - Laboratory Equipment
nom_1661,3,MOSN - Mosquito net,Mandatory,PHDW - Hardware
nom_1662,3,MOSN - Mosquito net,Mandatory,TVEA - Vehicles Accessories
nom_1663,3,MOSQ - Anti- Mosquito cream,Mandatory,DEXT - Drugs External Use
nom_1664,3,MOUS - Mouse,Mandatory,ADAP - Data Processing
nom_1665,3,MOXI - Moxifloxacine,Mandatory,DORA - Oral Drugs
nom_1666,3,MPEP - Module Post Exposure Prophylaxis,Mandatory,KMED - Medical Kits
nom_1667,3,"MPHO - Module, photocopier",Mandatory,KADM - Administration Kits
nom_1668,3,"MPOS - Module, power supply",Mandatory,KPRO - Programme Support Kits
nom_1669,3,"MPPE - Module, personal protective equipment",Mandatory,KWAT - Water And Sanitation Kits
nom_1670,3,"MPRI - Module, printer",Mandatory,KADM - Administration Kits
nom_1671,3,"MPUD - Module, diesel motor pump",Mandatory,KWAT - Water And Sanitation Kits
nom_1672,3,"MPUE - Module, electrical pump",Mandatory,KWAT - Water And Sanitation Kits
nom_1673,3,"MPUP - Module, petrol motor pump",Mandatory,KWAT - Water And Sanitation Kits
nom_1674,3,MREC - Recovery room,Mandatory,KMED - Medical Kits
nom_1675,3,"MREP - Module, repeater",Mandatory,KCOM - Communication Kits
nom_1676,3,MRES - Resuscitation Module,Mandatory,KMED - Medical Kits
nom_1677,3,"MRTX - Module, radio telex",Mandatory,KCOM - Communication Kits
nom_1678,3,MSAM - Sampling Module,Mandatory,KMED - Medical Kits
nom_1679,3,MSDS - Material safety data sheet,Mandatory,PSAF - Safety And Protective Equipment
nom_1680,3,MSFB - MSF publication,Mandatory,L061 - Msf - Publications
nom_1681,3,"MSFD - MSF Publication, Digital",Mandatory,L061 - Msf - Publications
nom_1682,3,"MSFG - MSF, Guide",Mandatory,L061 - Msf - Publications
nom_1683,3,"MSHE - Module, shelter",Mandatory,KCAM - Camps Kits
nom_1684,3,"MSOL - Module, solar",Mandatory,KPRO - Programme Support Kits
nom_1685,3,"MSPR - Module, spraying",Mandatory,KWAT - Water And Sanitation Kits
nom_1686,3,"MSTA - Module, stationery",Mandatory,KADM - Administration Kits
nom_1687,3,MSTE - Sterilization Module,Mandatory,KMED - Medical Kits
nom_1688,3,MSUR - Surgical Module,Mandatory,KMED - Medical Kits
nom_1689,3,MSUT - Sutures Module,Mandatory,KMED - Medical Kits
nom_1690,3,"MTAN - Module, water tank",Mandatory,KWAT - Water And Sanitation Kits
nom_1691,3,"MTAP - Module, tap",Mandatory,KWAT - Water And Sanitation Kits
nom_1692,3,"MTES - Module, water testing",Mandatory,KWAT - Water And Sanitation Kits
nom_1693,3,"MTOO - Module, tools for radio",Mandatory,KCOM - Communication Kits
nom_1694,3,"MTOO - Module, water tools",Mandatory,KWAT - Water And Sanitation Kits
nom_1695,3,MTRA - Module Transfusion,Mandatory,KMED - Medical Kits
nom_1696,3,"MTRE - Module, water treatment",Mandatory,KWAT - Water And Sanitation Kits
nom_1697,3,MTUB - Module tuberculosis O2 concentrator,Mandatory,KMED - Medical Kits
nom_1698,3,"MUHF - Module, UHF",Mandatory,KCOM - Communication Kits
nom_1699,3,MULT - Multimeter,Mandatory,PELE - Electricity
nom_1700,3,MULT - Multimeter,Mandatory,PTOO - Tools
nom_1701,3,MULT - Multivitamin,Mandatory,DORA - Oral Drugs
nom_1702,3,MUSH - Mushrooms,Mandatory,AFOO - Food For Msf Staff
nom_1703,3,MVAC - Manual vacuum asp cannula,Mandatory,"SCTD - Catheters, Tubes And Drains"
nom_1704,3,MVAS - Manual vacuum asp syringe,Mandatory,"SCTD - Catheters, Tubes And Drains"
nom_1705,3,"MVHF - Module, VHF",Mandatory,KCOM - Communication Kits
nom_1706,3,"MWAM - Module, waste management",Mandatory,KWAT - Water And Sanitation Kits
nom_1707,3,"MWHE - Module, second spare wheel",Mandatory,KTRA - Transport Kits
nom_1708,3,"MWIN - Module, winter preparation",Mandatory,KTRA - Transport Kits
nom_1709,3,NADC - NaDCC,Mandatory,DDIS - Disinfectants
nom_1710,3,NADR - Nadroparin,Mandatory,DINJ - Injectable Drugs
nom_1711,3,NAIL - Nail,Mandatory,PHDW - Hardware
nom_1712,3,"NAIS - Nail, Steinmann",Mandatory,ESUR - Surgical Instruments
nom_1713,3,NALC - N-Actetyl-L-Cysteine,Mandatory,SLAS - Laboratory Reagents
nom_1714,3,NALO - Nalaxone,Mandatory,DINJ - Injectable Drugs
nom_1715,3,NAPP - Nappy,Mandatory,PHYG - Hygiene
nom_1716,3,NEBB - Needle bone marrow asp./biopsy,Mandatory,SINS - Injection Supplies
nom_1717,3,"NEBU - Nebulizer, ultrasonic",Mandatory,EHOE - Hospital Equipment
nom_1718,3,NEED - Needle,Mandatory,PTOO - Tools
nom_1719,3,NEED - Single use needle,Mandatory,SINS - Injection Supplies
nom_1720,3,"NEET - Needle,'Tronculaire'",Mandatory,ESUD - Dental Surgical Instruments
nom_1721,3,NEHC - Neddle Holder Of Castraviejo,Mandatory,ESUO - Ophtalmic Surgical Instruments
nom_1722,3,NEHC - Needle Holder of Crile-Wood,Mandatory,ESUR - Surgical Instruments
nom_1723,3,NEHH - Needle holder of Heaney,Mandatory,ESUR - Surgical Instruments
nom_1724,3,NEHM - Needle Holder Of Mayo-Hegar,Mandatory,ESUR - Surgical Instruments
nom_1725,3,NEHN - Needle holder Neivert,Mandatory,ESUR - Surgical Instruments
nom_1726,3,"NEHS - Needle holder, Stratte",Mandatory,ESUR - Surgical Instruments
nom_1727,3,NEIO - Intra-osseaous needle,Mandatory,SINS - Injection Supplies
nom_1728,3,NELI - Ligature needles,Mandatory,ESUR - Surgical Instruments
nom_1729,3,NEOB - Neonatal care book,Mandatory,L010 - Paediatrics
nom_1730,3,NEOG - Neonatal care guide,Mandatory,L010 - Paediatrics
nom_1731,3,NEOS - Neostigmine,Mandatory,DINJ - Injectable Drugs
nom_1732,3,"NERD - Needle, spinal anaesthesia",Mandatory,SINS - Injection Supplies
nom_1733,3,"NESD - Needle, spinal",Mandatory,SINS - Injection Supplies
nom_1734,3,NESU - Needle for sutures,Mandatory,ESUR - Surgical Instruments
nom_1735,3,NETB - Boundary net,Mandatory,PSAF - Safety And Protective Equipment
nom_1736,3,NETG - Internet/Extranet/Intranet Guide,Mandatory,L044 - Data Processing
nom_1737,3,NETS - Shade net,Mandatory,CSHE - Shelters
nom_1738,3,NEVI - Nevirapine,Mandatory,DORA - Oral Drugs
nom_1739,3,NFBE - DOCUMENTS FOR BEANS PURCHASE,Mandatory,LEAF - Leaflets
nom_1740,3,NFCA - DOCUMENTS FOR CASSAVA PURCHASE,Mandatory,LEAF - Leaflets
nom_1741,3,NFLE - DOCUMENTS FOR LENTILS PURCHASE,Mandatory,LEAF - Leaflets
nom_1742,3,NFMA - DOCUMENTS FOR MAIZE PURCHASE,Mandatory,LEAF - Leaflets
nom_1743,3,NFMI - DOCUMENTS FOR MILLET PURCHASE,Mandatory,LEAF - Leaflets
nom_1744,3,NFOI - DOCUMENTS FOR OIL PURCHASE,Mandatory,LEAF - Leaflets
nom_1745,3,NFPE - DOCUMENTS FOR PEAS PURCHASE,Mandatory,LEAF - Leaflets
nom_1746,3,NFRI - DOCUMENTS FOR RICE PURCHASE,Mandatory,LEAF - Leaflets
nom_1747,3,NFSA - DOCUMENTS FOR SALT PURCHASE,Mandatory,LEAF - Leaflets
nom_1748,3,NFSO - DOCUMENTS FOR SORGHUM PURCHASE,Mandatory,LEAF - Leaflets
nom_1749,3,NFSU - DOCUMENTS FOR SUGAR PURCHASE,Mandatory,LEAF - Leaflets
nom_1750,3,NFWH - DOCUMENTS FOR WHEAT PURCHASE,Mandatory,LEAF - Leaflets
nom_1751,3,NHMH - Needle holder Mayo-Hegar HM,Mandatory,ESUR - Surgical Instruments
nom_1752,3,NIAC - Niacin test,Mandatory,DDGT - Diagnostic tests
nom_1753,3,NIBE - 4-NITROBENZOIC ACID,Mandatory,SLAS - Laboratory Reagents
nom_1754,3,NICA - Nicardipine,Mandatory,DINJ - Injectable Drugs
nom_1755,3,NICO - Nicotinamide,Mandatory,DORA - Oral Drugs
nom_1756,3,NICU - Checklist Neonatal Intensive Care Unit,Mandatory,IPED - Paediatric checklists
nom_1757,3,NIFE - Nifedipine,Mandatory,DORA - Oral Drugs
nom_1758,3,NIFU - Nifurtimox,Mandatory,DORA - Oral Drugs
nom_1759,3,NOOD - Noodles,Mandatory,AFOO - Food For Msf Staff
nom_1760,3,NOTP - Notepad,Mandatory,ASTA - Stationery
nom_1761,3,NRES - Newborn child resuscitation,Mandatory,ETMA - Training Mannequins
nom_1762,3,NSBI - CHECKLIST FOR BISCUIT QUALITY CONTROL,Mandatory,LEAF - Leaflets
nom_1763,3,NSCO - CHECKLIST NFOS CONTROL UPON RECEIPT,Mandatory,LEAF - Leaflets
nom_1764,3,NSPF - CHECKLIST PRECOOKED FORTIFIED FLOOR QC,Mandatory,LEAF - Leaflets
nom_1765,3,NSRU - CHECKLIST FOR RUF PASTE QUALITY CONTROL,Mandatory,LEAF - Leaflets
nom_1766,3,NSSA - NFOS SAMPLING REPORT FORM,Mandatory,LEAF - Leaflets
nom_1767,3,NSTM - CHECKLIST FOR THER. MILK QUALITY CONTROL,Mandatory,LEAF - Leaflets
nom_1768,3,"NURB - Nurse, Book",Mandatory,L029 - Nursing - Infection Control
nom_1769,3,"NURG - Nurse, Guide",Mandatory,L029 - Nursing - Infection Control
nom_1770,3,"NUTB - Nutrition, Book",Mandatory,L016 - Nutrition
nom_1771,3,"NUTD - Nutrition, Digital Media",Mandatory,L016 - Nutrition
nom_1772,3,NUTG - Galvanized nut,Mandatory,PHDW - Hardware
nom_1773,3,"NUTG - Nutrition, Guide",Mandatory,L016 - Nutrition
nom_1774,3,NYST - Nystatin,Mandatory,DORA - Oral Drugs
nom_1775,3,OADC - OADC,Mandatory,SLAS - Laboratory Reagents
nom_1776,3,OBFI - Library Kit Obstetric Fistula,Mandatory,"KLIB - KIT, LIBRARY"
nom_1777,3,"OBSB - Obstetrics, Book",Mandatory,L009 - Gynaecology - Obstetrics
nom_1778,3,"OBSG - Obstetrics, Guide",Mandatory,L009 - Gynaecology - Obstetrics
nom_1779,3,"OFFB - Microsoft Office, Book",Mandatory,L044 - Data Processing
nom_1780,3,OFLO - Oflaxacin,Mandatory,SLAS - Laboratory Reagents
nom_1781,3,OILC - Oil can,Mandatory,PTOO - Tools
nom_1782,3,OILE - Engine oil,Mandatory,TVEC - Vehicles Consumables
nom_1783,3,OILG - Gear oil,Mandatory,TVEC - Vehicles Consumables
nom_1784,3,OILI - Immersion Oil,Mandatory,SLAS - Laboratory Reagents
nom_1785,3,OILP - Oil paint,Mandatory,PPAI - Paint
nom_1786,3,OILR - Oil,Mandatory,TVEC - Vehicles Consumables
nom_1787,3,OILS - Oil,Mandatory,AFOO - Food For Msf Staff
nom_1788,3,OILS - Oil spray for instruments,Mandatory,ESUR - Surgical Instruments
nom_1789,3,OILS - Oil syringe,Mandatory,PTOO - Tools
nom_1790,3,"OILV - OIL, VEGETABLE",Mandatory,NFOO - Food Commodities
nom_1791,3,OINT - International order,Mandatory,ALST - Logistic Stationery
nom_1792,3,OMEP - Omeprazole,Mandatory,DINJ - Injectable Drugs
nom_1793,3,OMEP - Omeprazole,Mandatory,DORA - Oral Drugs
nom_1794,3,ONDA - Ondasetron,Mandatory,DORA - Oral Drugs
nom_1795,3,OPEN - Opener,Mandatory,PCOO - Cooking
nom_1796,3,"OPHB - Ophthalmology, Book",Mandatory,L011 - Ophthalmology - Dermatology
nom_1797,3,OPHT - Ophtalmoscope,Mandatory,EMEQ - Medical Equipment
nom_1798,3,OPRO - Project order,Mandatory,ALST - Logistic Stationery
nom_1799,3,ORDG - Order lists,Mandatory,L045 - Catalogues & Order Lists
nom_1800,3,OREQ - Order request,Mandatory,ALST - Logistic Stationery
nom_1801,3,ORMA - Mix for rehydration of malnourished,Mandatory,DORA - Oral Drugs
nom_1802,3,ORSA - Ors Rehydratation Salt,Mandatory,DORA - Oral Drugs
nom_1803,3,OSEL - Oseltamivir,Mandatory,DORA - Oral Drugs
nom_1804,3,OSTS - Osteotome Of Stille,Mandatory,ESUR - Surgical Instruments
nom_1805,3,OTOS - Otoscope,Mandatory,EMEQ - Medical Equipment
nom_1806,3,OVER - Overall,Mandatory,PSAF - Safety And Protective Equipment
nom_1807,3,OVER - Overall protective,Mandatory,ELIN - Linen And Protective Clothing
nom_1808,3,OXYB - Oxybuprocaine,Mandatory,DEXO - Ophtalmic Drugs For External Use
nom_1809,3,OXYM - Oxymeter,Mandatory,EANE - Anaesthesia
nom_1810,3,OXYM - Oxymeter Pulse,Mandatory,EHOE - Hospital Equipment
nom_1811,3,OXYT - Oxytocine,Mandatory,DINJ - Injectable Drugs
nom_1812,3,PACK - Icepack / cooling pack,Mandatory,PCOL - Cold Chain
nom_1813,3,PADC - Cast padding,Mandatory,SDRE - Dressings
nom_1814,3,PADD - Paddle spoon,Mandatory,PCOO - Cooking
nom_1815,3,PADH - Hygienic pad,Mandatory,PHYG - Hygiene
nom_1816,3,PADL - Paddle,Mandatory,TBOA - Boats
nom_1817,3,PADL - Padlock,Mandatory,PPAC - Packing And Handling
nom_1818,3,PADP - Paper pad,Mandatory,ASTA - Stationery
nom_1819,3,PAIN - Paint,Mandatory,TVEC - Vehicles Consumables
nom_1820,3,PALL - Pallet,Mandatory,PPAC - Packing And Handling
nom_1821,3,PANE - Solar panel,Mandatory,PLIG - Lighting
nom_1822,3,PANF - Frying pan,Mandatory,PCOL - Cold Chain
nom_1823,3,PANS - Stewing pan,Mandatory,PCOO - Cooking
nom_1824,3,PAPE - Paper,Mandatory,ASTA - Stationery
nom_1825,3,PAPE - Paper,Mandatory,ELAE - Laboratory Equipment
nom_1826,3,"PAPF - Paper, filter",Mandatory,ELAE - Laboratory Equipment
nom_1827,3,PAPK - Kitchen paper,Mandatory,PHYG - Hygiene
nom_1828,3,"PAPN - Sheet, sterilization, non-woven",Mandatory,ESTE - Sterilization
nom_1829,3,PAPP - PROTECTION PAPER,Mandatory,ELAE - Laboratory Equipment
nom_1830,3,PAPR - Paper roll,Mandatory,AOFF - Office Equipment
nom_1831,3,PAPS - Sandpaper,Mandatory,PHDW - Hardware
nom_1832,3,PAPS - Sterilization paper,Mandatory,ESTE - Sterilization
nom_1833,3,PAPT - Toilet paper,Mandatory,PHYG - Hygiene
nom_1834,3,"PAPW - Paper, Whatman",Mandatory,ELAE - Laboratory Equipment
nom_1835,3,PARA - Paracetamol,Mandatory,DINJ - Injectable Drugs
nom_1836,3,PARA - Paracetamol,Mandatory,DORA - Oral Drugs
nom_1837,3,PARO - Paromomycin,Mandatory,DINJ - Injectable Drugs
nom_1838,3,PART - Particles,Mandatory,PPAC - Packing And Handling
nom_1839,3,PARX - Paroxetine,Mandatory,DORA - Oral Drugs
nom_1840,3,PASA - Para-aminosalicilic acid (PAS),Mandatory,DORA - Oral Drugs
nom_1841,3,PASD - Pastels for drawing,Mandatory,EPSY - Equipment for psychological support
nom_1842,3,PASS - Para-aminosalicilic sodium (PAS),Mandatory,DORA - Oral Drugs
nom_1843,3,PAST - Paste,Mandatory,TVEC - Vehicles Consumables
nom_1844,3,PEAS - Peas,Mandatory,AFOO - Food For Msf Staff
nom_1845,3,PEAS - Peas,Mandatory,NFOO - Food Commodities
nom_1846,3,PEDB - paediatric,Mandatory,L016 - Nutrition
nom_1847,3,"PEDB - Paediatrics, Book",Mandatory,L010 - Paediatrics
nom_1848,3,"PEDG - Paediatrics, Guide",Mandatory,L010 - Paediatrics
nom_1849,3,PEDI - Petri dish,Mandatory,ELAE - Laboratory Equipment
nom_1850,3,PEFM - Peak-flow meter,Mandatory,EMEQ - Medical Equipment
nom_1851,3,PEGM - Mud peg,Mandatory,CSHE - Shelters
nom_1852,3,PEGS - Sand peg,Mandatory,CSHE - Shelters
nom_1853,3,PEGW - Wind peg,Mandatory,CSHE - Shelters
nom_1854,3,PENB - Ball point pen,Mandatory,ASTA - Stationery
nom_1855,3,PENB - Penicilline Benzathine,Mandatory,DINJ - Injectable Drugs
nom_1856,3,PENC - Pencil,Mandatory,ASTA - Stationery
nom_1857,3,PENC - Pencil,Mandatory,ELAE - Laboratory Equipment
nom_1858,3,PENC - Pencil,Mandatory,EPSY - Equipment for psychological support
nom_1859,3,PENF - Felt-tip pen,Mandatory,ASTA - Stationery
nom_1860,3,PENG - Penicilline Benzyl,Mandatory,DINJ - Injectable Drugs
nom_1861,3,PENM - Marker,Mandatory,ASTA - Stationery
nom_1862,3,PENP - Penicilline Procaine,Mandatory,DINJ - Injectable Drugs
nom_1863,3,PENS - Pen for sterilization sheets,Mandatory,ESTE - Sterilization
nom_1864,3,PENS - Pencil sharpener,Mandatory,ASTA - Stationery
nom_1865,3,PENT - Pentamidine,Mandatory,DINJ - Injectable Drugs
nom_1866,3,PENV - Penicilline Phenoxymethyl,Mandatory,DORA - Oral Drugs
nom_1867,3,PEPP - Pepper,Mandatory,AFOO - Food For Msf Staff
nom_1868,3,PERI - Peritofix,Mandatory,"SCTD - Catheters, Tubes And Drains"
nom_1869,3,PERM - Permethrin,Mandatory,DEXT - Drugs External Use
nom_1870,3,"PERS - Perforator, Smellie",Mandatory,ESUR - Surgical Instruments
nom_1871,3,PETR - Petrol,Mandatory,TVEC - Vehicles Consumables
nom_1872,3,PFFL - Precooked fortified flour,Mandatory,NFOS - Specialized Food
nom_1873,3,PFFM - Precooked fortified flour with milk,Mandatory,NFOS - Specialized Food
nom_1874,3,PHEN - Phenobarbital,Mandatory,DINJ - Injectable Drugs
nom_1875,3,PHEN - Phenobarbital,Mandatory,DORA - Oral Drugs
nom_1876,3,PHEN - Phenol,Mandatory,SLAS - Laboratory Reagents
nom_1877,3,PHEY - Phenytoin,Mandatory,DINJ - Injectable Drugs
nom_1878,3,PHEY - Phenytoine,Mandatory,DORA - Oral Drugs
nom_1879,3,PHME - pH meter,Mandatory,ELAE - Laboratory Equipment
nom_1880,3,PHME - pH meter,Mandatory,SLAS - Laboratory Reagents
nom_1881,3,PHOT - Photocopier,Mandatory,AOFF - Office Equipment
nom_1882,3,"PHYB - Physiotherapy, Book",Mandatory,L008 - Surgery-Anaesthesia-Dentistry-Physiotherapy-Transf
nom_1883,3,PHYT - Phytomenadione,Mandatory,DINJ - Injectable Drugs
nom_1884,3,PHYT - Phytomenadione,Mandatory,DORA - Oral Drugs
nom_1885,3,"PIAA - Pipette, automatic, adjustable",Mandatory,ELAE - Laboratory Equipment
nom_1886,3,"PIAF - Pipette, automatic, fixed volume",Mandatory,ELAE - Laboratory Equipment
nom_1887,3,"PIAM - Pipette, automatic,  multichannel",Mandatory,ELAE - Laboratory Equipment
nom_1888,3,PICA - Pipette calibration kit,Mandatory,ELAE - Laboratory Equipment
nom_1889,3,PICK - Pickaxe,Mandatory,PTOO - Tools
nom_1890,3,"PIDF - Pipette, disposable, fixed volume",Mandatory,ELAE - Laboratory Equipment
nom_1891,3,"PIFA - Pipette filler, automatic",Mandatory,ELAE - Laboratory Equipment
nom_1892,3,PIFI - Pipette filler,Mandatory,ELAE - Laboratory Equipment
nom_1893,3,"PIGP - Pipette, glass, Pasteur",Mandatory,ELAE - Laboratory Equipment
nom_1894,3,PILO - Pilocarpine,Mandatory,DEXO - Ophtalmic Drugs For External Use
nom_1895,3,"PIMA - Multipipette (Eppendorf), automatic",Mandatory,ELAE - Laboratory Equipment
nom_1896,3,PIND - Drawing pins,Mandatory,ASTA - Stationery
nom_1897,3,PING - PIN,Mandatory,ESUF - Surgical Instruments For External Fixator
nom_1898,3,PINS - Safety Pin,Mandatory,SMSU - Small Medical Supplies
nom_1899,3,PINS - Split pin,Mandatory,PHDW - Hardware
nom_1900,3,"PIPC - Pipette, plastic, cotton",Mandatory,ELAE - Laboratory Equipment
nom_1901,3,PIPG - Galvanized pipe,Mandatory,CWAT - Water And Sanitation
nom_1902,3,"PIPG - Pipette, plastic, graduated",Mandatory,ELAE - Laboratory Equipment
nom_1903,3,PIPS - Piperacillin sodium,Mandatory,SLAS - Laboratory Reagents
nom_1904,3,"PIPT - Pipette, transfer",Mandatory,ELAE - Laboratory Equipment
nom_1905,3,PIPV - PVC pipe,Mandatory,CWAT - Water And Sanitation
nom_1906,3,PIPW - Pipe wall mount,Mandatory,CWAT - Water And Sanitation
nom_1907,3,"PITG - PIN, transfixing",Mandatory,ESUF - Surgical Instruments For External Fixator
nom_1908,3,PLAB - Plague book,Mandatory,L004 - Bacterial Infectious Diseases
nom_1909,3,"PLAB - Planning, Book",Mandatory,L025 - Health Services Management
nom_1910,3,"PLAG - Plague, Guide",Mandatory,L004 - Bacterial Infectious Diseases
nom_1911,3,"PLAG - Planning, Guide",Mandatory,L025 - Health Services Management
nom_1912,3,PLAN - Plane,Mandatory,PTOO - Tools
nom_1913,3,PLAP - Protection plate,Mandatory,TVEM - Vehicles Modifications
nom_1914,3,PLAQ - Information sheet,Mandatory,TVEM - Vehicles Modifications
nom_1915,3,PLAS - Plasma Substitute,Mandatory,DINF - Infusions
nom_1916,3,PLAS - Plastic sheeting,Mandatory,CSHE - Shelters
nom_1917,3,PLAT - Plate,Mandatory,ELAE - Laboratory Equipment
nom_1918,3,PLAT - Plate,Mandatory,PCOO - Cooking
nom_1919,3,PLAT - Plate,Mandatory,TVEA - Vehicles Accessories
nom_1920,3,PLIE - Pliers,Mandatory,PTOO - Tools
nom_1921,3,PLSH - Plastic foil,Mandatory,ASTA - Stationery
nom_1922,3,PLUA - Adaptor plug,Mandatory,PELE - Electricity
nom_1923,3,PLUG - Plug,Mandatory,PELE - Electricity
nom_1924,3,PLUG - Plug,Mandatory,PHDW - Hardware
nom_1925,3,PLUG - Plug,Mandatory,PXKO - Spare Parts Koshin
nom_1926,3,PLUG - Plug for DAVEY pump,Mandatory,PXDV - Spare Parts Davey
nom_1927,3,PLUG - Plug for HONDA engine,Mandatory,PXHO - Spare Parts Honda
nom_1928,3,PLUG - Plug for ROBIN engine,Mandatory,PXRO - Spare Parts Robin
nom_1929,3,PLUG - Spark plug,Mandatory,PX-- - Spare parts
nom_1930,3,PLUG - Spark plug  for YAMAHA,Mandatory,TXYA - Spare Parts Yamaha
nom_1931,3,PMVA - Pelvis for MVA procedure,Mandatory,ETMA - Training Mannequins
nom_1932,3,POCK - Pocket,Mandatory,PPAC - Packing And Handling
nom_1933,3,POCU - Positioning cushions,Mandatory,EDIM - Diagnostic Imaging equipment
nom_1934,3,PODO - Podophyllotoxine,Mandatory,DEXT - Drugs External Use
nom_1935,3,"POLB - Poliomyelitis, Book",Mandatory,L003 - Viral Infectious Diseases
nom_1936,3,POLE - Pole,Mandatory,CSHE - Shelters
nom_1937,3,"POLG - Policy paper, guide",Mandatory,L001 - Medicine General Information
nom_1938,3,PONC - Poncho,Mandatory,PSAF - Safety And Protective Equipment
nom_1939,3,"POPG - Population, Guide",Mandatory,L061 - Msf - Publications
nom_1940,3,POPH - Potassium phosphate,Mandatory,SLAS - Laboratory Reagents
nom_1941,3,POTC - Potassium Chloride,Mandatory,DINJ - Injectable Drugs
nom_1942,3,POTC - Potassium Chloride,Mandatory,DORA - Oral Drugs
nom_1943,3,POTP - Potassium permanganate,Mandatory,SLAS - Laboratory Reagents
nom_1944,3,POTT - Potty,Mandatory,EMEQ - Medical Equipment
nom_1945,3,PRAZ - Praziquantel,Mandatory,DORA - Oral Drugs
nom_1946,3,PREC - Pressure cleaner,Mandatory,PTOO - Tools
nom_1947,3,PRED - Prednisolone,Mandatory,DORA - Oral Drugs
nom_1948,3,PREG - Pregnancy Test,Mandatory,DDGT - Diagnostic tests
nom_1949,3,PRER - Prerequisites,Mandatory,CBUI - Building
nom_1950,3,PRES - Wood preservative,Mandatory,PPAI - Paint
nom_1951,3,PRIM - Primaquine,Mandatory,DORA - Oral Drugs
nom_1952,3,PRIN - Printer,Mandatory,ADAP - Data Processing
nom_1953,3,PRIP - Primer paint,Mandatory,PPAI - Paint
nom_1954,3,PROB - Probe,Mandatory,ESUD - Dental Surgical Instruments
nom_1955,3,PROB - Probe,Mandatory,ESUR - Surgical Instruments
nom_1956,3,PROB - Probenecid,Mandatory,DORA - Oral Drugs
nom_1957,3,PROJ - Projector,Mandatory,AOFF - Office Equipment
nom_1958,3,PROM - Promethazine,Mandatory,DINJ - Injectable Drugs
nom_1959,3,PROM - Promethazine,Mandatory,DORA - Oral Drugs
nom_1960,3,PRON - Prothionamide,Mandatory,DORA - Oral Drugs
nom_1961,3,PROP - Propeller for YAMAHA,Mandatory,TXYA - Spare Parts Yamaha
nom_1962,3,PROT - Protamine,Mandatory,DINJ - Injectable Drugs
nom_1963,3,PRPL - Priming plug,Mandatory,PX-- - Spare parts
nom_1964,3,"PSYB - Psychiatry, Book",Mandatory,L027 - Mental Health
nom_1965,3,"PSYD - Psychiatry/Mental Health, Digital Media",Mandatory,L027 - Mental Health
nom_1966,3,"PSYG - Mental health, guide",Mandatory,L027 - Mental Health
nom_1967,3,PUDD - Pudding,Mandatory,AFOO - Food For Msf Staff
nom_1968,3,PULL - Pulley,Mandatory,PHDW - Hardware
nom_1969,3,PULL - Pulley,Mandatory,PTOO - Tools
nom_1970,3,PUMB - Breast pump,Mandatory,EMEQ - Medical Equipment
nom_1971,3,PUMD - Diesel motor pump,Mandatory,CWAT - Water And Sanitation
nom_1972,3,PUME - Electrical motor pump,Mandatory,CWAT - Water And Sanitation
nom_1973,3,PUMF - Foot-operated pump,Mandatory,CWAT - Water And Sanitation
nom_1974,3,PUMH - Hand pump,Mandatory,CWAT - Water And Sanitation
nom_1975,3,PUMI - Injection pump for TOYOTA,Mandatory,TXTO - Spare Parts Toyota
nom_1976,3,PUMM - Manual pump,Mandatory,CWAT - Water And Sanitation
nom_1977,3,PUMP - Petrol motor pump,Mandatory,CWAT - Water And Sanitation
nom_1978,3,PUMP - Pump,Mandatory,PTOO - Tools
nom_1979,3,PUMP - Pump,Mandatory,TVEA - Vehicles Accessories
nom_1980,3,PUMP - Spare parts for YAMAHA petrol pump,Mandatory,TXYA - Spare Parts Yamaha
nom_1981,3,"PUMS - Pump, suction",Mandatory,EANE - Anaesthesia
nom_1982,3,PUMS - Succion Pump,Mandatory,EHOE - Hospital Equipment
nom_1983,3,PUMW - Spare parts for YAMAHA water pump,Mandatory,TXYA - Spare Parts Yamaha
nom_1984,3,PUNC - Paper punch,Mandatory,ASTA - Stationery
nom_1985,3,PUNC - Punch,Mandatory,PTOO - Tools
nom_1986,3,PUTT - Putty,Mandatory,PHDW - Hardware
nom_1987,3,PYRI - Pyridoxine,Mandatory,DORA - Oral Drugs
nom_1988,3,PYRM - Pyrimethamine,Mandatory,DORA - Oral Drugs
nom_1989,3,PYRZ - Pyrazinamide,Mandatory,DORA - Oral Drugs
nom_1990,3,PZAD - (BACTEC MGIT 960) PZA Drug,Mandatory,SLAS - Laboratory Reagents
nom_1991,3,PZAM - (BACTEC MGIT 960) PZA Medium,Mandatory,SLAS - Laboratory Reagents
nom_1992,3,QUEN - Quenelles,Mandatory,AFOO - Food For Msf Staff
nom_1993,3,QUIN - Quinine,Mandatory,DINJ - Injectable Drugs
nom_1994,3,QUIN - Quinine,Mandatory,DORA - Oral Drugs
nom_1995,3,RABB - Rabies Book,Mandatory,L003 - Viral Infectious Diseases
nom_1996,3,RABG - Rabies Guide,Mandatory,L003 - Viral Infectious Diseases
nom_1997,3,RACK - Slide Stain Rack,Mandatory,ELAE - Laboratory Equipment
nom_1998,3,"RADB - Radio communication, Book",Mandatory,L042 - Telecommunication
nom_1999,3,"RADG - Radio communication, Guide",Mandatory,L042 - Telecommunication
nom_2000,3,RADS - Ratchet die stock,Mandatory,PTOO - Tools
nom_2001,3,RAGC - Cotton rag,Mandatory,TVEC - Vehicles Consumables
nom_2002,3,RAIW - Rain wear,Mandatory,PSAF - Safety And Protective Equipment
nom_2003,3,RAKE - Rake,Mandatory,PTOO - Tools
nom_2004,3,"RALE - Ral 555, Eosine",Mandatory,SLAS - Laboratory Reagents
nom_2005,3,RALF - Ral Fixator,Mandatory,SLAS - Laboratory Reagents
nom_2006,3,"RALK - Ral 555, Kit",Mandatory,SLAS - Laboratory Reagents
nom_2007,3,"RALM - Ral 555, Methylene Blue",Mandatory,SLAS - Laboratory Reagents
nom_2008,3,RALT - Raltegravir,Mandatory,DORA - Oral Drugs
nom_2009,3,RAMP - Ramp,Mandatory,CWAT - Water And Sanitation
nom_2010,3,"RARD - Raspatory, Rib, Doyen",Mandatory,ESUR - Surgical Instruments
nom_2011,3,RASL - Raspatory Of Lambotte,Mandatory,ESUR - Surgical Instruments
nom_2012,3,RASP - Rasp for wood,Mandatory,PTOO - Tools
nom_2013,3,RAZO - Razor,Mandatory,SMSU - Small Medical Supplies
nom_2014,3,"REAB - Retractor, abdominal, Balfour-Baby",Mandatory,ESUR - Surgical Instruments
nom_2015,3,"REAC - Retractor, Abdominal, Collin",Mandatory,ESUR - Surgical Instruments
nom_2016,3,REAF - Retractor of Fritsch,Mandatory,ESUR - Surgical Instruments
nom_2017,3,"REAG - Retractor, Abdominal, Gosset",Mandatory,ESUR - Surgical Instruments
nom_2018,3,REAM - Reamer,Mandatory,ESUR - Surgical Instruments
nom_2019,3,"REBH - Retractor, bone Hohmann",Mandatory,ESUR - Surgical Instruments
nom_2020,3,RECP - Receipt of payment,Mandatory,ALST - Logistic Stationery
nom_2021,3,REDA - Alene Needle For Redon Set,Mandatory,"SCTD - Catheters, Tubes And Drains"
nom_2022,3,REDB - Bottle For Redon,Mandatory,"SCTD - Catheters, Tubes And Drains"
nom_2023,3,REDC - Connectors for drain,Mandatory,"SCTD - Catheters, Tubes And Drains"
nom_2024,3,"REDC - Retractor, delicate, Cushing",Mandatory,ESUR - Surgical Instruments
nom_2025,3,REDD - Drain For Redon,Mandatory,"SCTD - Catheters, Tubes And Drains"
nom_2026,3,REDL - Tube-clamp for manometric plug,Mandatory,"SCTD - Catheters, Tubes And Drains"
nom_2027,3,REDP - Redon system plastic,Mandatory,"SCTD - Catheters, Tubes And Drains"
nom_2028,3,REDR - Ring for redon bottle,Mandatory,"SCTD - Catheters, Tubes And Drains"
nom_2029,3,REDS - Spigott For Manometric Plug,Mandatory,"SCTD - Catheters, Tubes And Drains"
nom_2030,3,REEL - Reel,Mandatory,PPAC - Packing And Handling
nom_2031,3,"REFB - Refugees, Book",Mandatory,L019 - Refugees - Displaced
nom_2032,3,"REFG - Refugees, Guide",Mandatory,L019 - Refugees - Displaced
nom_2033,3,"REFI - Retractor, Finochietto",Mandatory,ESUR - Surgical Instruments
nom_2034,3,REGI - Register,Mandatory,ASTA - Stationery
nom_2035,3,REIN - Reinforcement,Mandatory,TVEM - Vehicles Modifications
nom_2036,3,"RELA - Retractor, Langenbeck",Mandatory,ESUR - Surgical Instruments
nom_2037,3,REMO - Valve remover,Mandatory,TVEA - Vehicles Accessories
nom_2038,3,REPA - Repair kit,Mandatory,TVEA - Vehicles Accessories
nom_2039,3,REPE - Repeater,Mandatory,PCOM - Communication
nom_2040,3,RETD - Retractor Of Desmarres,Mandatory,ESUO - Ophtalmic Surgical Instruments
nom_2041,3,RETF - Retractor Of Faraboeuf,Mandatory,ESUR - Surgical Instruments
nom_2042,3,RETG - Retractor of Gelpi,Mandatory,ESUR - Surgical Instruments
nom_2043,3,RETI - Retinol,Mandatory,DORA - Oral Drugs
nom_2044,3,RETP - Retractor of Percy,Mandatory,ESUR - Surgical Instruments
nom_2045,3,RETR - Retriever,Mandatory,PTOO - Tools
nom_2046,3,RETW - Retractor Of Weitlaner,Mandatory,ESUR - Surgical Instruments
nom_2047,3,RETW - Retractor of Wells,Mandatory,ESUO - Ophtalmic Surgical Instruments
nom_2048,3,"REVA - Retractor, Vaginal, Auvard",Mandatory,ESUR - Surgical Instruments
nom_2049,3,"REVD - Vaginal retractor, Doyen",Mandatory,ESUR - Surgical Instruments
nom_2050,3,"REVS - Speculum, vaginal, Sims",Mandatory,ESUR - Surgical Instruments
nom_2051,3,RHEF - Rifampicin/Isoniazid/Ethambutol,Mandatory,DORA - Oral Drugs
nom_2052,3,RHFD - Rifampicin / Isoniazid FDC,Mandatory,DORA - Oral Drugs
nom_2053,3,RHZE - Rifamp./Isoniaz./Pyraz./Ethamb. FDC,Mandatory,DORA - Oral Drugs
nom_2054,3,RHZF - Rifampicin/Isoniazide/Pyraz. FDC,Mandatory,DORA - Oral Drugs
nom_2055,3,RIBA - Ribavirin,Mandatory,DORA - Oral Drugs
nom_2056,3,RIBA - Ribavirine,Mandatory,DINJ - Injectable Drugs
nom_2057,3,RICE - Rice,Mandatory,AFOO - Food For Msf Staff
nom_2058,3,RICE - Rice,Mandatory,NFOO - Food Commodities
nom_2059,3,RIFA - Rifampicine,Mandatory,DORA - Oral Drugs
nom_2060,3,RIFA - RIFAMPICINE,Mandatory,SLAS - Laboratory Reagents
nom_2061,3,RIFB - Rifabutin,Mandatory,DORA - Oral Drugs
nom_2062,3,RING - Key ring,Mandatory,ASTA - Stationery
nom_2063,3,RING - Ring,Mandatory,PTOO - Tools
nom_2064,3,RINL - Ringer Lactate,Mandatory,DINF - Infusions
nom_2065,3,RISP - Risperidone,Mandatory,DORA - Oral Drugs
nom_2066,3,RITO - Ritonavir,Mandatory,DORA - Oral Drugs
nom_2067,3,RIVB - Blind rivet,Mandatory,PHDW - Hardware
nom_2068,3,RIVE - Riveting,Mandatory,PTOO - Tools
nom_2069,3,ROAD - Rota- & adenovirus rapid test,Mandatory,DDGT - Diagnostic tests
nom_2070,3,"ROBL - Bone Rongeur , Luer",Mandatory,ESUR - Surgical Instruments
nom_2071,3,RODG - Rod,Mandatory,ELAE - Laboratory Equipment
nom_2072,3,ROLL - Roller,Mandatory,PPAI - Paint
nom_2073,3,ROLM - ROLLER MIXER,Mandatory,ELAE - Laboratory Equipment
nom_2074,3,ROOP - Roof paint,Mandatory,PPAI - Paint
nom_2075,3,ROPE - Rope,Mandatory,CSHE - Shelters
nom_2076,3,ROPE - Safety rope,Mandatory,PSAF - Safety And Protective Equipment
nom_2077,3,ROTA - Rotator,Mandatory,ELAE - Laboratory Equipment
nom_2078,3,RPBA - Radiation protection barrier,Mandatory,EDIM - Diagnostic Imaging equipment
nom_2079,3,RPSH - Radition protection sheeting,Mandatory,EDIM - Diagnostic Imaging equipment
nom_2080,3,RPWI - Radiation protection window,Mandatory,EDIM - Diagnostic Imaging equipment
nom_2081,3,RTLX - Radio telex,Mandatory,PCOM - Communication
nom_2082,3,RUBB - Rubber repair patch,Mandatory,TVEC - Vehicles Consumables
nom_2083,3,RUBB - Rubbish bin,Mandatory,PHYG - Hygiene
nom_2084,3,RULE - Ruler,Mandatory,ASTA - Stationery
nom_2085,3,RUSA - ruck sac first aid,Mandatory,EMEQ - Medical Equipment
nom_2086,3,RUSF - Ready to use supplementary food,Mandatory,NFOS - Specialized Food
nom_2087,3,RUTF - Ready to use therapeutic food,Mandatory,NFOS - Specialized Food
nom_2088,3,"SABB - Sutures, absorbable",Mandatory,SSUT - Sutures
nom_2089,3,"SABR - Sutures, absorbable rapid",Mandatory,SSUT - Sutures
nom_2090,3,SAFR - Safranine,Mandatory,SLAS - Laboratory Reagents
nom_2091,3,SALB - Salbutamol,Mandatory,DINJ - Injectable Drugs
nom_2092,3,SALB - Salbutamol,Mandatory,DORA - Oral Drugs
nom_2093,3,SALS - Salsify,Mandatory,AFOO - Food For Msf Staff
nom_2094,3,SALT - Salt,Mandatory,AFOO - Food For Msf Staff
nom_2095,3,SALT - Salt,Mandatory,NFOO - Food Commodities
nom_2096,3,SAMC - Sample cholera,Mandatory,ELAE - Laboratory Equipment
nom_2097,3,SAMS - Sample serology,Mandatory,ELAE - Laboratory Equipment
nom_2098,3,"SANB - Sanitation, Book",Mandatory,L018 - Water & Sanitation
nom_2099,3,SAND - Sand,Mandatory,CBUI - Building
nom_2100,3,"SANG - Sanitation, Guide",Mandatory,L018 - Water & Sanitation
nom_2101,3,SARD - Sardines,Mandatory,AFOO - Food For Msf Staff
nom_2102,3,SATC - Satchel,Mandatory,ASTA - Stationery
nom_2103,3,"SATG - Satellite, Guide",Mandatory,L042 - Telecommunication
nom_2104,3,SAWA - Amputation saw,Mandatory,ESUR - Surgical Instruments
nom_2105,3,"SAWG - Saw, Gigli",Mandatory,ESUR - Surgical Instruments
nom_2106,3,SAWH - Handsaw,Mandatory,PTOO - Tools
nom_2107,3,"SAWO - Saw, oscillating",Mandatory,EHOE - Hospital Equipment
nom_2108,3,SAWW - Wood saw,Mandatory,PTOO - Tools
nom_2109,3,SCAL - Blade,Mandatory,ESUR - Surgical Instruments
nom_2110,3,SCAL - Scale,Mandatory,EANT - Anthropometric Equipment
nom_2111,3,SCAL - Scale,Mandatory,ELAE - Laboratory Equipment
nom_2112,3,SCAL - Scale,Mandatory,PCOO - Cooking
nom_2113,3,SCAL - Scale,Mandatory,PPAC - Packing And Handling
nom_2114,3,SCAR - Stock card,Mandatory,ALST - Logistic Stationery
nom_2115,3,SCAV - Scalp,Mandatory,SINS - Injection Supplies
nom_2116,3,SCAV - Scavenger,Mandatory,EANE - Anaesthesia
nom_2117,3,"SCDR - Scissors, dissecting, Ragnell",Mandatory,ESUR - Surgical Instruments
nom_2118,3,SCEN - Enucleation Scissors,Mandatory,ESUO - Ophtalmic Surgical Instruments
nom_2119,3,"SCHB - Schistosomiasis, Book",Mandatory,L006 - Parasitic Infectious Diseases
nom_2120,3,"SCIE - Scissors, Metzembaum",Mandatory,ESUR - Surgical Instruments
nom_2121,3,"SCIM - Scissors, Mayo",Mandatory,ESUR - Surgical Instruments
nom_2122,3,SCIS - Scissors,Mandatory,ASTA - Stationery
nom_2123,3,SCIS - Scissors,Mandatory,EMEQ - Medical Equipment
nom_2124,3,SCIS - Scissors,Mandatory,PTOO - Tools
nom_2125,3,"SCIT - Scissors, Thorek",Mandatory,ESUR - Surgical Instruments
nom_2126,3,"SCOD - Scissors, operating, Dubois",Mandatory,ESUR - Surgical Instruments
nom_2127,3,"SCOE - Scissors, operating, Deaver",Mandatory,ESUR - Surgical Instruments
nom_2128,3,SCOO - Scoop,Mandatory,PCOO - Cooking
nom_2129,3,"SCOP - Scissors, operating",Mandatory,ESUR - Surgical Instruments
nom_2130,3,"SCPC - Scoop, Placenta, Cuzzi",Mandatory,ESUR - Surgical Instruments
nom_2131,3,SCPH - Storage phosphor screen,Mandatory,EDIM - Diagnostic Imaging equipment
nom_2132,3,SCRA - Scraper,Mandatory,PTOO - Tools
nom_2133,3,SCRD - Screwdriver,Mandatory,PTOO - Tools
nom_2134,3,SCRE - Screen,Mandatory,ADAP - Data Processing
nom_2135,3,SCRE - Screen,Mandatory,AOFF - Office Equipment
nom_2136,3,"SCRE - Set of screws, nuts and washers",Mandatory,PHDW - Hardware
nom_2137,3,SCRS - Self perforating screw,Mandatory,PHDW - Hardware
nom_2138,3,SCRW - Wood screw,Mandatory,PHDW - Hardware
nom_2139,3,SCTE - Tenotomy Scissors,Mandatory,ESUO - Ophtalmic Surgical Instruments
nom_2140,3,"SCUG - Scoop, Uterine, Gourdet",Mandatory,ESUR - Surgical Instruments
nom_2141,3,"SCUS - Scoop, Uterine, Simon",Mandatory,ESUR - Surgical Instruments
nom_2142,3,SEAH - Hemp seal,Mandatory,CWAT - Water And Sanitation
nom_2143,3,SEAL - Sealing,Mandatory,PPAC - Packing And Handling
nom_2144,3,SEBG - Blood transfusion set + Needle,Mandatory,SINS - Injection Supplies
nom_2145,3,"SECB - Security, Book",Mandatory,L013 - Laboratory
nom_2146,3,"SECB - Security, Book",Mandatory,L052 - Security
nom_2147,3,"SECD - Security, CD Rom",Mandatory,L052 - Security
nom_2148,3,SECG - Security guidelines,Mandatory,L013 - Laboratory
nom_2149,3,"SECG - Security, Guide",Mandatory,L052 - Security
nom_2150,3,SEQI - Equipment identification,Mandatory,ALST - Logistic Stationery
nom_2151,3,SETI - Perfusion Set,Mandatory,SINS - Injection Supplies
nom_2152,3,"SETP - Perfusion Set, paediatric",Mandatory,SINS - Injection Supplies
nom_2153,3,SEVB - Sexual violence guide,Mandatory,L009 - Gynaecology - Obstetrics
nom_2154,3,SEVD - Sexual Violence Digital Media,Mandatory,L009 - Gynaecology - Obstetrics
nom_2155,3,SEVG - Sexual violence book,Mandatory,L009 - Gynaecology - Obstetrics
nom_2156,3,SEWB - Sewing Box,Mandatory,ALIF - Team Life
nom_2157,3,SFUP - Follow-up,Mandatory,ALST - Logistic Stationery
nom_2158,3,SHAC - Shackle,Mandatory,PHDW - Hardware
nom_2159,3,SHAF - Shaving foam,Mandatory,PHYG - Hygiene
nom_2160,3,SHAM - Shampoo,Mandatory,PHYG - Hygiene
nom_2161,3,SHEA - Aluminium sheet,Mandatory,CBUI - Building
nom_2162,3,SHEA - Shears,Mandatory,PTOO - Tools
nom_2163,3,"SHEB - SHEET, BED, woven, 180 x 290 cm",Mandatory,ELIN - Linen And Protective Clothing
nom_2164,3,"SHEB - Shelter, book",Mandatory,L043 - Building - Shelters
nom_2165,3,SHEE - Sheet,Mandatory,ALIF - Team Life
nom_2166,3,SHEE - Sheet,Mandatory,ELIN - Linen And Protective Clothing
nom_2167,3,SHEE - Sheet,Mandatory,PPAC - Packing And Handling
nom_2168,3,SHEE - Sheet,Mandatory,SMST - Medical Stationery
nom_2169,3,SHEF - Fibreglass sheet,Mandatory,CBUI - Building
nom_2170,3,SHEI - Galvanized iron sheet,Mandatory,CBUI - Building
nom_2171,3,SHEL - Shelves,Mandatory,AFUR - Furnitures
nom_2172,3,SHEP - Plaster Shears,Mandatory,ESUR - Surgical Instruments
nom_2173,3,SHEP - PVC sheet,Mandatory,CBUI - Building
nom_2174,3,"SHER - Shears, Rib",Mandatory,ESUR - Surgical Instruments
nom_2175,3,"SHIB - Shigella, Book",Mandatory,L004 - Bacterial Infectious Diseases
nom_2176,3,SHIE - Face Shield,Mandatory,SMSU - Small Medical Supplies
nom_2177,3,SHIE - PROTECTIVE FACE SHIELD,Mandatory,ELAE - Laboratory Equipment
nom_2178,3,SHOC - Shoe cover,Mandatory,ELIN - Linen And Protective Clothing
nom_2179,3,SHOS - Safety shoes,Mandatory,PSAF - Safety And Protective Equipment
nom_2180,3,SHOV - Shovel,Mandatory,PTOO - Tools
nom_2181,3,"SIBS - Self Inflating bag, silicone",Mandatory,EANE - Anaesthesia
nom_2182,3,SICK - Sickle,Mandatory,PTOO - Tools
nom_2183,3,SIGN - NAIL of SIGN osteosynthesis check list,Mandatory,ISUI - Internal fixation checklists
nom_2184,3,SIGN - SIGNALISATION SET,Mandatory,ALST - Logistic Stationery
nom_2185,3,SILI - Silicagel,Mandatory,SLAS - Laboratory Reagents
nom_2186,3,SILN - Silver Nitrate,Mandatory,DEXT - Drugs External Use
nom_2187,3,SINV - Stock inventory,Mandatory,ALST - Logistic Stationery
nom_2188,3,SIRE - SIRE Kit,Mandatory,SLAS - Laboratory Reagents
nom_2189,3,SIRE - Siren,Mandatory,TVEA - Vehicles Accessories
nom_2190,3,SLAS - Slasher,Mandatory,PTOO - Tools
nom_2191,3,SLEB - Sleeping bag,Mandatory,ALIF - Team Life
nom_2192,3,SLID - Slide,Mandatory,ELAE - Laboratory Equipment
nom_2193,3,SLIS - SPREADER,Mandatory,ELAE - Laboratory Equipment
nom_2194,3,"SLRG - SLEEVE, reduction",Mandatory,ESUF - Surgical Instruments For External Fixator
nom_2195,3,"SMAD - SMART, Digital Media",Mandatory,L044 - Data Processing
nom_2196,3,SMOK - Smoke detector,Mandatory,PSAF - Safety And Protective Equipment
nom_2197,3,SNAH - Snap hook,Mandatory,PHDW - Hardware
nom_2198,3,"SNAM - Sutures, Non Absorb, Monofil.",Mandatory,SSUT - Sutures
nom_2199,3,SOAP - Soap,Mandatory,DEXT - Drugs External Use
nom_2200,3,SOAP - Soap,Mandatory,PHYG - Hygiene
nom_2201,3,SOCF - Flush socket,Mandatory,PELE - Electricity
nom_2202,3,SOCK - Socket,Mandatory,PELE - Electricity
nom_2203,3,SOCK - Socket,Mandatory,PTOO - Tools
nom_2204,3,SOCW - Wall socket,Mandatory,PELE - Electricity
nom_2205,3,SODB - Sodium Bicarbonate,Mandatory,DEXT - Drugs External Use
nom_2206,3,SODB - Sodium Bicarbonate,Mandatory,DINJ - Injectable Drugs
nom_2207,3,SODC - Sodium Chloride,Mandatory,DINF - Infusions
nom_2208,3,SODC - Sodium Chloride,Mandatory,DINJ - Injectable Drugs
nom_2209,3,SODC - Sodium Chloride,Mandatory,DORA - Oral Drugs
nom_2210,3,SODC - Sodium Chloride,Mandatory,SLAS - Laboratory Reagents
nom_2211,3,SODD - Sodium Disulfite,Mandatory,SLAS - Laboratory Reagents
nom_2212,3,SODH - Sodium hydroxide,Mandatory,SLAS - Laboratory Reagents
nom_2213,3,SODS - Sodium Stibogluconate,Mandatory,DINJ - Injectable Drugs
nom_2214,3,SOFT - Software,Mandatory,ADAP - Data Processing
nom_2215,3,SOLD - Soldering iron,Mandatory,PTOO - Tools
nom_2216,3,SOPH - Disodium phosphate,Mandatory,SLAS - Laboratory Reagents
nom_2217,3,SORG - Sorghum (Millet),Mandatory,NFOO - Food Commodities
nom_2218,3,SOSU - Sodium sulphite,Mandatory,SLAS - Laboratory Reagents
nom_2219,3,"SOUM - Sound, Uterine, Martin",Mandatory,ESUR - Surgical Instruments
nom_2220,3,SOUP - Soup,Mandatory,AFOO - Food For Msf Staff
nom_2221,3,SOUU - Urethral sound,Mandatory,ESUR - Surgical Instruments
nom_2222,3,SPAC - Spacer,Mandatory,EMEQ - Medical Equipment
nom_2223,3,SPAN - Spanner,Mandatory,PTOO - Tools
nom_2224,3,SPAO - Spanner for oil filter,Mandatory,PTOO - Tools
nom_2225,3,SPAS - Spanner for spark plug,Mandatory,PTOO - Tools
nom_2226,3,SPAT - Spatula,Mandatory,ELAE - Laboratory Equipment
nom_2227,3,SPAT - Spatula,Mandatory,ESUR - Surgical Instruments
nom_2228,3,SPAW - Wheel spanner,Mandatory,PTOO - Tools
nom_2229,3,SPEC - Spectinomycin,Mandatory,DINJ - Injectable Drugs
nom_2230,3,SPEP - Dosage kit for spectrophotometer,Mandatory,DDGT - Diagnostic tests
nom_2231,3,SPEP - Spectrophotometer,Mandatory,ELAE - Laboratory Equipment
nom_2232,3,SPEP - Spectrophotometer control solutions,Mandatory,SLAS - Laboratory Reagents
nom_2233,3,SPHY - Sphygmomanometer,Mandatory,EMEQ - Medical Equipment
nom_2234,3,SPIB - Spine board,Mandatory,EHOE - Hospital Equipment
nom_2235,3,SPIN - Spinach,Mandatory,AFOO - Food For Msf Staff
nom_2236,3,SPIR - Spironolactone,Mandatory,DORA - Oral Drugs
nom_2237,3,"SPLB - Splint, Boppe Type",Mandatory,EMEQ - Medical Equipment
nom_2238,3,SPLI - Splint,Mandatory,EMEQ - Medical Equipment
nom_2239,3,SPLI - Split die,Mandatory,PTOO - Tools
nom_2240,3,"SPLK - Splint, Krammer Type",Mandatory,EMEQ - Medical Equipment
nom_2241,3,SPMO - Speculum Of Morax,Mandatory,ESUO - Ophtalmic Surgical Instruments
nom_2242,3,SPON - Sponge,Mandatory,PHYG - Hygiene
nom_2243,3,SPOO - Spoon,Mandatory,PCOO - Cooking
nom_2244,3,SPPL - Spreader for plaster,Mandatory,ESUR - Surgical Instruments
nom_2245,3,SPRA - Spray,Mandatory,TVEC - Vehicles Consumables
nom_2246,3,SPRA - Sprayer,Mandatory,CWAT - Water And Sanitation
nom_2247,3,SPRA - Spray-on paint,Mandatory,PPAI - Paint
nom_2248,3,SPRC - Spring compressor,Mandatory,PTOO - Tools
nom_2249,3,SPRI - Spring for YAMAHA,Mandatory,TXYA - Spare Parts Yamaha
nom_2250,3,"SPVC - Speculum, Vaginal, Collin",Mandatory,ESUR - Surgical Instruments
nom_2251,3,SQUA - Square,Mandatory,PTOO - Tools
nom_2252,3,SQUP - Squatting plate,Mandatory,CWAT - Water And Sanitation
nom_2253,3,SQUS - Squatting slab,Mandatory,CWAT - Water And Sanitation
nom_2254,3,SRHB - Sexual and Reproductive Health Book,Mandatory,L009 - Gynaecology - Obstetrics
nom_2255,3,SRHG - Sexual and Reproductive Health,Mandatory,L009 - Gynaecology - Obstetrics
nom_2256,3,STAB - Bowl-stand,Mandatory,EHOE - Hospital Equipment
nom_2257,3,"STAB - Statistics, Book",Mandatory,L024 - Epidemiology - Statistics
nom_2258,3,"STAI - Stand, infusion",Mandatory,EHOE - Hospital Equipment
nom_2259,3,STAM - Stamp,Mandatory,ASTA - Stationery
nom_2260,3,STAN - Stand,Mandatory,PTOO - Tools
nom_2261,3,STAP - Stapler,Mandatory,ASTA - Stationery
nom_2262,3,STAP - Stappler,Mandatory,PTOO - Tools
nom_2263,3,STAR - Starter for YAMAHA,Mandatory,TXYA - Spare Parts Yamaha
nom_2264,3,STAR - Starter rope,Mandatory,PXHO - Spare Parts Honda
nom_2265,3,STAV - Stavudine,Mandatory,DORA - Oral Drugs
nom_2266,3,STCR - STC redox indicator,Mandatory,SLAS - Laboratory Reagents
nom_2267,3,STDB - Sexually tranmitted diseases,Mandatory,L013 - Laboratory
nom_2268,3,"STDB - STD, Book",Mandatory,L007 - Std - Aids
nom_2269,3,"STDD - STD, Digital Media",Mandatory,L007 - Std - Aids
nom_2270,3,STEG - Sterilisation tray,Mandatory,ESUF - Surgical Instruments For External Fixator
nom_2271,3,"STEG - Sterilization, Guide",Mandatory,L029 - Nursing - Infection Control
nom_2272,3,STEN - Stencil,Mandatory,PPAC - Packing And Handling
nom_2273,3,STET - Stetoscope,Mandatory,EMEQ - Medical Equipment
nom_2274,3,STIC - APPLICATOR STICK,Mandatory,ELAE - Laboratory Equipment
nom_2275,3,STIC - Signalling-sticker,Mandatory,PSAF - Safety And Protective Equipment
nom_2276,3,STIC - Sticker,Mandatory,PIDE - Identification
nom_2277,3,STIM - MSF sticker,Mandatory,PIDE - Identification
nom_2278,3,STON - Stone,Mandatory,CBUI - Building
nom_2279,3,STOO - Stool,Mandatory,EHOE - Hospital Equipment
nom_2280,3,STOV - Stove,Mandatory,ALIF - Team Life
nom_2281,3,STPG - Sampling and transport guide,Mandatory,L013 - Laboratory
nom_2282,3,STRA - Strainer,Mandatory,CWAT - Water And Sanitation
nom_2283,3,STRA - Strap,Mandatory,TVEM - Vehicles Modifications
nom_2284,3,STRA - Strapping,Mandatory,PPAC - Packing And Handling
nom_2285,3,STRE - STREPTOMYCIN,Mandatory,SLAS - Laboratory Reagents
nom_2286,3,STRE - Streptomycine,Mandatory,DINJ - Injectable Drugs
nom_2287,3,"STRI - Strip, adhesive skin closure",Mandatory,SSUT - Sutures
nom_2288,3,STRO - Oil strainer,Mandatory,PX-- - Spare parts
nom_2289,3,STRT - Stretcher,Mandatory,EHOE - Hospital Equipment
nom_2290,3,STRY - STRYKER SPS internal fixationcheck list,Mandatory,ISUI - Internal fixation checklists
nom_2291,3,SUAC - Sulphuric Acid,Mandatory,SLAS - Laboratory Reagents
nom_2292,3,SUBA - Bumper,Mandatory,TVEC - Vehicles Consumables
nom_2293,3,SUDI - Sulfadiazine,Mandatory,DORA - Oral Drugs
nom_2294,3,SUGA - Sugar,Mandatory,AFOO - Food For Msf Staff
nom_2295,3,SUGA - Sugar,Mandatory,NFOO - Food Commodities
nom_2296,3,SULP - Sulfadoxine / Pyrimethamine,Mandatory,DORA - Oral Drugs
nom_2297,3,"SULZ - Sulfadiazine, Silver",Mandatory,DEXT - Drugs External Use
nom_2298,3,SUNG - Sunglasses,Mandatory,ALIF - Team Life
nom_2299,3,"SUPB - Supervision, Book",Mandatory,L021 - Training - Education
nom_2300,3,"SUPG - Supervision, Guide",Mandatory,L021 - Training - Education
nom_2301,3,SUPG - Supply Guide,Mandatory,L040 - Logistics
nom_2302,3,"SUPG - Supply, Guidelines",Mandatory,L047 - Supply
nom_2303,3,SUPP - Flag support,Mandatory,PIDE - Identification
nom_2304,3,SUPP - Support,Mandatory,TVEM - Vehicles Modifications
nom_2305,3,"SURB - Surgical, Book",Mandatory,L008 - Surgery-Anaesthesia-Dentistry-Physiotherapy-Transf
nom_2306,3,"SURD - Surgical, Digital Media",Mandatory,L008 - Surgery-Anaesthesia-Dentistry-Physiotherapy-Transf
nom_2307,3,SURF - Surface detergent/disinfectant,Mandatory,DDIS - Disinfectants
nom_2308,3,"SURG - Surgical, Guide",Mandatory,L008 - Surgery-Anaesthesia-Dentistry-Physiotherapy-Transf
nom_2309,3,SURP - Surge protector,Mandatory,ADAP - Data Processing
nom_2310,3,SURS - Suramin,Mandatory,DINJ - Injectable Drugs
nom_2311,3,SUXC - Suxamethonium,Mandatory,DINJ - Injectable Drugs
nom_2312,3,SWAB - SWAB,Mandatory,ELAE - Laboratory Equipment
nom_2313,3,SWEE - Sweet,Mandatory,AFOO - Food For Msf Staff
nom_2314,3,SWIC - Change over switch,Mandatory,PELE - Electricity
nom_2315,3,SWIF - Flush switch,Mandatory,PELE - Electricity
nom_2316,3,SWIT - Switch,Mandatory,ADAP - Data Processing
nom_2317,3,SWIT - Switch,Mandatory,PELE - Electricity
nom_2318,3,SWIT - Switch,Mandatory,TVEM - Vehicles Modifications
nom_2319,3,SWIW - Wall switch,Mandatory,PELE - Electricity
nom_2320,3,"SYAI - Syringe, autodestruct, immunization",Mandatory,SINS - Injection Supplies
nom_2321,3,SYDE - Dental Syringe,Mandatory,ESUD - Dental Surgical Instruments
nom_2322,3,"SYDF - Syringe, disposable, feeding",Mandatory,"SCTD - Catheters, Tubes And Drains"
nom_2323,3,"SYDF - Syringe, disposable, feeding",Mandatory,SINS - Injection Supplies
nom_2324,3,"SYDI - Syringe, s.u., immunization",Mandatory,SINS - Injection Supplies
nom_2325,3,"SYDL - Syringe, s.u., Luer",Mandatory,SINS - Injection Supplies
nom_2326,3,"SYDN - Syringe, s.u., insuline",Mandatory,SINS - Injection Supplies
nom_2327,3,SYLL - Syringe luer lock,Mandatory,SINS - Injection Supplies
nom_2328,3,SYNC - Syndesmotome Of Chompret,Mandatory,ESUD - Dental Surgical Instruments
nom_2329,3,"SYPT - Syphilis, test",Mandatory,DDGT - Diagnostic tests
nom_2330,3,SYRP - Syringe pump,Mandatory,EHOE - Hospital Equipment
nom_2331,3,TAAU - Autoclave Tape,Mandatory,ESTE - Sterilization
nom_2332,3,TABD - Delivery Table,Mandatory,EHOE - Hospital Equipment
nom_2333,3,TABE - Examination Table,Mandatory,EHOE - Hospital Equipment
nom_2334,3,"TABI - Table, instruments",Mandatory,EHOE - Hospital Equipment
nom_2335,3,TABL - Table,Mandatory,AFUR - Furnitures
nom_2336,3,TABM - Mayo Table,Mandatory,EHOE - Hospital Equipment
nom_2337,3,TABO - Tabbouleh,Mandatory,AFOO - Food For Msf Staff
nom_2338,3,TABO - Table Operating,Mandatory,EHOE - Hospital Equipment
nom_2339,3,TACO - Tablet counter,Mandatory,EMEQ - Medical Equipment
nom_2340,3,TACR - Tablet crusher,Mandatory,EMEQ - Medical Equipment
nom_2341,3,TACT - Container for drugs,Mandatory,EMEQ - Medical Equipment
nom_2342,3,TACU - Tablet cutter,Mandatory,EMEQ - Medical Equipment
nom_2343,3,TALC - Talc,Mandatory,DEXT - Drugs External Use
nom_2344,3,TANK - Water tank,Mandatory,CWAT - Water And Sanitation
nom_2345,3,TANO - Onion water tank,Mandatory,CWAT - Water And Sanitation
nom_2346,3,TAPA - Adhesive tape,Mandatory,ASTA - Stationery
nom_2347,3,"TAPA - Tape, Adhesive",Mandatory,SDRE - Dressings
nom_2348,3,TAPD - Taps and dies,Mandatory,PTOO - Tools
nom_2349,3,TAPE - Adhesive tape,Mandatory,PPAC - Packing And Handling
nom_2350,3,TAPE - Boundary tape,Mandatory,PSAF - Safety And Protective Equipment
nom_2351,3,TAPE - Insulating tape,Mandatory,PELE - Electricity
nom_2352,3,TAPE - Masking tape,Mandatory,PPAI - Paint
nom_2353,3,TAPH - Tap holder,Mandatory,PTOO - Tools
nom_2354,3,TAPL - Tablet planner,Mandatory,EMEQ - Medical Equipment
nom_2355,3,TAPM - Measuring tape,Mandatory,PTOO - Tools
nom_2356,3,"TAPM - Tape, measure",Mandatory,EANT - Anthropometric Equipment
nom_2357,3,TARP - Tarpaulin,Mandatory,CSHE - Shelters
nom_2358,3,TASU - Tape Suspensory,Mandatory,SSUT - Sutures
nom_2359,3,TBCU - Checklist laboratory TB Culture,Mandatory,ILAB - Laboratory checklists
nom_2360,3,TBID - Tuberculosis identification test,Mandatory,DDGT - Diagnostic tests
nom_2361,3,"TBOD - Test, Bowie-Dick",Mandatory,ESTE - Sterilization
nom_2362,3,TEAS - Tea,Mandatory,AFOO - Food For Msf Staff
nom_2363,3,TEAT - Teat,Mandatory,ELAE - Laboratory Equipment
nom_2364,3,TEEF - Tenofovir/Emtricitabine/Efavirenz,Mandatory,DORA - Oral Drugs
nom_2365,3,TEES - Tee-shirt,Mandatory,ALIF - Team Life
nom_2366,3,TEES - Tee-shirt,Mandatory,PIDE - Identification
nom_2367,3,TEFT - Tenofovir/Emtricitabine,Mandatory,DORA - Oral Drugs
nom_2368,3,TELA - Tenofovir/Lamivudine,Mandatory,DORA - Oral Drugs
nom_2369,3,TELE - Tenofovir/Lamivudine/Efavirenz,Mandatory,DORA - Oral Drugs
nom_2370,3,TELF - Fax machine,Mandatory,AOFF - Office Equipment
nom_2371,3,TELF - Telephone,Mandatory,PCOM - Communication
nom_2372,3,TEMP - Temporizer,Mandatory,PELE - Electricity
nom_2373,3,TEND - Dispensary tent,Mandatory,CSHE - Shelters
nom_2374,3,TENF - Family tent,Mandatory,CSHE - Shelters
nom_2375,3,TENH - Hospital tent,Mandatory,CSHE - Shelters
nom_2376,3,TENM - Multipurpose tent,Mandatory,CSHE - Shelters
nom_2377,3,TENO - Tenofovir,Mandatory,DORA - Oral Drugs
nom_2378,3,TENT - Tent for teams,Mandatory,CSHE - Shelters
nom_2379,3,TESP - Pool tester,Mandatory,CWAT - Water And Sanitation
nom_2380,3,TEST - Tester,Mandatory,PTOO - Tools
nom_2381,3,TEST - Voltage tester,Mandatory,PELE - Electricity
nom_2382,3,TEST - Water testing,Mandatory,CWAT - Water And Sanitation
nom_2383,3,TESW - Water testing (DelAgua),Mandatory,CWAT - Water And Sanitation
nom_2384,3,TETR - Tetracycline,Mandatory,DEXO - Ophtalmic Drugs For External Use
nom_2385,3,THCB - Therapeutic care book,Mandatory,L016 - Nutrition
nom_2386,3,"THCG - Therapeutic centre, guide",Mandatory,L016 - Nutrition
nom_2387,3,THEF - Antitheft system,Mandatory,TVEA - Vehicles Accessories
nom_2388,3,THER - Thermometer,Mandatory,PCOL - Cold Chain
nom_2389,3,THER - Thermometer,Mandatory,SMSU - Small Medical Supplies
nom_2390,3,THER - Thermometer for X-Ray bath,Mandatory,EDIM - Diagnostic Imaging equipment
nom_2391,3,THER - Thermostat for YAMAHA,Mandatory,TXYA - Spare Parts Yamaha
nom_2392,3,THIA - Thiamine,Mandatory,DINJ - Injectable Drugs
nom_2393,3,THIA - Thiamine,Mandatory,DORA - Oral Drugs
nom_2394,3,THIN - Thinner,Mandatory,PPAI - Paint
nom_2395,3,THIO - Thiopental,Mandatory,DINJ - Injectable Drugs
nom_2396,3,THMI - Therapeutic milk,Mandatory,NFOS - Specialized Food
nom_2397,3,THRE - Thread restoring,Mandatory,PTOO - Tools
nom_2398,3,THUR - Thuraya satellite phone,Mandatory,PCOM - Communication
nom_2399,3,TIES - Tie,Mandatory,PCOM - Communication
nom_2400,3,TIES - Tie,Mandatory,PELE - Electricity
nom_2401,3,TILE - Tile,Mandatory,ELAE - Laboratory Equipment
nom_2402,3,TILF - Tile for floor,Mandatory,CBUI - Building
nom_2403,3,TILG - Tile glue,Mandatory,CBUI - Building
nom_2404,3,TILW - Tile for wall,Mandatory,CBUI - Building
nom_2405,3,TIME - Timer,Mandatory,ELAE - Laboratory Equipment
nom_2406,3,TIME - Timer,Mandatory,ESTE - Sterilization
nom_2407,3,TIME - TIMER respiratory,Mandatory,EMEQ - Medical Equipment
nom_2408,3,TINI - Tinidazole,Mandatory,DORA - Oral Drugs
nom_2409,3,"TMAB - TRANSPORT MEDIUM, aerobic bacteria",Mandatory,SLAS - Laboratory Reagents
nom_2410,3,TMCF - TRANSPORT MEDIUM FOR CSF,Mandatory,SLAS - Laboratory Reagents
nom_2411,3,"TOCS - Tool, combination spanner",Mandatory,PCOM - Communication
nom_2412,3,TOGG - Toggle,Mandatory,CSHE - Shelters
nom_2413,3,TOMA - Tomato sauce,Mandatory,AFOO - Food For Msf Staff
nom_2414,3,TOOB - Tool kit,Mandatory,PTOO - Tools
nom_2415,3,TOOB - Toothbrush,Mandatory,PHYG - Hygiene
nom_2416,3,TOOH - Tool holder,Mandatory,PTOO - Tools
nom_2417,3,TOOL - Tools,Mandatory,CWAT - Water And Sanitation
nom_2418,3,TOOP - Toothpaste,Mandatory,PHYG - Hygiene
nom_2419,3,TOOS - Tool set,Mandatory,PTOO - Tools
nom_2420,3,TORK - Torx® key,Mandatory,PTOO - Tools
nom_2421,3,"TOSD - Tool, screwdriver",Mandatory,PCOM - Communication
nom_2422,3,TOUR - Tourniquet,Mandatory,EANE - Anaesthesia
nom_2423,3,TOUR - Tourniquet,Mandatory,EMEQ - Medical Equipment
nom_2424,3,TOWE - Towel,Mandatory,PHYG - Hygiene
nom_2425,3,TPTB - Transport book,Mandatory,L013 - Laboratory
nom_2426,3,"TRAB - Training, Book",Mandatory,L021 - Training - Education
nom_2427,3,TRAD - Dressing Tray,Mandatory,EMEQ - Medical Equipment
nom_2428,3,"TRAG - Training, Guide",Mandatory,L021 - Training - Education
nom_2429,3,TRAM - Tramadol,Mandatory,DINJ - Injectable Drugs
nom_2430,3,TRAM - Tramadol,Mandatory,DORA - Oral Drugs
nom_2431,3,TRAN - Tranexamic acid,Mandatory,DORA - Oral Drugs
nom_2432,3,TRAN - Transparency,Mandatory,ASTA - Stationery
nom_2433,3,TRAY - Paint tray,Mandatory,PPAI - Paint
nom_2434,3,"TRCB - Trachoma, book",Mandatory,L011 - Ophthalmology - Dermatology
nom_2435,3,"TRES - Suction side dosing, accessories",Mandatory,CWAT - Water And Sanitation
nom_2436,3,"TREU - Water treatment unit, accessories",Mandatory,CWAT - Water And Sanitation
nom_2437,3,TRFB - Transfusion book,Mandatory,L008 - Surgery-Anaesthesia-Dentistry-Physiotherapy-Transf
nom_2438,3,"TRFB - Transfusion, book",Mandatory,L013 - Laboratory
nom_2439,3,"TRFD - Transfusion, CD-Rom",Mandatory,L008 - Surgery-Anaesthesia-Dentistry-Physiotherapy-Transf
nom_2440,3,"TRFG - Transfusion, guide",Mandatory,L008 - Surgery-Anaesthesia-Dentistry-Physiotherapy-Transf
nom_2441,3,TRHF - Transceiver HF,Mandatory,PCOM - Communication
nom_2442,3,TRHG - HANDLE FOR TROCAR,Mandatory,ESUF - Surgical Instruments For External Fixator
nom_2443,3,TRIB - Triclabendazole,Mandatory,DORA - Oral Drugs
nom_2444,3,TRIC - Trisodium citrate,Mandatory,SLAS - Laboratory Reagents
nom_2445,3,TRIH - Trihexyphenidyl,Mandatory,DINJ - Injectable Drugs
nom_2446,3,TRIM - Trimethoprim,Mandatory,SLAS - Laboratory Reagents
nom_2447,3,TRIP - Fall arrest tripod,Mandatory,PSAF - Safety And Protective Equipment
nom_2448,3,TRIS - Tripod stand,Mandatory,ELAE - Laboratory Equipment
nom_2449,3,TROA - Anaesthesia Table,Mandatory,EHOE - Hospital Equipment
nom_2450,3,"TROB - Tropical Medicine, Book",Mandatory,L002 - Internal Medicine
nom_2451,3,TROC - Trocar,Mandatory,SINS - Injection Supplies
nom_2452,3,"TROG - Tropical Medicine, Guide",Mandatory,L002 - Internal Medicine
nom_2453,3,TROL - Trolley,Mandatory,EHOE - Hospital Equipment
nom_2454,3,TROL - Trolley,Mandatory,PHYG - Hygiene
nom_2455,3,TROL - Trolley,Mandatory,PPAC - Packing And Handling
nom_2456,3,TROP - Tropicamide Mydriaticum,Mandatory,DEXO - Ophtalmic Drugs For External Use
nom_2457,3,"TROS - Trousers, Surgical",Mandatory,ELIN - Linen And Protective Clothing
nom_2458,3,TROU - Trousers for Salter scale type,Mandatory,EANT - Anthropometric Equipment
nom_2459,3,TROW - Trowel,Mandatory,PTOO - Tools
nom_2460,3,TRPG - Transport guide,Mandatory,L041 - Mechanics /Transport
nom_2461,3,"TRSA - Transceiver, satellite",Mandatory,PCOM - Communication
nom_2462,3,TRSG - TROCAR/SLEEVE,Mandatory,ESUF - Surgical Instruments For External Fixator
nom_2463,3,TRUC - Pallet truck,Mandatory,PPAC - Packing And Handling
nom_2464,3,TRUH - Transceiver UHF,Mandatory,PCOM - Communication
nom_2465,3,TRUI - Transceiver UHF (Icom),Mandatory,PCOM - Communication
nom_2466,3,TRUN - Trunck,Mandatory,PPAC - Packing And Handling
nom_2467,3,TRVH - Transceiver VHF,Mandatory,PCOM - Communication
nom_2468,3,TRVI - Transceiver VHF (Icom),Mandatory,PCOM - Communication
nom_2469,3,"TRYB - Trypanosomiasis, Book",Mandatory,L006 - Parasitic Infectious Diseases
nom_2470,3,"TRYC - Trypanosomiasis, Chagas",Mandatory,DDGT - Diagnostic tests
nom_2471,3,"TRYD - Trypanosomiasis, Digital media",Mandatory,L006 - Parasitic Infectious Diseases
nom_2472,3,"TRYG - Trypanosomiasis, Guide",Mandatory,L006 - Parasitic Infectious Diseases
nom_2473,3,TRYT - Trypano Test,Mandatory,DDGT - Diagnostic tests
nom_2474,3,TSBA - Tryptic Soy Blood Agar Base,Mandatory,SLAS - Laboratory Reagents
nom_2475,3,TSTI - Temperature Steam Time Indicator,Mandatory,ESTE - Sterilization
nom_2476,3,"TUBB - Tuberculosis, Book",Mandatory,L004 - Bacterial Infectious Diseases
nom_2477,3,"TUBB - Tuberculosis, book",Mandatory,L007 - Std - Aids
nom_2478,3,TUBE - Extension tube,Mandatory,PTOO - Tools
nom_2479,3,TUBE - Inner tube,Mandatory,TVEC - Vehicles Consumables
nom_2480,3,TUBE - Measuring tube,Mandatory,CWAT - Water And Sanitation
nom_2481,3,TUBE - Plastic tube,Mandatory,PPAC - Packing And Handling
nom_2482,3,TUBE - Tube,Mandatory,EANE - Anaesthesia
nom_2483,3,"TUBE - Tube, sampling",Mandatory,ELAE - Laboratory Equipment
nom_2484,3,"TUBE - Tube, silicone",Mandatory,"SCTD - Catheters, Tubes And Drains"
nom_2485,3,"TUBG - Tuberculosis, Guide",Mandatory,L004 - Bacterial Infectious Diseases
nom_2486,3,"TUBG - Tuberculosis, guide",Mandatory,L040 - Logistics
nom_2487,3,TUBH - Hematocritis Tube,Mandatory,ELAE - Laboratory Equipment
nom_2488,3,TUBI - Tubing,Mandatory,PELE - Electricity
nom_2489,3,TUBP - Tuberculin Purified,Mandatory,DDGT - Diagnostic tests
nom_2490,3,TUBT - Tube Tracheotomy,Mandatory,"SCTD - Catheters, Tubes And Drains"
nom_2491,3,TUBT - Tuberculose test,Mandatory,DDGT - Diagnostic tests
nom_2492,3,TUCA - Tube Capillary,Mandatory,ELAE - Laboratory Equipment
nom_2493,3,"TUCE - Tube, centrifuge",Mandatory,ELAE - Laboratory Equipment
nom_2494,3,"TUCG - TUBE, carbon",Mandatory,ESUF - Surgical Instruments For External Fixator
nom_2495,3,"TUEC - Connector, Endotracheal Tube",Mandatory,"SCTD - Catheters, Tubes And Drains"
nom_2496,3,"TUED - Endotracheal Tube, Disp.",Mandatory,"SCTD - Catheters, Tubes And Drains"
nom_2497,3,"TUGA - Tube, Gastric",Mandatory,"SCTD - Catheters, Tubes And Drains"
nom_2498,3,"TUGL - Tube, Gastric, Luer",Mandatory,"SCTD - Catheters, Tubes And Drains"
nom_2499,3,"TUGS - Gastric tube, Salem type",Mandatory,"SCTD - Catheters, Tubes And Drains"
nom_2500,3,"TUGS - Tube, glass, srew cap",Mandatory,ELAE - Laboratory Equipment
nom_2501,3,TUHA - Tube haemolysis,Mandatory,ELAE - Laboratory Equipment
nom_2502,3,TUHF - Tuner HF,Mandatory,PCOM - Communication
nom_2503,3,"TULG - TUBE, LENGTHENING/COMPRESSION",Mandatory,ESUF - Surgical Instruments For External Fixator
nom_2504,3,TUMI - Microtube,Mandatory,ELAE - Laboratory Equipment
nom_2505,3,"TUNS - TUNIC, SURGICAL, woven",Mandatory,ELIN - Linen And Protective Clothing
nom_2506,3,TUOX - Oxygen tube,Mandatory,"SCTD - Catheters, Tubes And Drains"
nom_2507,3,TURK - Turck solution,Mandatory,SLAS - Laboratory Reagents
nom_2508,3,"TUSP - Tube, suction, Poole",Mandatory,ESUR - Surgical Instruments
nom_2509,3,TUSU - Suction Tube,Mandatory,"SCTD - Catheters, Tubes And Drains"
nom_2510,3,"TUSY - Tube, Suction, type Yankauer",Mandatory,"SCTD - Catheters, Tubes And Drains"
nom_2511,3,TWEE - Tweezers,Mandatory,PTOO - Tools
nom_2512,3,"TYFB - Typhoid Fever, Book",Mandatory,L004 - Bacterial Infectious Diseases
nom_2513,3,TYPE - Typewriter accessories,Mandatory,ASTA - Stationery
nom_2514,3,TYR+ - Tyre for Land Cruiser,Mandatory,TVEC - Vehicles Consumables
nom_2515,3,"TYRA - Tyre, all terrain profile",Mandatory,TVEC - Vehicles Consumables
nom_2516,3,"TYRH - Tyre, heavy duty profile",Mandatory,TVEC - Vehicles Consumables
nom_2517,3,"TYRM - Tyre, mud profile",Mandatory,TVEC - Vehicles Consumables
nom_2518,3,"TYRS - Tyre, sand profile",Mandatory,TVEC - Vehicles Consumables
nom_2519,3,ULCB - Buruli Ulcer Book,Mandatory,L004 - Bacterial Infectious Diseases
nom_2520,3,"ULTB - Ultrasound, Book",Mandatory,L012 - Radiology - Medical Imaging
nom_2521,3,ULTS - Ultrasound scanner,Mandatory,EDIM - Diagnostic Imaging equipment
nom_2522,3,UMBC - Umbilical Cord / Clamp,Mandatory,SDRE - Dressings
nom_2523,3,UN62 - UN packaging for class 6.2,Mandatory,PPAC - Packing And Handling
nom_2524,3,UPSD - UPS double conversion,Mandatory,PELE - Electricity
nom_2525,3,UPSD - UPS for desktop,Mandatory,ADAP - Data Processing
nom_2526,3,"URBG - Urbain health, Guide",Mandatory,L025 - Health Services Management
nom_2527,3,URIN - Urinal Bottle,Mandatory,EMEQ - Medical Equipment
nom_2528,3,"URIS - Urine, diagnostic strips",Mandatory,DDGT - Diagnostic tests
nom_2529,3,VACE - Vaccuum Extractor,Mandatory,EHOE - Hospital Equipment
nom_2530,3,VALB - Ball valve,Mandatory,CWAT - Water And Sanitation
nom_2531,3,VALD - Valve Of Digbyleight,Mandatory,EANE - Anaesthesia
nom_2532,3,VALG - Gate valve,Mandatory,CWAT - Water And Sanitation
nom_2533,3,VALL - Valve lifter,Mandatory,PTOO - Tools
nom_2534,3,VALP - VALPROATE SODIUM,Mandatory,DORA - Oral Drugs
nom_2535,3,VALV - Valve,Mandatory,CWAT - Water And Sanitation
nom_2536,3,VARN - Varnish,Mandatory,PPAI - Paint
nom_2537,3,VBCG - Vaccine Bcg,Mandatory,DVAC - Vaccines
nom_2538,3,VCHO - Vaccine cholera,Mandatory,DVAC - Vaccines
nom_2539,3,VCTB - Volontary counselling & testing,Mandatory,L007 - Std - Aids
nom_2540,3,"VDHH - Vaccine, DPT+hepatitis B+Hib",Mandatory,DVAC - Vaccines
nom_2541,3,VDPT - Vaccine Dpt/Dptp,Mandatory,DVAC - Vaccines
nom_2542,3,"VDTB - Vaccine, diptheria/tetanus, booster",Mandatory,DVAC - Vaccines
nom_2543,3,VDTE - Vaccine Diphteria/Tetanus,Mandatory,DVAC - Vaccines
nom_2544,3,"VECB - Vector, Book",Mandatory,L018 - Water & Sanitation
nom_2545,3,VECB - Vecuronium,Mandatory,DINJ - Injectable Drugs
nom_2546,3,VENC - Vaccine Japonese Encephalitis,Mandatory,DVAC - Vaccines
nom_2547,3,VENT - Vacuum extractor,Mandatory,EMEQ - Medical Equipment
nom_2548,3,VENT - Ventouse,Mandatory,ESUR - Surgical Instruments
nom_2549,3,VERA - Verapamil,Mandatory,DINJ - Injectable Drugs
nom_2550,3,VERA - Verapamil,Mandatory,DORA - Oral Drugs
nom_2551,3,VERM - Vermiculite,Mandatory,CBUI - Building
nom_2552,3,VEST - Vest,Mandatory,ALIF - Team Life
nom_2553,3,VEST - Vest,Mandatory,PIDE - Identification
nom_2554,3,"VHEA - Vaccine, Hepatitis A",Mandatory,DVAC - Vaccines
nom_2555,3,VHEB - Vaccine Hepatitis B,Mandatory,DVAC - Vaccines
nom_2556,3,VIBO - View box,Mandatory,EDIM - Diagnostic Imaging equipment
nom_2557,3,VICE - Vice,Mandatory,PTOO - Tools
nom_2558,3,VINC - Vincristine,Mandatory,DINJ - Injectable Drugs
nom_2559,3,VMEA - Vaccine Measles,Mandatory,DVAC - Vaccines
nom_2560,3,VMEN - Vaccine Meningitis,Mandatory,DVAC - Vaccines
nom_2561,3,VOLA - Voltage adaptor,Mandatory,PELE - Electricity
nom_2562,3,VOLL - Voltage limiter,Mandatory,PELE - Electricity
nom_2563,3,VOLS - Voltage stabiliser,Mandatory,PELE - Electricity
nom_2564,3,VOLT - Voltage transformer,Mandatory,PELE - Electricity
nom_2565,3,VORT - Vortex mixer,Mandatory,ELAE - Laboratory Equipment
nom_2566,3,VOUC - Voucher,Mandatory,ALST - Logistic Stationery
nom_2567,3,VPNE - Vaccine Pneumococcal conjugate,Mandatory,DVAC - Vaccines
nom_2568,3,VPOL - Vaccine Polio Oral,Mandatory,DVAC - Vaccines
nom_2569,3,VRAB - Vaccine Antirabius,Mandatory,DVAC - Vaccines
nom_2570,3,VTET - Vaccine Tetanus,Mandatory,DVAC - Vaccines
nom_2571,3,VTYP - Vaccine Typhoid,Mandatory,DVAC - Vaccines
nom_2572,3,VULT - Vulcanising tape,Mandatory,PCOM - Communication
nom_2573,3,VVFB - Vesico-vaginal fistula book,Mandatory,L008 - Surgery-Anaesthesia-Dentistry-Physiotherapy-Transf
nom_2574,3,VYEF - Vaccine Yellow Fever,Mandatory,DVAC - Vaccines
nom_2575,3,WAMB - Waste Management Book,Mandatory,L029 - Nursing - Infection Control
nom_2576,3,WAPI - Wireless Access Point,Mandatory,ADAP - Data Processing
nom_2577,3,WARE - Warehouse,Mandatory,CSHE - Shelters
nom_2578,3,"WARI - Warmer, infant",Mandatory,EHOE - Hospital Equipment
nom_2579,3,WASH - Washer,Mandatory,PHDW - Hardware
nom_2580,3,WASM - Washing machine,Mandatory,ALIF - Team Life
nom_2581,3,WASM - Washing machine,Mandatory,PHYG - Hygiene
nom_2582,3,WASO - Water-softener,Mandatory,ESTE - Sterilization
nom_2583,3,WASP - Washing powder,Mandatory,ALIF - Team Life
nom_2584,3,WASP - Washing powder,Mandatory,PHYG - Hygiene
nom_2585,3,"WATB - Water, Book",Mandatory,L018 - Water & Sanitation
nom_2586,3,"WATD - Water, Digital Media",Mandatory,L018 - Water & Sanitation
nom_2587,3,WATE - Water for injection,Mandatory,DINF - Infusions
nom_2588,3,"WATE - Water, Distilled",Mandatory,DINJ - Injectable Drugs
nom_2589,3,"WATE - Water, Distilled",Mandatory,SLAS - Laboratory Reagents
nom_2590,3,"WATG - Water, Guide",Mandatory,L018 - Water & Sanitation
nom_2591,3,WATP - Water paint,Mandatory,PPAI - Paint
nom_2592,3,WCLO - Washcloth,Mandatory,PHYG - Hygiene
nom_2593,3,WELD - Welder,Mandatory,PTOO - Tools
nom_2594,3,WHEA - Wheat,Mandatory,NFOO - Food Commodities
nom_2595,3,WHEB - Wheel barrow,Mandatory,PTOO - Tools
nom_2596,3,WHEV - Wheel valve,Mandatory,TVEA - Vehicles Accessories
nom_2597,3,WHIS - Whisk,Mandatory,PCOO - Cooking
nom_2598,3,WHIW - Whitewashing paint,Mandatory,PPAI - Paint
nom_2599,3,"WINB - WINDOWS, Book",Mandatory,L044 - Data Processing
nom_2600,3,WINC - Hand winch,Mandatory,TVEA - Vehicles Accessories
nom_2601,3,WINC - Winch,Mandatory,PSAF - Safety And Protective Equipment
nom_2602,3,WINE - Wine,Mandatory,AFOO - Food For Msf Staff
nom_2603,3,WINS - Wind screen for TOYOTA,Mandatory,TXTO - Spare Parts Toyota
nom_2604,3,WIRB - Baling wire,Mandatory,PHDW - Hardware
nom_2605,3,WIRE - Wire,Mandatory,ESUR - Surgical Instruments
nom_2606,3,WIRE - Wire,Mandatory,PHDW - Hardware
nom_2607,3,WIRE - Wire netting,Mandatory,CBUI - Building
nom_2608,3,WIRK - Wire Of Kirschner,Mandatory,ESUR - Surgical Instruments
nom_2609,3,WOOB - Wood board,Mandatory,CBUI - Building
nom_2610,3,WOOL - Steel wool,Mandatory,PHDW - Hardware
nom_2611,3,WOOP - Wood plank,Mandatory,CBUI - Building
nom_2612,3,WOOS - Wood stud,Mandatory,CBUI - Building
nom_2613,3,WOOT - Wood timber,Mandatory,CBUI - Building
nom_2614,3,WORG - Word Guide,Mandatory,L044 - Data Processing
nom_2615,3,WREN - Wrench,Mandatory,PTOO - Tools
nom_2616,3,"XRAB - X-Ray, Book",Mandatory,L012 - Radiology - Medical Imaging
nom_2617,3,XRAC - Xray cd rom,Mandatory,L012 - Radiology - Medical Imaging
nom_2618,3,"XRAG - X-Ray, Guide",Mandatory,L012 - Radiology - Medical Imaging
nom_2619,3,XRAY - X-ray unit,Mandatory,EDIM - Diagnostic Imaging equipment
nom_2620,3,XRAY - x-ray unit checklists,Mandatory,IDIM - Diagnostic imaging checklists
nom_2621,3,XRFL - Fluoroscopic x-ray system,Mandatory,EDIM - Diagnostic Imaging equipment
nom_2622,3,XTOY - TOYOTA spare parts (catalogue),Mandatory,TXTO - Spare Parts Toyota
nom_2623,3,XYLE - Xylene,Mandatory,SLAS - Laboratory Reagents
nom_2624,3,YALS - Aluminium sulfate,Mandatory,CWAT - Water And Sanitation
nom_2625,3,YCAH - Calcium hypochlorite (HTH),Mandatory,CWAT - Water And Sanitation
nom_2626,3,YCHN - Chlorine (NADCC),Mandatory,CWAT - Water And Sanitation
nom_2627,3,"YEFB - Yellow Fever, Book",Mandatory,L003 - Viral Infectious Diseases
nom_2628,3,"YEFG - Yellow Fever, Guide",Mandatory,L003 - Viral Infectious Diseases
nom_2629,3,YIDO - Zidovudine (AZT),Mandatory,DINJ - Injectable Drugs
nom_2630,3,YIDO - Zidovudine (AZT),Mandatory,DORA - Oral Drugs
nom_2631,3,YILA - Zidovudine + Lamivudine,Mandatory,DORA - Oral Drugs
nom_2632,3,YINO - Zinc Oxide,Mandatory,DEXT - Drugs External Use
nom_2633,3,YINS - Zinc Sulfate,Mandatory,DORA - Oral Drugs
nom_2634,3,YLIM - Lime,Mandatory,CWAT - Water And Sanitation
nom_2635,3,YODI - Zodiac,Mandatory,TBOA - Boats
nom_2636,3,YYCO - Couplings and others,Mandatory,CWAT - Water And Sanitation
